0x33d19f9e3e3f083ec5c2425401cc53d96e79ac3a.sol,0.4.24,Test123Coin
0x5b63759a10f12c054039cdd5e302e65701d5b483.sol,0.5.4,MasBurner
0x2de050c0378d32d346a437a01a8272343c5e2409.sol,0.4.24,Aggregator
0x8b98df4dff429e64e9a56fc6eebe2380c6c3409c.sol,0.5.7,Token
0x899c22a6b4c538e37612332f276481c016963d3d.sol,0.4.25,ETHConverter
0x6f0f17df020cb9f200c175883b24b4407d18c521.sol,0.5.10,ZTokens_ERC20
0x4922a015c4407f87432b179bb209e125432e4a2a.sol,0.5.2,TetherToken
0xb79f22f23bf76ea745223ea3055a00a0d891a99c.sol,0.6.0,TheScorpionCoin
0x48e687205d3962c43891b8cde5a4fe75fa6c8d7a.sol,0.6.0,AddressWhitelist
0x42defc096a872a6cd9c50c6757422fcfc8ed4882.sol,0.4.24,UFragments
0x848bcb77c97d449312ece071cd999e5f0d30f849.sol,0.4.19,TokenMCT
0x474956cf9fab3f5792d4ab86ad6d59db27748ec2.sol,0.5.0,Lockup
0x2f61457fb685aeae17fccf3941f74783384f3524.sol,0.5.0,Staking
0xa30d1d98c502378ad61fe71bcdc3a808cf60b897.sol,0.5.17,StrategyDForceUSDC
0x411db93818dbd04d6a2bd46b8f4c4bd2e5f2fbc1.sol,0.5.0,PausableToken
0x6722beb864a83cc9c299c854e9c27005c31ddb74.sol,0.4.24,BDToken
0x4cb52705daebc2d68b7dfd48a960bc249c035f9a.sol,0.5.11,ErazerToken
0x9f54a5ec929dec40e600f76252e68595fe91ed20.sol,0.4.25,Simplify
0xa2d9206889b3d79165b9e0ddef97104f176fe610.sol,0.5.8,ShuffleRaffle
0x1176087b46fd1c99f2bb24c40b4be89334566089.sol,0.5.0,SuperSaverZapV2
0x28c3F1aF94D91C02282B4eda131C4Cf0bAd6aE77.sol,0.5.2,MaiProtocol
0x3936ad01cf109a36489d93cabda11cf062fd3d48.sol,0.4.24,UFragments
0x1b144cf7658a6dd0a0c9ca41c53216bb83c4f403.sol,0.5.4,BKRW
0x084da5a9c0e3f086532b98d8568432349b89d9df.sol,0.5.0,FPT
0x60accbD43E9aAd281c1CDe56D3F5ed697B948b22.sol,0.5.9,sproof
0x1CEe89ae9B3E388c48f672926b367f7dF40456a7.sol,0.5.2,MintingPool
0xa2bbff7d7ae42d75174e5ded3db70840b4b6341c.sol,0.5.10,ZTokens_ERC20
0x1c503f1544500c05da80cd326d97342f2b13a732.sol,0.6.0,InstaIndex
0x8f535c21dbb5e7cc175938a1b9f82aebe6ee822f.sol,0.4.26,LiquidTokenConverter
0xb2c5531758bC246A04b26d163baFE1360405A3BB.sol,0.4.24,FtcToken
0xa607c31273b65d9397539ca5e082bd68f7a2e828.sol,0.5.8,PostCoronaProject
0x71e4b8de109428f999391eb3424d2cc87192e8ba.sol,0.5.10,_0x
0x6ffbd6b41b802550c57d4661d81a1700a502f2ab.sol,0.4.18,PoliticoinToken
0x1101c52fc25dc6d2691cec4b06569cef3c83933c.sol,0.5.12,OracleFactory
0x80cea1e10bc05c65e7ef29e24e5808a909122b63.sol,0.4.24,Controller
0xa41b6ef151e06da0e34b009b86e828308986736d.sol,0.5.12,Flopper
0xa0cb77779acde6f668265c791c7123845f11e72f.sol,0.4.25,F_Fever
0x2b7a7afe445a8b83310c424f28c1d0c96a94f7f6.sol,0.5.0,Rhea
0x451f8abd17bd1bf1a4bd343ab41486e571dfa81b.sol,0.5.11,ErazerToken
0x6c2b8d03f2848c546328ba5a6cb0f4189be3b86d.sol,0.4.23,BUZZEX
0x5b296d2eefdcd931570634ab66532a4b732be4a3.sol,0.5.8,Ohmaco
0x21f333fd6e4c63ad826e47fa4249c9fa18a335c1.sol,0.4.24,Aggregator
0x66152a2a538644ae125570de522adeac9e41d865.sol,0.5.10,AugustusSwapper
0x7fa080c0473e1877958e6bdd60e12286eac77cf7.sol,0.4.26,LiquidTokenConverter
0x8bd340320af90df3b66043887a57059bb856da5b.sol,0.5.2,MxnToken
0xa2db8321a92e8b9e29881a24dd0a95a936a572a3.sol,0.5.7,Token
0x6e8d08e21999118fe5baff65b90c0e138907329b.sol,0.5.17,StrategySNXSUSD
0x47bef29a73f5af37ed666f9bda9aae1c554fc163.sol,0.4.24,PLAT
0x23ea10cc1e6ebdb499d24e45369a35f43627062f.sol,0.5.16,Acid
0x62a9df588d15e78153db9ea43bcfaa4a60917284.sol,0.4.19,AceAirdrops
0xb251fe6a1a8c5559b0d532b00775eb39aa433d56.sol,0.5.12,Whitelist
0x61CEAc48136d6782DBD83c09f51E23514D12470a.sol,0.5.0,Subscriptions
0x4fd5b9b5dcc9a5d5931d007ba4ae573e760d9b64.sol,0.5.17,Morality
0x4454af7c8bb9463203b66c816220d41ed7837f44.sol,0.5.12,GemJoin6
0x54a4a1167b004b004520c605e3f01906f683413d.sol,0.4.18,KyberUniswapReserve
0x8be077228F4e8977a2366653a75C0eB3d68D86b3.sol,0.5.10,Collateral
0x3d0121bf70fb50696b5dde384bb8d3d6748d2e63.sol,0.5.17,StrategyCurveYCRV
0x9d5e80044d4bf24f82d21c5ee53b91efa49b7251.sol,0.4.18,EnhancedStepFunctions
0x0fe124A7666F63ba8E0A460c64E3bf739bC259d8.sol,0.6.10,TrueCAD
0x1457ef45c753e2675a409537250b66b3d0cadbad.sol,0.5.7,AGT
0x7de6783f26e024ef2db774a0fd02742b11891d3f.sol,0.5.11,Airdropper
0x0c17fda052f0d0f1530fcecb71525ef607a4d1e2.sol,0.5.0,MetricsFactory
0xac9bb427953ac7fddc562adca86cf42d988047fd.sol,0.5.12,SCATTER
0x93a81964435e570de21b39a986ff66c13550f531.sol,0.5.10,MedianETHRUB
0x36d06ccc92cefd9ec38fe759d957da0b0ecc249f.sol,0.5.10,_0xEthereumToken
0xa3f02a3f299013bf4861a4b4473feadb660bcaf2.sol,0.4.23,BitherumToken
0x9b5C2BE869a19e84BDBcb1386dAD83a2ec8DAe82.sol,0.5.0,StreamProtocol
0x84bc0c6e8314658398679e59c4f3271de71c9278.sol,0.6.0,CompoundSubscriptions
0x0f13c2946b4ee4e185ac0d5fdd4335295d0b08d7.sol,0.5.17,StrategyDForceUSDC
0x18b4633d6e39870f398597f3c1ba8c4a41294966.sol,0.5.10,MedianBATUSD
0x51100bab7012573c208aa67af83b4842faa4cbcc.sol,0.5.17,StrategyCompoundBasic
0x29d9ede1d2fac6fe3b19d6005a81540d094665a5.sol,0.5.2,Blacklist
0x598e88053ce96aefda29040df513228bcf18bf97.sol,0.5.13,Kryptoid
0xb0e8a59334c3654ddcf32d1a3597001bc24c8ede.sol,0.6.2,IdentityRegistry
0x373552F6d1eAAeaDF54dD3B4147275804F2fd34d.sol,0.5.2,Proxy
0x40bd98e3cce4f34c087a73dd3d05558733549afb.sol,0.5.17,StrategyCreamYFI
0xb6cd2fe50428dc273d3cb91e2af8ea7e1aff0467.sol,0.4.23,AMEXY
0x0B082543Ef388d30a54cDF0A68b07422916855f3.sol,0.6.6,EACAggregatorProxy
0x40e36b09ff3eba462be5c86289b16840edde9773.sol,0.4.24,HKExCoin
0x0100e29a8c08fbe5180ffa9190a5487f0f3f50f8.sol,0.4.19,WEBVUA
0x7e21a014dd7effc8c7052f556574c6ef151e1b23.sol,0.5.13,REGISTER
0x338743f30729c237272ef36ee5fe9e0ff1adcf6f.sol,0.5.10,AFX
0x2711128d64e5ea6dc09a5453f4b55811971710e1.sol,0.5.0,oCurveLiquidate
0x72d530016e9e0fc23de6c1f7f487992c879518dc.sol,0.5.10,DEXT
0x8a68277a6345011ed116a4f0931b30c6ba128b7d.sol,0.5.10,MZXTH
0x6d9338356ca5633811ea1316641dda13f2effc12.sol,0.5.10,KittiefightToken
0xb15ee8e74dac2d77f9d1080b32b0f3562954aee9.sol,0.5.17,StrategyCurveYBUSD
0x0bbad30a2c895e6e14f9735dc481fd37da797920.sol,0.6.6,UFragments
0xad54cdfcac45238a5d07bdf6f28e3fc974614a2e.sol,0.5.13,TRANSFER
0x6DCC6577650BBF5B70E9EeE7Cfd1364410867206.sol,0.5.12,AuthereumEnsManager
0x5c94e305998e4be76ba7a1e2d6cf08c84afd3ce8.sol,0.5.0,DOSPayment
0x96f0b742daa1216961f4caf846fea5af60733aeb.sol,0.5.0,CrowdSale
0x40d0e7c3b26ad790f52202d7063fd2c7e6758237.sol,0.6.0,AcexDeFi
0x8fcb1c3f68ef7abe7b25457f35e88658086dc1ad.sol,0.5.17,StrategyYfii
0x951D5D6b66dD4572963e1824980d05a4f61273D8.sol,0.6.0,InstaConnectors
0x07b1f172268e1737c3176b50033dcbd7755284ee.sol,0.5.10,ZTokens_ERC20
0x540834aa7a6f445b9cd960dd52ea41d382898538.sol,0.4.24,Pets
0xb207a28fbda1c0b2f7ae43c4f3eb1fcd5ebaacfc.sol,0.5.0,WithdrawStorage
0x2dCaD61350EC531910Da683d396d92e3aE5E5C8d.sol,0.5.2,ValidatorShare
0x9b4fa5a1d9f6812e2b56b36fbde62736fa82c2a7.sol,0.6.2,Relay
