,0,1,2,3,4,5,6,7
,equal,not equal,M_find_only,SE_find_only,M_more_type,SE_more_type,M_more_vul,SE_more_vul
vul comparison,3555,570,218,122,212,117,336,230
,average time,average # of states,average coverage,,,,,
Mythril(2),450.6196364,13515.70982,77.67273455,,,,,
SmartExecutor,375.7890909,9119.277333,78.16765333,,,,,
, contracts that SmartExecutor has higher coverage with the same or less time,,,,,,,
,target contracts,2495,,,,,,
,total contracts,4125,,,,,,
,percentage,0.604848485,,,,,,
, contracts that SmartExecutor has more vulnerability with the same or less time,,,,,,,
,target contracts,2747,,,,,,
,total contracts,4125,,,,,,
,percentage,0.665939394,,,,,,
,,,,,,,,
,,,,,,,,
,,,,,,,,
,,,,,,,,
,,0.861818182,0.138181818,0.051393939,0.028363636,#DIV/0!,,
