,0,1,2,3,4,5,6,7,8,9,10,11,12,13,14,15,16,17,18,19,20,21,22,23,24,25,26,27,28,29,30,31,32,33,34,35,36,37,38,39,40,41,42,43,44,45,46,47,48,49,50,51,52,53,54,55,56,57,58,59,60,61,62,63,64,65,66,67,68,69,70,71,72,73,74,75,76,77,78,79,80,81,82,83,84,85,86,87,88,89,90,91,92,93,94,95,96,97,98,99,100,101,102
0,0x0100e29a8c08fbe5180ffa9190a5487f0f3f50f8.sol,0.4.19,WEBVUA,143,4228,93.24%, Dependence on predictable environment variable :2, Exception State :1,-,-,-,-,-,611,13098,97.43%, Dependence on predictable environment variable :3, Exception State :1,-,-,-,-,-,135,4454,95.50%, Dependence on predictable environment variable :3, Exception State :1,-,-,-,-,-,382,7317,95.60%, Dependence on predictable environment variable :3, Exception State :1,-,-,-,-,-,611,12907,97.08%, Dependence on predictable environment variable :3, Exception State :1,-,-,-,-,-,283,4914,97.33%, Dependence on predictable environment variable :3, Exception State :1,-,-,-,-,-,612,13861,97.43%, Dependence on predictable environment variable :3, Exception State :1,-,-,-,-,-,606,6922,97.33%, Dependence on predictable environment variable :3, Exception State :1,-,-,-,-,-,155,4945,93.24%, Dependence on predictable environment variable :2, Exception State :1,-,-,-,-,-,610,13269,97.43%, Dependence on predictable environment variable :3, Exception State :1,-,-,-,-,-
1,0x07b1f172268e1737c3176b50033dcbd7755284ee.sol,0.5.10,ZTokens_ERC20,608,19592,89.06%, Dependence on predictable environment variable :4, External Call To User-Supplied Address :1, Exception State :1,-,-,-,-,607,19521,89.06%, Dependence on predictable environment variable :4, External Call To User-Supplied Address :1, Exception State :1,-,-,-,-,607,19521,89.06%, Dependence on predictable environment variable :4, External Call To User-Supplied Address :1, Exception State :1,-,-,-,-,607,19323,89.06%, Dependence on predictable environment variable :4, External Call To User-Supplied Address :1, Exception State :1,-,-,-,-,608,19305,89.06%, Dependence on predictable environment variable :4, External Call To User-Supplied Address :1, Exception State :1,-,-,-,-,608,19354,89.06%, Dependence on predictable environment variable :4, External Call To User-Supplied Address :1, Exception State :1,-,-,-,-,608,19521,89.06%, Dependence on predictable environment variable :4, External Call To User-Supplied Address :1, Exception State :1,-,-,-,-,608,19797,89.06%, Dependence on predictable environment variable :4, External Call To User-Supplied Address :1, Exception State :1,-,-,-,-,608,19697,89.06%, Dependence on predictable environment variable :4, External Call To User-Supplied Address :1, Exception State :1,-,-,-,-,608,19764,89.06%, Dependence on predictable environment variable :4, External Call To User-Supplied Address :1, Exception State :1,-,-,-,-
2,0x084da5a9c0e3f086532b98d8568432349b89d9df.sol,0.5.0,FPT,607,15039,92.16%, Exception State :1,-,-,-,-,-,-,607,15068,92.16%, Exception State :1,-,-,-,-,-,-,608,15036,92.16%, Exception State :1,-,-,-,-,-,-,608,15065,92.50%, Exception State :1,-,-,-,-,-,-,608,15084,92.16%, Exception State :1,-,-,-,-,-,-,608,14209,93.34%, Exception State :1,-,-,-,-,-,-,607,15068,90.28%, Exception State :1,-,-,-,-,-,-,609,12775,93.34%, Exception State :1,-,-,-,-,-,-,609,13440,93.34%, Exception State :1,-,-,-,-,-,-,607,14985,92.50%, Exception State :1,-,-,-,-,-,-
3,0x0B082543Ef388d30a54cDF0A68b07422916855f3.sol,0.6.6,EACAggregatorProxy,182,10565,75.79%,-,-,-,-,-,-,-,172,10375,75.79%,-,-,-,-,-,-,-,149,10375,75.79%,-,-,-,-,-,-,-,152,10375,75.79%,-,-,-,-,-,-,-,180,10375,75.79%,-,-,-,-,-,-,-,149,10375,75.79%,-,-,-,-,-,-,-,155,10375,75.79%,-,-,-,-,-,-,-,187,10375,75.79%,-,-,-,-,-,-,-,174,10375,75.79%,-,-,-,-,-,-,-,182,10375,75.79%,-,-,-,-,-,-,-
4,0x0bbad30a2c895e6e14f9735dc481fd37da797920.sol,0.6.6,UFragments,210,8514,86.76%,-,-,-,-,-,-,-,177,8478,86.76%,-,-,-,-,-,-,-,214,8569,86.76%,-,-,-,-,-,-,-,213,8569,86.76%,-,-,-,-,-,-,-,212,8569,86.76%,-,-,-,-,-,-,-,217,8569,86.76%,-,-,-,-,-,-,-,210,8569,86.76%,-,-,-,-,-,-,-,198,8569,86.76%,-,-,-,-,-,-,-,199,8569,86.76%,-,-,-,-,-,-,-,201,8497,86.76%,-,-,-,-,-,-,-
5,0x0c17fda052f0d0f1530fcecb71525ef607a4d1e2.sol,0.5.0,MetricsFactory,101,6981,1.10%, Multiple Calls in a Single Transaction :2,-,-,-,-,-,-,100,6981,1.10%, Multiple Calls in a Single Transaction :2,-,-,-,-,-,-,103,6981,1.10%, Multiple Calls in a Single Transaction :2,-,-,-,-,-,-,100,6981,1.10%, Multiple Calls in a Single Transaction :2,-,-,-,-,-,-,102,6981,1.10%, Multiple Calls in a Single Transaction :2,-,-,-,-,-,-,107,6981,1.10%, Multiple Calls in a Single Transaction :2,-,-,-,-,-,-,99,6981,1.10%, Multiple Calls in a Single Transaction :2,-,-,-,-,-,-,99,6981,1.10%, Multiple Calls in a Single Transaction :2,-,-,-,-,-,-,101,6981,1.10%, Multiple Calls in a Single Transaction :2,-,-,-,-,-,-,98,6981,1.10%, Multiple Calls in a Single Transaction :2,-,-,-,-,-,-
6,0x0f13c2946b4ee4e185ac0d5fdd4335295d0b08d7.sol,0.5.17,StrategyDForceUSDC,606,19753,66.37%,-,-,-,-,-,-,-,607,19142,66.37%,-,-,-,-,-,-,-,608,19235,66.37%,-,-,-,-,-,-,-,607,20965,66.37%,-,-,-,-,-,-,-,607,20340,66.37%,-,-,-,-,-,-,-,606,20346,66.37%,-,-,-,-,-,-,-,607,19613,66.37%,-,-,-,-,-,-,-,608,19602,65.74%,-,-,-,-,-,-,-,608,18951,66.37%,-,-,-,-,-,-,-,607,20277,66.37%,-,-,-,-,-,-,-
7,0x0fe124A7666F63ba8E0A460c64E3bf739bC259d8.sol,0.6.10,TrueCAD,429,10217,81.70%, External Call To User-Supplied Address :1, Multiple Calls in a Single Transaction :1,-,-,-,-,-,430,10293,81.70%, External Call To User-Supplied Address :1, Multiple Calls in a Single Transaction :1,-,-,-,-,-,452,10282,81.70%, External Call To User-Supplied Address :1, Multiple Calls in a Single Transaction :1,-,-,-,-,-,431,10271,81.70%, External Call To User-Supplied Address :1, Multiple Calls in a Single Transaction :1,-,-,-,-,-,440,10275,81.70%, External Call To User-Supplied Address :1, Multiple Calls in a Single Transaction :1,-,-,-,-,-,465,10268,81.70%, External Call To User-Supplied Address :1, Multiple Calls in a Single Transaction :1,-,-,-,-,-,521,10495,81.70%, External Call To User-Supplied Address :1, Multiple Calls in a Single Transaction :1,-,-,-,-,-,1537,-,-,-,-,-,-,-,-,-,410,10192,81.70%, External Call To User-Supplied Address :1, Multiple Calls in a Single Transaction :1,-,-,-,-,-,442,10241,81.70%, External Call To User-Supplied Address :1, Multiple Calls in a Single Transaction :1,-,-,-,-,-
8,0x1101c52fc25dc6d2691cec4b06569cef3c83933c.sol,0.5.12,OracleFactory,609,9833,37.92%, External Call To User-Supplied Address :11, Multiple Calls in a Single Transaction :3,-,-,-,-,-,609,9833,37.92%, External Call To User-Supplied Address :11, Multiple Calls in a Single Transaction :3,-,-,-,-,-,609,9818,37.92%, External Call To User-Supplied Address :11, Multiple Calls in a Single Transaction :3,-,-,-,-,-,609,9833,37.92%, External Call To User-Supplied Address :11, Multiple Calls in a Single Transaction :3,-,-,-,-,-,608,9762,37.92%, External Call To User-Supplied Address :11, Multiple Calls in a Single Transaction :3,-,-,-,-,-,609,9745,37.92%, External Call To User-Supplied Address :11, Multiple Calls in a Single Transaction :3,-,-,-,-,-,609,9833,37.92%, External Call To User-Supplied Address :11, Multiple Calls in a Single Transaction :3,-,-,-,-,-,610,9745,37.92%, External Call To User-Supplied Address :11, Multiple Calls in a Single Transaction :3,-,-,-,-,-,611,9499,37.92%, External Call To User-Supplied Address :11, Multiple Calls in a Single Transaction :3,-,-,-,-,-,609,9652,37.92%, External Call To User-Supplied Address :11, Multiple Calls in a Single Transaction :3,-,-,-,-,-
9,0x1176087b46fd1c99f2bb24c40b4be89334566089.sol,0.5.0,SuperSaverZapV2,605,6656,72.29%, Unprotected Ether Withdrawal :1,-,-,-,-,-,-,605,6695,68.65%, Unprotected Ether Withdrawal :1,-,-,-,-,-,-,605,6566,69.12%, Unprotected Ether Withdrawal :1,-,-,-,-,-,-,604,6519,74.76%, Unprotected Ether Withdrawal :1,-,-,-,-,-,-,604,6873,68.65%, Unprotected Ether Withdrawal :1,-,-,-,-,-,-,605,6580,69.12%, Unprotected Ether Withdrawal :1,-,-,-,-,-,-,606,6583,68.65%, Unprotected Ether Withdrawal :1,-,-,-,-,-,-,606,6378,69.12%, Unprotected Ether Withdrawal :1,-,-,-,-,-,-,605,6701,72.29%, Unprotected Ether Withdrawal :1,-,-,-,-,-,-,606,6419,68.65%, Unprotected Ether Withdrawal :1,-,-,-,-,-,-
10,0x1457ef45c753e2675a409537250b66b3d0cadbad.sol,0.5.7,AGT,606,13969,94.58%,-,-,-,-,-,-,-,606,14244,94.58%,-,-,-,-,-,-,-,606,14295,94.58%,-,-,-,-,-,-,-,606,14160,94.58%,-,-,-,-,-,-,-,607,14284,94.58%,-,-,-,-,-,-,-,606,14254,94.58%,-,-,-,-,-,-,-,606,14140,94.58%,-,-,-,-,-,-,-,606,13983,94.58%,-,-,-,-,-,-,-,1563,-,-,-,-,-,-,-,-,-,606,14329,94.58%,-,-,-,-,-,-,-
11,0x18b4633d6e39870f398597f3c1ba8c4a41294966.sol,0.5.10,MedianBATUSD,607,10384,89.95%, Exception State :4,-,-,-,-,-,-,607,10106,89.95%, Exception State :4,-,-,-,-,-,-,607,10183,89.95%, Exception State :4,-,-,-,-,-,-,608,10183,89.95%, Exception State :4,-,-,-,-,-,-,607,10106,89.95%, Exception State :4,-,-,-,-,-,-,607,10085,89.95%, Exception State :4,-,-,-,-,-,-,607,10085,89.95%, Exception State :3,-,-,-,-,-,-,607,10367,89.95%, Exception State :3,-,-,-,-,-,-,607,10082,89.95%, Exception State :2,-,-,-,-,-,-,607,10289,89.95%, Exception State :4,-,-,-,-,-,-
12,0x1b144cf7658a6dd0a0c9ca41c53216bb83c4f403.sol,0.5.4,BKRW,607,14401,86.82%, Integer Arithmetic Bugs :3, Exception State :1,-,-,-,-,-,607,14690,86.82%, Integer Arithmetic Bugs :3, Exception State :1,-,-,-,-,-,607,17902,86.82%, Integer Arithmetic Bugs :3, Exception State :1,-,-,-,-,-,606,14343,86.82%, Integer Arithmetic Bugs :3, Exception State :1,-,-,-,-,-,606,14615,86.82%, Integer Arithmetic Bugs :3, Exception State :1,-,-,-,-,-,607,14635,86.82%, Integer Arithmetic Bugs :3, Exception State :1,-,-,-,-,-,607,17796,86.82%, Integer Arithmetic Bugs :3, Exception State :1,-,-,-,-,-,607,17291,86.82%, Integer Arithmetic Bugs :3, Exception State :1,-,-,-,-,-,607,17149,86.82%, Integer Arithmetic Bugs :3, Exception State :1,-,-,-,-,-,608,16962,86.82%, Integer Arithmetic Bugs :3, Exception State :1,-,-,-,-,-
13,0x1c503f1544500c05da80cd326d97342f2b13a732.sol,0.6.0,InstaIndex,607,15707,81.64%, External Call To User-Supplied Address :1, Multiple Calls in a Single Transaction :1,-,-,-,-,-,607,16670,81.47%, External Call To User-Supplied Address :1, Multiple Calls in a Single Transaction :1,-,-,-,-,-,607,16326,81.64%, External Call To User-Supplied Address :1, Multiple Calls in a Single Transaction :1,-,-,-,-,-,607,16752,81.47%, External Call To User-Supplied Address :1, Multiple Calls in a Single Transaction :1,-,-,-,-,-,606,15989,81.47%, External Call To User-Supplied Address :1, Multiple Calls in a Single Transaction :1,-,-,-,-,-,607,15707,81.64%, External Call To User-Supplied Address :1, Multiple Calls in a Single Transaction :1,-,-,-,-,-,606,15300,81.64%, External Call To User-Supplied Address :1, Multiple Calls in a Single Transaction :1,-,-,-,-,-,606,15337,81.64%, External Call To User-Supplied Address :1, Multiple Calls in a Single Transaction :1,-,-,-,-,-,606,16399,81.47%, External Call To User-Supplied Address :1, Multiple Calls in a Single Transaction :1,-,-,-,-,-,607,15347,81.64%, External Call To User-Supplied Address :1, Multiple Calls in a Single Transaction :1,-,-,-,-,-
14,0x1CEe89ae9B3E388c48f672926b367f7dF40456a7.sol,0.5.2,MintingPool,395,17101,66.27%, External Call To User-Supplied Address :1, Multiple Calls in a Single Transaction :2, Exception State :1,-,-,-,-,354,12787,66.27%, External Call To User-Supplied Address :1, Multiple Calls in a Single Transaction :2, Exception State :1,-,-,-,-,355,12787,66.27%, External Call To User-Supplied Address :1, Multiple Calls in a Single Transaction :2, Exception State :1,-,-,-,-,366,12787,66.27%, External Call To User-Supplied Address :1, Multiple Calls in a Single Transaction :2, Exception State :1,-,-,-,-,369,12787,66.27%, External Call To User-Supplied Address :1, Multiple Calls in a Single Transaction :2, Exception State :1,-,-,-,-,352,12787,66.27%, External Call To User-Supplied Address :1, Multiple Calls in a Single Transaction :2, Exception State :1,-,-,-,-,348,12787,66.27%, External Call To User-Supplied Address :1, Multiple Calls in a Single Transaction :2, Exception State :1,-,-,-,-,373,12787,66.27%, External Call To User-Supplied Address :1, Multiple Calls in a Single Transaction :2, Exception State :1,-,-,-,-,368,12787,66.27%, External Call To User-Supplied Address :1, Multiple Calls in a Single Transaction :2, Exception State :1,-,-,-,-,354,12787,66.27%, External Call To User-Supplied Address :1, Multiple Calls in a Single Transaction :2, Exception State :1,-,-,-,-
15,0x21f333fd6e4c63ad826e47fa4249c9fa18a335c1.sol,0.4.24,Aggregator,610,21081,63.71%,-,-,-,-,-,-,-,609,19935,63.71%,-,-,-,-,-,-,-,504,16782,63.71%,-,-,-,-,-,-,-,609,20027,63.71%,-,-,-,-,-,-,-,418,14040,63.71%,-,-,-,-,-,-,-,609,16973,62.23%,-,-,-,-,-,-,-,604,18309,63.71%,-,-,-,-,-,-,-,608,20371,63.71%,-,-,-,-,-,-,-,609,17793,62.23%,-,-,-,-,-,-,-,609,17264,62.23%,-,-,-,-,-,-,-
16,0x23ea10cc1e6ebdb499d24e45369a35f43627062f.sol,0.5.16,Acid,219,2939,89.76%,-,-,-,-,-,-,-,213,2939,89.76%,-,-,-,-,-,-,-,604,5053,92.87%,-,-,-,-,-,-,-,208,2939,89.76%,-,-,-,-,-,-,-,207,2939,89.76%,-,-,-,-,-,-,-,215,2939,89.76%,-,-,-,-,-,-,-,605,5123,92.87%,-,-,-,-,-,-,-,215,2939,89.76%,-,-,-,-,-,-,-,213,2939,89.76%,-,-,-,-,-,-,-,215,2939,89.76%,-,-,-,-,-,-,-
17,0x2711128d64e5ea6dc09a5453f4b55811971710e1.sol,0.5.0,oCurveLiquidate,463,14276,83.37%,-,-,-,-,-,-,-,493,15198,83.37%,-,-,-,-,-,-,-,470,15198,83.37%,-,-,-,-,-,-,-,466,15198,83.37%,-,-,-,-,-,-,-,464,15198,83.37%,-,-,-,-,-,-,-,328,13280,83.37%,-,-,-,-,-,-,-,454,15198,83.37%,-,-,-,-,-,-,-,446,15198,83.37%,-,-,-,-,-,-,-,428,15198,83.37%,-,-,-,-,-,-,-,487,15198,83.37%,-,-,-,-,-,-,-
18,0x28c3F1aF94D91C02282B4eda131C4Cf0bAd6aE77.sol,0.5.2,MaiProtocol,322,13973,30.83%,-,-,-,-,-,-,-,333,14284,30.83%,-,-,-,-,-,-,-,335,14270,30.83%,-,-,-,-,-,-,-,357,15120,30.83%,-,-,-,-,-,-,-,327,14270,30.83%,-,-,-,-,-,-,-,323,14037,30.83%,-,-,-,-,-,-,-,338,14284,30.83%,-,-,-,-,-,-,-,381,15409,30.83%,-,-,-,-,-,-,-,377,15409,30.83%,-,-,-,-,-,-,-,327,14037,30.83%,-,-,-,-,-,-,-
19,0x29d9ede1d2fac6fe3b19d6005a81540d094665a5.sol,0.5.2,Blacklist,53,3387,99.48%,-,-,-,-,-,-,-,24,2002,93.09%,-,-,-,-,-,-,-,23,2002,93.09%,-,-,-,-,-,-,-,24,2002,93.09%,-,-,-,-,-,-,-,24,2002,93.09%,-,-,-,-,-,-,-,24,2002,93.09%,-,-,-,-,-,-,-,24,2002,93.09%,-,-,-,-,-,-,-,23,2002,93.09%,-,-,-,-,-,-,-,23,2002,93.09%,-,-,-,-,-,-,-,24,2002,93.09%,-,-,-,-,-,-,-
20,0x2b7a7afe445a8b83310c424f28c1d0c96a94f7f6.sol,0.5.0,Rhea,609,13976,93.34%, Exception State :1,-,-,-,-,-,-,607,15068,92.16%, Exception State :1,-,-,-,-,-,-,607,14938,93.34%, Exception State :1,-,-,-,-,-,-,606,14910,93.34%, Exception State :1,-,-,-,-,-,-,610,14791,93.34%, Exception State :1,-,-,-,-,-,-,608,14791,93.34%, Exception State :1,-,-,-,-,-,-,607,14814,93.34%, Exception State :1,-,-,-,-,-,-,607,15039,92.16%, Exception State :1,-,-,-,-,-,-,609,13708,93.34%, Exception State :1,-,-,-,-,-,-,607,14470,93.34%, Exception State :1,-,-,-,-,-,-
21,0x2dCaD61350EC531910Da683d396d92e3aE5E5C8d.sol,0.5.2,ValidatorShare,610,15211,64.54%, External Call To User-Supplied Address :1, Multiple Calls in a Single Transaction :1, State access after external call :2, Exception State :1,-,-,-,609,16995,64.54%, External Call To User-Supplied Address :1, Multiple Calls in a Single Transaction :1, State access after external call :2, Exception State :1,-,-,-,609,15802,64.54%, External Call To User-Supplied Address :1, Multiple Calls in a Single Transaction :1, State access after external call :2, Exception State :1,-,-,-,609,16380,64.54%, External Call To User-Supplied Address :1, Multiple Calls in a Single Transaction :1, State access after external call :2, Exception State :1,-,-,-,609,14862,64.54%, External Call To User-Supplied Address :1, Multiple Calls in a Single Transaction :1, State access after external call :2, Exception State :1,-,-,-,609,16456,64.54%, External Call To User-Supplied Address :1, Multiple Calls in a Single Transaction :1, State access after external call :2, Exception State :1,-,-,-,610,16484,64.54%, External Call To User-Supplied Address :1, Multiple Calls in a Single Transaction :1, State access after external call :2, Exception State :1,-,-,-,610,16961,64.67%, External Call To User-Supplied Address :1, Multiple Calls in a Single Transaction :1, State access after external call :2, Exception State :1,-,-,-,610,16197,64.54%, External Call To User-Supplied Address :1, Multiple Calls in a Single Transaction :1, State access after external call :2, Exception State :1,-,-,-,610,17055,64.54%, External Call To User-Supplied Address :1, Multiple Calls in a Single Transaction :1, State access after external call :2, Exception State :1,-,-,-
22,0x2de050c0378d32d346a437a01a8272343c5e2409.sol,0.4.24,Aggregator,610,21221,63.71%,-,-,-,-,-,-,-,609,16050,62.23%,-,-,-,-,-,-,-,609,20202,63.71%,-,-,-,-,-,-,-,609,16674,62.23%,-,-,-,-,-,-,-,612,17064,62.23%,-,-,-,-,-,-,-,612,16480,62.23%,-,-,-,-,-,-,-,609,18884,63.71%,-,-,-,-,-,-,-,609,16691,62.23%,-,-,-,-,-,-,-,608,15233,62.23%,-,-,-,-,-,-,-,610,16708,62.23%,-,-,-,-,-,-,-
23,0x2f61457fb685aeae17fccf3941f74783384f3524.sol,0.5.0,Staking,609,7762,43.99%, Dependence on predictable environment variable :3, Exception State :1,-,-,-,-,-,609,7701,43.92%, Dependence on predictable environment variable :3, Exception State :1,-,-,-,-,-,609,8391,47.69%, Dependence on predictable environment variable :3, Exception State :1,-,-,-,-,-,609,8068,45.10%, Dependence on predictable environment variable :3, Exception State :1,-,-,-,-,-,608,7761,44.05%, Dependence on predictable environment variable :3, Exception State :1,-,-,-,-,-,609,7966,44.82%, Dependence on predictable environment variable :3, Exception State :1,-,-,-,-,-,611,7750,43.92%, Dependence on predictable environment variable :3, Exception State :1,-,-,-,-,-,609,7922,45.10%, Dependence on predictable environment variable :3, Exception State :1,-,-,-,-,-,608,8365,47.65%, Dependence on predictable environment variable :3, Exception State :1,-,-,-,-,-,611,7720,44.18%, Dependence on predictable environment variable :3, Exception State :1,-,-,-,-,-
24,0x338743f30729c237272ef36ee5fe9e0ff1adcf6f.sol,0.5.10,AFX,608,17619,89.28%, Dependence on predictable environment variable :4, External Call To User-Supplied Address :1, Exception State :1,-,-,-,-,609,18197,89.28%, Dependence on predictable environment variable :4, External Call To User-Supplied Address :1, Exception State :1,-,-,-,-,608,18522,89.28%, Dependence on predictable environment variable :4, External Call To User-Supplied Address :1, Exception State :1,-,-,-,-,608,18265,89.28%, Dependence on predictable environment variable :4, External Call To User-Supplied Address :1, Exception State :1,-,-,-,-,608,17476,89.28%, Dependence on predictable environment variable :4, External Call To User-Supplied Address :1, Exception State :1,-,-,-,-,609,18329,89.28%, Dependence on predictable environment variable :4, External Call To User-Supplied Address :1, Exception State :1,-,-,-,-,608,18461,89.28%, Dependence on predictable environment variable :4, External Call To User-Supplied Address :1, Exception State :1,-,-,-,-,607,18605,89.28%, Dependence on predictable environment variable :4, External Call To User-Supplied Address :1, Exception State :1,-,-,-,-,607,18654,89.28%, Dependence on predictable environment variable :4, External Call To User-Supplied Address :1, Exception State :1,-,-,-,-,607,17868,89.28%, Dependence on predictable environment variable :4, External Call To User-Supplied Address :1, Exception State :1,-,-,-,-
25,0x33d19f9e3e3f083ec5c2425401cc53d96e79ac3a.sol,0.4.24,Test123Coin,458,12670,97.33%,-,-,-,-,-,-,-,454,12670,97.33%,-,-,-,-,-,-,-,450,12462,97.33%,-,-,-,-,-,-,-,473,12670,97.33%,-,-,-,-,-,-,-,459,12876,97.33%,-,-,-,-,-,-,-,450,12670,97.33%,-,-,-,-,-,-,-,472,12670,97.33%,-,-,-,-,-,-,-,506,12754,97.33%,-,-,-,-,-,-,-,475,12670,97.33%,-,-,-,-,-,-,-,452,12462,97.33%,-,-,-,-,-,-,-
26,0x36d06ccc92cefd9ec38fe759d957da0b0ecc249f.sol,0.5.10,_0xEthereumToken,607,19691,88.96%, Dependence on predictable environment variable :4, External Call To User-Supplied Address :1, Exception State :1,-,-,-,-,608,19647,88.96%, Dependence on predictable environment variable :4, External Call To User-Supplied Address :1, Exception State :1,-,-,-,-,608,19586,88.96%, Dependence on predictable environment variable :4, External Call To User-Supplied Address :1, Exception State :1,-,-,-,-,608,19442,88.96%, Dependence on predictable environment variable :4, External Call To User-Supplied Address :1, Exception State :1,-,-,-,-,608,19586,88.96%, Dependence on predictable environment variable :4, External Call To User-Supplied Address :1, Exception State :1,-,-,-,-,608,19446,88.96%, Dependence on predictable environment variable :4, External Call To User-Supplied Address :1, Exception State :1,-,-,-,-,608,19515,88.96%, Dependence on predictable environment variable :4, External Call To User-Supplied Address :1, Exception State :1,-,-,-,-,608,19348,88.96%, Dependence on predictable environment variable :4, External Call To User-Supplied Address :1, Exception State :1,-,-,-,-,608,19525,88.96%, Dependence on predictable environment variable :4, External Call To User-Supplied Address :1, Exception State :1,-,-,-,-,608,19449,88.96%, Dependence on predictable environment variable :4, External Call To User-Supplied Address :1, Exception State :1,-,-,-,-
27,0x373552F6d1eAAeaDF54dD3B4147275804F2fd34d.sol,0.5.2,Proxy,610,26284,92.96%, External Call To User-Supplied Address :2, Multiple Calls in a Single Transaction :6, Exception State :1,-,-,-,-,516,22766,97.98%, External Call To User-Supplied Address :2, Multiple Calls in a Single Transaction :7, Exception State :1,-,-,-,-,530,22599,97.98%, External Call To User-Supplied Address :2, Multiple Calls in a Single Transaction :7, Exception State :1,-,-,-,-,575,23766,97.91%, External Call To User-Supplied Address :2, Multiple Calls in a Single Transaction :7, Exception State :1,-,-,-,-,580,23830,97.56%, External Call To User-Supplied Address :1, Multiple Calls in a Single Transaction :7, Exception State :1,-,-,-,-,522,23257,97.98%, External Call To User-Supplied Address :2, Multiple Calls in a Single Transaction :7, Exception State :1,-,-,-,-,600,23404,97.56%, External Call To User-Supplied Address :1, Multiple Calls in a Single Transaction :7, Exception State :1,-,-,-,-,494,22410,97.91%, External Call To User-Supplied Address :2, Multiple Calls in a Single Transaction :7, Exception State :1,-,-,-,-,549,23177,98.33%, External Call To User-Supplied Address :3, Multiple Calls in a Single Transaction :7, Exception State :1,-,-,-,-,499,23042,97.56%, External Call To User-Supplied Address :1, Multiple Calls in a Single Transaction :7, Exception State :1,-,-,-,-
28,0x3936ad01cf109a36489d93cabda11cf062fd3d48.sol,0.4.24,UFragments,607,11665,89.67%, Integer Arithmetic Bugs :7,-,-,-,-,-,-,607,11687,90.32%, Integer Arithmetic Bugs :7,-,-,-,-,-,-,608,11687,90.32%, Integer Arithmetic Bugs :7,-,-,-,-,-,-,607,11665,89.67%, Integer Arithmetic Bugs :7,-,-,-,-,-,-,606,11646,89.67%, Integer Arithmetic Bugs :7,-,-,-,-,-,-,607,11762,90.69%, Integer Arithmetic Bugs :7,-,-,-,-,-,-,607,11646,89.67%, Integer Arithmetic Bugs :7,-,-,-,-,-,-,607,11665,89.67%, Integer Arithmetic Bugs :7,-,-,-,-,-,-,607,11646,89.67%, Integer Arithmetic Bugs :7,-,-,-,-,-,-,607,11665,89.67%, Integer Arithmetic Bugs :7,-,-,-,-,-,-
29,0x3d0121bf70fb50696b5dde384bb8d3d6748d2e63.sol,0.5.17,StrategyCurveYCRV,607,12551,76.74%,-,-,-,-,-,-,-,606,11862,76.74%,-,-,-,-,-,-,-,606,12430,76.74%,-,-,-,-,-,-,-,606,12064,76.74%,-,-,-,-,-,-,-,606,11994,76.74%,-,-,-,-,-,-,-,607,11815,76.16%,-,-,-,-,-,-,-,606,12031,76.74%,-,-,-,-,-,-,-,608,10985,76.74%,-,-,-,-,-,-,-,608,12076,76.74%,-,-,-,-,-,-,-,607,12425,76.74%,-,-,-,-,-,-,-
30,0x40bd98e3cce4f34c087a73dd3d05558733549afb.sol,0.5.17,StrategyCreamYFI,608,16665,70.61%,-,-,-,-,-,-,-,606,16574,68.73%,-,-,-,-,-,-,-,606,16391,68.73%,-,-,-,-,-,-,-,605,14490,68.73%,-,-,-,-,-,-,-,606,14951,70.57%,-,-,-,-,-,-,-,608,18438,68.73%,-,-,-,-,-,-,-,606,15987,69.82%,-,-,-,-,-,-,-,608,18216,67.93%,-,-,-,-,-,-,-,607,17441,71.72%,-,-,-,-,-,-,-,607,17392,68.59%,-,-,-,-,-,-,-
31,0x40d0e7c3b26ad790f52202d7063fd2c7e6758237.sol,0.6.0,AcexDeFi,610,17120,71.88%, Dependence on predictable environment variable :3, Unprotected Ether Withdrawal :1, Exception State :4,-,-,-,-,606,14290,70.97%, Dependence on predictable environment variable :2, State access after external call :6, Unprotected Ether Withdrawal :1, Exception State :4,-,-,-,139,9826,52.30%, Unprotected Ether Withdrawal :1, Exception State :4,-,-,-,-,-,142,9826,52.30%, Unprotected Ether Withdrawal :1, Exception State :4,-,-,-,-,-,135,9826,52.30%, Unprotected Ether Withdrawal :1, Exception State :4,-,-,-,-,-,606,14256,70.97%, Dependence on predictable environment variable :2, State access after external call :6, Unprotected Ether Withdrawal :1, Exception State :4,-,-,-,144,9826,52.30%, Unprotected Ether Withdrawal :1, Exception State :4,-,-,-,-,-,134,9826,52.30%, Unprotected Ether Withdrawal :1, Exception State :4,-,-,-,-,-,135,9826,52.30%, Unprotected Ether Withdrawal :1, Exception State :4,-,-,-,-,-,141,9826,52.30%, Unprotected Ether Withdrawal :1, Exception State :4,-,-,-,-,-
32,0x40e36b09ff3eba462be5c86289b16840edde9773.sol,0.4.24,HKExCoin,606,10323,74.13%, Exception State :1,-,-,-,-,-,-,607,10311,75.81%, Exception State :1,-,-,-,-,-,-,607,10165,73.38%, Exception State :1,-,-,-,-,-,-,607,10311,75.81%, Exception State :1,-,-,-,-,-,-,606,10678,75.81%, Exception State :1,-,-,-,-,-,-,607,10391,75.81%, Exception State :1,-,-,-,-,-,-,606,10427,75.81%, Exception State :1,-,-,-,-,-,-,607,10423,75.81%, Exception State :1,-,-,-,-,-,-,606,10343,74.13%, Exception State :1,-,-,-,-,-,-,606,10616,75.81%, Exception State :1,-,-,-,-,-,-
33,0x411db93818dbd04d6a2bd46b8f4c4bd2e5f2fbc1.sol,0.5.0,PausableToken,607,19051,93.49%,-,-,-,-,-,-,-,607,19233,93.49%,-,-,-,-,-,-,-,608,18976,93.49%,-,-,-,-,-,-,-,608,19194,93.49%,-,-,-,-,-,-,-,608,19143,93.49%,-,-,-,-,-,-,-,607,19183,93.49%,-,-,-,-,-,-,-,607,19037,93.49%,-,-,-,-,-,-,-,608,19105,93.49%,-,-,-,-,-,-,-,607,19216,93.49%,-,-,-,-,-,-,-,608,19172,93.49%,-,-,-,-,-,-,-
34,0x42defc096a872a6cd9c50c6757422fcfc8ed4882.sol,0.4.24,UFragments,607,11639,88.39%, Integer Arithmetic Bugs :7,-,-,-,-,-,-,607,11639,88.39%, Integer Arithmetic Bugs :7,-,-,-,-,-,-,607,11639,88.39%, Integer Arithmetic Bugs :7,-,-,-,-,-,-,607,11658,88.39%, Integer Arithmetic Bugs :7,-,-,-,-,-,-,607,11639,88.39%, Integer Arithmetic Bugs :7,-,-,-,-,-,-,607,11639,88.39%, Integer Arithmetic Bugs :7,-,-,-,-,-,-,606,11667,88.59%, Integer Arithmetic Bugs :7,-,-,-,-,-,-,606,11639,88.39%, Integer Arithmetic Bugs :7,-,-,-,-,-,-,606,11699,89.04%, Integer Arithmetic Bugs :7,-,-,-,-,-,-,607,11658,88.39%, Integer Arithmetic Bugs :7,-,-,-,-,-,-
35,0x4454af7c8bb9463203b66c816220d41ed7837f44.sol,0.5.12,GemJoin6,508,14235,94.72%,-,-,-,-,-,-,-,166,6835,94.72%,-,-,-,-,-,-,-,207,7667,94.72%,-,-,-,-,-,-,-,362,9205,94.72%,-,-,-,-,-,-,-,356,9621,94.72%,-,-,-,-,-,-,-,202,7251,94.72%,-,-,-,-,-,-,-,199,7251,94.72%,-,-,-,-,-,-,-,375,9621,94.72%,-,-,-,-,-,-,-,161,6835,94.72%,-,-,-,-,-,-,-,214,7667,94.72%,-,-,-,-,-,-,-
36,0x451f8abd17bd1bf1a4bd343ab41486e571dfa81b.sol,0.5.11,ErazerToken,607,18011,95.43%,-,-,-,-,-,-,-,607,17724,95.43%,-,-,-,-,-,-,-,607,18081,95.43%,-,-,-,-,-,-,-,608,17375,95.43%,-,-,-,-,-,-,-,607,17879,95.43%,-,-,-,-,-,-,-,607,17879,95.43%,-,-,-,-,-,-,-,607,17879,95.43%,-,-,-,-,-,-,-,607,17796,95.43%,-,-,-,-,-,-,-,607,17081,95.43%,-,-,-,-,-,-,-,607,17313,95.43%,-,-,-,-,-,-,-
37,0x474956cf9fab3f5792d4ab86ad6d59db27748ec2.sol,0.5.0,Lockup,615,24570,0.92%, Multiple Calls in a Single Transaction :1,-,-,-,-,-,-,615,24404,0.92%, Multiple Calls in a Single Transaction :1,-,-,-,-,-,-,616,24538,0.92%, Multiple Calls in a Single Transaction :1,-,-,-,-,-,-,614,24631,0.92%, Multiple Calls in a Single Transaction :1,-,-,-,-,-,-,616,24353,0.92%, Multiple Calls in a Single Transaction :1,-,-,-,-,-,-,615,24226,0.92%, Multiple Calls in a Single Transaction :1,-,-,-,-,-,-,615,24575,0.92%, Multiple Calls in a Single Transaction :1,-,-,-,-,-,-,616,24081,0.92%, Multiple Calls in a Single Transaction :1,-,-,-,-,-,-,616,23758,0.92%, Multiple Calls in a Single Transaction :1,-,-,-,-,-,-,617,23886,0.92%, Multiple Calls in a Single Transaction :1,-,-,-,-,-,-
38,0x47bef29a73f5af37ed666f9bda9aae1c554fc163.sol,0.4.24,PLAT,466,20970,96.21%, Dependence on predictable environment variable :3, Exception State :2,-,-,-,-,-,490,21608,96.21%, Dependence on predictable environment variable :3, Exception State :2,-,-,-,-,-,478,21608,96.21%, Dependence on predictable environment variable :3, Exception State :2,-,-,-,-,-,473,21608,96.21%, Dependence on predictable environment variable :3, Exception State :2,-,-,-,-,-,474,21608,96.21%, Dependence on predictable environment variable :3, Exception State :2,-,-,-,-,-,460,21608,96.21%, Dependence on predictable environment variable :3, Exception State :2,-,-,-,-,-,485,21608,96.21%, Dependence on predictable environment variable :3, Exception State :2,-,-,-,-,-,516,21608,96.21%, Dependence on predictable environment variable :3, Exception State :2,-,-,-,-,-,491,21608,96.21%, Dependence on predictable environment variable :3, Exception State :2,-,-,-,-,-,485,21608,96.21%, Dependence on predictable environment variable :3, Exception State :2,-,-,-,-,-
39,0x48e687205d3962c43891b8cde5a4fe75fa6c8d7a.sol,0.6.0,AddressWhitelist,547,14022,95.59%, Exception State :1,-,-,-,-,-,-,167,8221,95.59%, Exception State :1,-,-,-,-,-,-,170,8362,95.59%, Exception State :1,-,-,-,-,-,-,137,7747,95.59%, Exception State :1,-,-,-,-,-,-,198,9258,95.59%, Exception State :1,-,-,-,-,-,-,148,7776,95.48%, Exception State :1,-,-,-,-,-,-,187,9258,95.59%, Exception State :1,-,-,-,-,-,-,153,8001,95.48%, Exception State :1,-,-,-,-,-,-,164,8182,95.48%, Exception State :1,-,-,-,-,-,-,148,7483,95.48%, Exception State :1,-,-,-,-,-,-
40,0x4922a015c4407f87432b179bb209e125432e4a2a.sol,0.5.2,TetherToken,608,13360,84.05%,-,-,-,-,-,-,-,608,14837,84.05%,-,-,-,-,-,-,-,608,14696,84.05%,-,-,-,-,-,-,-,607,14518,84.10%,-,-,-,-,-,-,-,608,12357,83.13%,-,-,-,-,-,-,-,607,13903,84.05%,-,-,-,-,-,-,-,608,12483,83.62%,-,-,-,-,-,-,-,609,12380,83.13%,-,-,-,-,-,-,-,607,13616,84.05%,-,-,-,-,-,-,-,607,14484,84.10%,-,-,-,-,-,-,-
41,0x4cb52705daebc2d68b7dfd48a960bc249c035f9a.sol,0.5.11,ErazerToken,607,17623,95.67%,-,-,-,-,-,-,-,607,17512,95.67%,-,-,-,-,-,-,-,607,17779,95.67%,-,-,-,-,-,-,-,606,17914,95.67%,-,-,-,-,-,-,-,607,17879,95.67%,-,-,-,-,-,-,-,607,17396,95.67%,-,-,-,-,-,-,-,608,17735,95.67%,-,-,-,-,-,-,-,607,17025,95.67%,-,-,-,-,-,-,-,607,17130,95.67%,-,-,-,-,-,-,-,607,17431,95.67%,-,-,-,-,-,-,-
42,0x4fd5b9b5dcc9a5d5931d007ba4ae573e760d9b64.sol,0.5.17,Morality,609,14470,86.54%,-,-,-,-,-,-,-,609,14449,86.54%,-,-,-,-,-,-,-,611,14937,86.54%,-,-,-,-,-,-,-,610,14501,86.54%,-,-,-,-,-,-,-,610,14501,86.54%,-,-,-,-,-,-,-,611,14957,86.54%,-,-,-,-,-,-,-,610,14423,86.54%,-,-,-,-,-,-,-,610,14520,86.54%,-,-,-,-,-,-,-,610,14378,86.54%,-,-,-,-,-,-,-,609,14343,86.54%,-,-,-,-,-,-,-
43,0x51100bab7012573c208aa67af83b4842faa4cbcc.sol,0.5.17,StrategyCompoundBasic,120,9492,69.79%,-,-,-,-,-,-,-,98,6919,69.79%,-,-,-,-,-,-,-,99,6919,69.79%,-,-,-,-,-,-,-,97,6919,69.79%,-,-,-,-,-,-,-,99,6919,69.79%,-,-,-,-,-,-,-,103,6919,69.79%,-,-,-,-,-,-,-,93,6919,69.79%,-,-,-,-,-,-,-,99,6919,69.79%,-,-,-,-,-,-,-,98,6919,69.79%,-,-,-,-,-,-,-,97,6919,69.79%,-,-,-,-,-,-,-
44,0x540834aa7a6f445b9cd960dd52ea41d382898538.sol,0.4.24,Pets,430,11008,43.74%, Integer Arithmetic Bugs :2, Exception State :1,-,-,-,-,-,428,11008,43.74%, Integer Arithmetic Bugs :2, Exception State :1,-,-,-,-,-,436,11008,43.74%, Integer Arithmetic Bugs :2, Exception State :1,-,-,-,-,-,610,14515,43.74%, Integer Arithmetic Bugs :2, Exception State :1,-,-,-,-,-,422,11008,43.74%, Integer Arithmetic Bugs :2, Exception State :1,-,-,-,-,-,415,11008,43.74%, Integer Arithmetic Bugs :2, Exception State :1,-,-,-,-,-,609,14473,43.74%, Integer Arithmetic Bugs :2, Exception State :1,-,-,-,-,-,413,11008,43.74%, Integer Arithmetic Bugs :2, Exception State :1,-,-,-,-,-,611,14519,43.74%, Integer Arithmetic Bugs :2, Exception State :1,-,-,-,-,-,424,11008,43.74%, Integer Arithmetic Bugs :2, Exception State :1,-,-,-,-,-
45,0x54a4a1167b004b004520c605e3f01906f683413d.sol,0.4.18,KyberUniswapReserve,610,14355,73.81%, Exception State :2, Integer Arithmetic Bugs :4, External Call To User-Supplied Address :6, Multiple Calls in a Single Transaction :2, State access after external call :11,-,-,610,14057,72.45%, Exception State :2, Integer Arithmetic Bugs :4, External Call To User-Supplied Address :6, Multiple Calls in a Single Transaction :2, State access after external call :11,-,-,609,11807,72.35%, Exception State :2, Integer Arithmetic Bugs :4, External Call To User-Supplied Address :5, Multiple Calls in a Single Transaction :2, State access after external call :10,-,-,613,15533,73.75%, Exception State :2, Integer Arithmetic Bugs :4, External Call To User-Supplied Address :5, Multiple Calls in a Single Transaction :2, State access after external call :10,-,-,613,15244,73.81%, Exception State :2, Integer Arithmetic Bugs :4, External Call To User-Supplied Address :6, Multiple Calls in a Single Transaction :2, State access after external call :11,-,-,613,15712,73.75%, Exception State :2, Integer Arithmetic Bugs :4, External Call To User-Supplied Address :5, Multiple Calls in a Single Transaction :2, State access after external call :10,-,-,613,15704,73.70%, Exception State :2, Integer Arithmetic Bugs :4, External Call To User-Supplied Address :5, Multiple Calls in a Single Transaction :2, State access after external call :11,-,-,609,12201,72.45%, Exception State :2, Integer Arithmetic Bugs :4, External Call To User-Supplied Address :6, Multiple Calls in a Single Transaction :2, State access after external call :10,-,-,609,11478,72.35%, Exception State :2, Integer Arithmetic Bugs :4, External Call To User-Supplied Address :5, Multiple Calls in a Single Transaction :2, State access after external call :10,-,-,609,11581,72.35%, Exception State :2, Integer Arithmetic Bugs :4, External Call To User-Supplied Address :5, Multiple Calls in a Single Transaction :2, State access after external call :10,-,-
46,0x598e88053ce96aefda29040df513228bcf18bf97.sol,0.5.13,Kryptoid,608,8718,85.34%,-,-,-,-,-,-,-,607,8784,85.34%,-,-,-,-,-,-,-,606,8876,85.34%,-,-,-,-,-,-,-,607,8766,85.34%,-,-,-,-,-,-,-,608,8736,85.34%,-,-,-,-,-,-,-,607,8802,85.34%,-,-,-,-,-,-,-,607,8872,85.34%,-,-,-,-,-,-,-,607,8778,85.34%,-,-,-,-,-,-,-,609,8660,85.34%,-,-,-,-,-,-,-,608,8696,85.34%,-,-,-,-,-,-,-
47,0x5b296d2eefdcd931570634ab66532a4b732be4a3.sol,0.5.8,Ohmaco,608,15767,85.61%, Integer Arithmetic Bugs :3, Exception State :1,-,-,-,-,-,607,15786,85.86%, Integer Arithmetic Bugs :3, Exception State :1,-,-,-,-,-,608,15805,85.86%, Integer Arithmetic Bugs :3, Exception State :1,-,-,-,-,-,607,15805,85.86%, Integer Arithmetic Bugs :3, Exception State :1,-,-,-,-,-,608,15786,85.86%, Integer Arithmetic Bugs :3, Exception State :1,-,-,-,-,-,608,15824,85.86%, Integer Arithmetic Bugs :3, Exception State :1,-,-,-,-,-,607,15843,85.86%, Integer Arithmetic Bugs :3, Exception State :1,-,-,-,-,-,608,15767,85.61%, Integer Arithmetic Bugs :3, Exception State :1,-,-,-,-,-,607,15843,85.86%, Integer Arithmetic Bugs :3, Exception State :1,-,-,-,-,-,608,15843,85.86%, Integer Arithmetic Bugs :3, Exception State :1,-,-,-,-,-
48,0x5b63759a10f12c054039cdd5e302e65701d5b483.sol,0.5.4,MasBurner,607,10843,93.11%,-,-,-,-,-,-,-,606,10796,93.11%,-,-,-,-,-,-,-,608,10933,93.11%,-,-,-,-,-,-,-,614,11605,92.32%,-,-,-,-,-,-,-,608,11549,91.87%,-,-,-,-,-,-,-,606,11139,93.11%,-,-,-,-,-,-,-,607,10107,93.11%,-,-,-,-,-,-,-,606,11251,91.87%,-,-,-,-,-,-,-,607,11837,93.11%,-,-,-,-,-,-,-,606,10961,93.11%,-,-,-,-,-,-,-
49,0x5c94e305998e4be76ba7a1e2d6cf08c84afd3ce8.sol,0.5.0,DOSPayment,607,15872,67.37%, Multiple Calls in a Single Transaction :1,-,-,-,-,-,-,607,17363,67.37%, Multiple Calls in a Single Transaction :1,-,-,-,-,-,-,607,16221,67.37%, Multiple Calls in a Single Transaction :1,-,-,-,-,-,-,608,17150,67.37%, Multiple Calls in a Single Transaction :1,-,-,-,-,-,-,606,16179,67.37%, Multiple Calls in a Single Transaction :1,-,-,-,-,-,-,607,14552,67.37%, Multiple Calls in a Single Transaction :1,-,-,-,-,-,-,609,16717,67.37%, Multiple Calls in a Single Transaction :1,-,-,-,-,-,-,607,18672,67.37%, Multiple Calls in a Single Transaction :1,-,-,-,-,-,-,607,17729,67.37%, Multiple Calls in a Single Transaction :1,-,-,-,-,-,-,607,18201,67.37%, Multiple Calls in a Single Transaction :1,-,-,-,-,-,-
50,0x60accbD43E9aAd281c1CDe56D3F5ed697B948b22.sol,0.5.9,sproof,605,5482,95.91%, Exception State :5,-,-,-,-,-,-,605,5464,95.91%, Exception State :3,-,-,-,-,-,-,605,5456,95.91%, Exception State :3,-,-,-,-,-,-,605,5464,95.91%, Exception State :3,-,-,-,-,-,-,605,5482,95.91%, Exception State :5,-,-,-,-,-,-,605,5482,95.91%, Exception State :3,-,-,-,-,-,-,605,5482,95.91%, Exception State :4,-,-,-,-,-,-,605,5456,95.91%, Exception State :1,-,-,-,-,-,-,606,5482,95.91%, Exception State :2,-,-,-,-,-,-,605,5482,95.91%, Exception State :5,-,-,-,-,-,-
51,0x61CEAc48136d6782DBD83c09f51E23514D12470a.sol,0.5.0,Subscriptions,610,27280,90.35%, External Call To User-Supplied Address :1, Multiple Calls in a Single Transaction :1, State access after external call :1,-,-,-,-,609,24511,88.21%, External Call To User-Supplied Address :1, Multiple Calls in a Single Transaction :1, State access after external call :1,-,-,-,-,608,20606,88.21%, External Call To User-Supplied Address :1, Multiple Calls in a Single Transaction :1, State access after external call :1,-,-,-,-,608,20556,88.21%, External Call To User-Supplied Address :1, Multiple Calls in a Single Transaction :1, State access after external call :1,-,-,-,-,608,20414,88.21%, External Call To User-Supplied Address :1, Multiple Calls in a Single Transaction :1, State access after external call :1,-,-,-,-,609,24318,88.21%, External Call To User-Supplied Address :1, Multiple Calls in a Single Transaction :1, State access after external call :1,-,-,-,-,608,20062,88.21%, External Call To User-Supplied Address :1, Multiple Calls in a Single Transaction :1, State access after external call :1,-,-,-,-,609,24295,88.21%, External Call To User-Supplied Address :1, Multiple Calls in a Single Transaction :1, State access after external call :1,-,-,-,-,609,24180,88.21%, External Call To User-Supplied Address :1, Multiple Calls in a Single Transaction :1, State access after external call :1,-,-,-,-,608,20389,88.21%, External Call To User-Supplied Address :1, Multiple Calls in a Single Transaction :1, State access after external call :1,-,-,-,-
52,0x62a9df588d15e78153db9ea43bcfaa4a60917284.sol,0.4.19,AceAirdrops,610,8133,74.64%, External Call To User-Supplied Address :2, Integer Arithmetic Bugs :1,-,-,-,-,-,611,8336,75.80%, External Call To User-Supplied Address :2, Integer Arithmetic Bugs :1,-,-,-,-,-,610,8541,76.48%, External Call To User-Supplied Address :2, Integer Arithmetic Bugs :1,-,-,-,-,-,611,8524,76.48%, External Call To User-Supplied Address :2, Integer Arithmetic Bugs :1,-,-,-,-,-,611,8348,75.87%, External Call To User-Supplied Address :2, Integer Arithmetic Bugs :1,-,-,-,-,-,609,8034,74.64%, External Call To User-Supplied Address :2, Integer Arithmetic Bugs :1,-,-,-,-,-,610,8176,74.64%, External Call To User-Supplied Address :2, Integer Arithmetic Bugs :1,-,-,-,-,-,610,8458,76.56%, External Call To User-Supplied Address :2, Integer Arithmetic Bugs :1,-,-,-,-,-,611,8492,76.56%, External Call To User-Supplied Address :2, Integer Arithmetic Bugs :1,-,-,-,-,-,611,8206,74.64%, External Call To User-Supplied Address :2, Integer Arithmetic Bugs :1,-,-,-,-,-
53,0x66152a2a538644ae125570de522adeac9e41d865.sol,0.5.10,AugustusSwapper,612,9102,3.33%,-,-,-,-,-,-,-,613,9140,3.33%,-,-,-,-,-,-,-,613,9140,3.33%,-,-,-,-,-,-,-,611,9048,3.33%,-,-,-,-,-,-,-,612,9077,3.33%,-,-,-,-,-,-,-,611,9048,3.33%,-,-,-,-,-,-,-,611,9077,3.33%,-,-,-,-,-,-,-,611,8887,3.33%,-,-,-,-,-,-,-,609,8759,3.33%,-,-,-,-,-,-,-,611,9048,3.33%,-,-,-,-,-,-,-
54,0x6722beb864a83cc9c299c854e9c27005c31ddb74.sol,0.4.24,BDToken,572,7661,87.59%,-,-,-,-,-,-,-,605,7845,87.59%,-,-,-,-,-,-,-,605,7776,87.59%,-,-,-,-,-,-,-,604,7892,87.59%,-,-,-,-,-,-,-,605,7986,87.59%,-,-,-,-,-,-,-,605,7892,87.59%,-,-,-,-,-,-,-,605,7973,87.59%,-,-,-,-,-,-,-,605,7701,87.59%,-,-,-,-,-,-,-,604,7845,87.59%,-,-,-,-,-,-,-,605,7776,87.59%,-,-,-,-,-,-,-
55,0x6c2b8d03f2848c546328ba5a6cb0f4189be3b86d.sol,0.4.23,BUZZEX,606,10281,90.12%, Unprotected Ether Withdrawal :1,-,-,-,-,-,-,607,9532,91.02%, Unprotected Ether Withdrawal :1,-,-,-,-,-,-,607,9670,89.41%, Unprotected Ether Withdrawal :1,-,-,-,-,-,-,606,9720,90.99%, Unprotected Ether Withdrawal :1,-,-,-,-,-,-,605,10704,90.09%, Unprotected Ether Withdrawal :1,-,-,-,-,-,-,606,11440,89.38%, Unprotected Ether Withdrawal :1,-,-,-,-,-,-,606,9594,89.72%, Unprotected Ether Withdrawal :1,-,-,-,-,-,-,606,9551,90.99%, Unprotected Ether Withdrawal :1,-,-,-,-,-,-,606,9727,90.62%, Unprotected Ether Withdrawal :1,-,-,-,-,-,-,605,9779,89.72%, Unprotected Ether Withdrawal :1,-,-,-,-,-,-
56,0x6d9338356ca5633811ea1316641dda13f2effc12.sol,0.5.10,KittiefightToken,371,12057,97.98%,-,-,-,-,-,-,-,606,13405,97.29%,-,-,-,-,-,-,-,606,13362,97.29%,-,-,-,-,-,-,-,606,12076,97.29%,-,-,-,-,-,-,-,606,12189,97.29%,-,-,-,-,-,-,-,606,13272,97.29%,-,-,-,-,-,-,-,606,12762,97.29%,-,-,-,-,-,-,-,606,12701,97.29%,-,-,-,-,-,-,-,606,13356,97.29%,-,-,-,-,-,-,-,606,13635,97.29%,-,-,-,-,-,-,-
57,0x6DCC6577650BBF5B70E9EeE7Cfd1364410867206.sol,0.5.12,AuthereumEnsManager,325,13725,65.97%,-,-,-,-,-,-,-,369,14200,65.97%,-,-,-,-,-,-,-,352,14200,65.97%,-,-,-,-,-,-,-,359,14200,65.97%,-,-,-,-,-,-,-,351,14200,65.97%,-,-,-,-,-,-,-,363,14200,65.97%,-,-,-,-,-,-,-,345,14200,65.97%,-,-,-,-,-,-,-,316,14200,65.97%,-,-,-,-,-,-,-,345,14200,65.97%,-,-,-,-,-,-,-,330,14200,65.97%,-,-,-,-,-,-,-
58,0x6e8d08e21999118fe5baff65b90c0e138907329b.sol,0.5.17,StrategySNXSUSD,319,23740,60.77%,-,-,-,-,-,-,-,398,18832,60.85%,-,-,-,-,-,-,-,272,18353,60.77%,-,-,-,-,-,-,-,312,18558,61.41%,-,-,-,-,-,-,-,278,18353,60.77%,-,-,-,-,-,-,-,313,18558,61.41%,-,-,-,-,-,-,-,270,18353,60.77%,-,-,-,-,-,-,-,395,18832,60.85%,-,-,-,-,-,-,-,292,18405,60.85%,-,-,-,-,-,-,-,321,18470,60.85%,-,-,-,-,-,-,-
59,0x6f0f17df020cb9f200c175883b24b4407d18c521.sol,0.5.10,ZTokens_ERC20,608,18813,89.04%, Dependence on predictable environment variable :4, External Call To User-Supplied Address :1, Exception State :1,-,-,-,-,608,19272,89.04%, Dependence on predictable environment variable :4, External Call To User-Supplied Address :1, Exception State :1,-,-,-,-,609,19305,89.04%, Dependence on predictable environment variable :4, External Call To User-Supplied Address :1, Exception State :1,-,-,-,-,608,19183,89.04%, Dependence on predictable environment variable :4, External Call To User-Supplied Address :1, Exception State :1,-,-,-,-,608,19239,89.04%, Dependence on predictable environment variable :4, External Call To User-Supplied Address :1, Exception State :1,-,-,-,-,608,19272,89.04%, Dependence on predictable environment variable :4, External Call To User-Supplied Address :1, Exception State :1,-,-,-,-,608,18836,89.04%, Dependence on predictable environment variable :4, External Call To User-Supplied Address :1, Exception State :1,-,-,-,-,607,19161,89.04%, Dependence on predictable environment variable :4, External Call To User-Supplied Address :1, Exception State :1,-,-,-,-,608,19305,89.04%, Dependence on predictable environment variable :4, External Call To User-Supplied Address :1, Exception State :1,-,-,-,-,609,19100,89.04%, Dependence on predictable environment variable :4, External Call To User-Supplied Address :1, Exception State :1,-,-,-,-
60,0x6ffbd6b41b802550c57d4661d81a1700a502f2ab.sol,0.4.18,PoliticoinToken,609,8761,94.48%,-,-,-,-,-,-,-,608,8885,94.48%,-,-,-,-,-,-,-,608,8624,94.48%,-,-,-,-,-,-,-,609,9042,94.48%,-,-,-,-,-,-,-,608,8732,94.48%,-,-,-,-,-,-,-,608,8780,94.48%,-,-,-,-,-,-,-,609,8844,94.48%,-,-,-,-,-,-,-,608,8780,94.48%,-,-,-,-,-,-,-,608,8694,94.48%,-,-,-,-,-,-,-,608,8712,94.48%,-,-,-,-,-,-,-
61,0x71e4b8de109428f999391eb3424d2cc87192e8ba.sol,0.5.10,_0x,608,19339,88.96%, Dependence on predictable environment variable :4, External Call To User-Supplied Address :1, Exception State :1,-,-,-,-,608,19315,88.96%, Dependence on predictable environment variable :4, External Call To User-Supplied Address :1, Exception State :1,-,-,-,-,608,19515,88.96%, Dependence on predictable environment variable :4, External Call To User-Supplied Address :1, Exception State :1,-,-,-,-,608,19317,88.96%, Dependence on predictable environment variable :4, External Call To User-Supplied Address :1, Exception State :1,-,-,-,-,608,19299,88.96%, Dependence on predictable environment variable :4, External Call To User-Supplied Address :1, Exception State :1,-,-,-,-,607,19317,88.96%, Dependence on predictable environment variable :4, External Call To User-Supplied Address :1, Exception State :1,-,-,-,-,608,19348,88.96%, Dependence on predictable environment variable :4, External Call To User-Supplied Address :1, Exception State :1,-,-,-,-,608,18877,88.96%, Dependence on predictable environment variable :4, External Call To User-Supplied Address :1, Exception State :1,-,-,-,-,608,18946,88.96%, Dependence on predictable environment variable :4, External Call To User-Supplied Address :1, Exception State :1,-,-,-,-,608,19023,88.96%, Dependence on predictable environment variable :4, External Call To User-Supplied Address :1, Exception State :1,-,-,-,-
62,0x72d530016e9e0fc23de6c1f7f487992c879518dc.sol,0.5.10,DEXT,608,19028,89.02%, Dependence on predictable environment variable :4, External Call To User-Supplied Address :1, Exception State :1,-,-,-,-,609,19233,89.02%, Dependence on predictable environment variable :4, External Call To User-Supplied Address :1, Exception State :1,-,-,-,-,608,19299,89.02%, Dependence on predictable environment variable :4, External Call To User-Supplied Address :1, Exception State :1,-,-,-,-,608,19299,89.02%, Dependence on predictable environment variable :4, External Call To User-Supplied Address :1, Exception State :1,-,-,-,-,608,19266,89.02%, Dependence on predictable environment variable :4, External Call To User-Supplied Address :1, Exception State :1,-,-,-,-,608,19299,89.02%, Dependence on predictable environment variable :4, External Call To User-Supplied Address :1, Exception State :1,-,-,-,-,608,19299,89.02%, Dependence on predictable environment variable :4, External Call To User-Supplied Address :1, Exception State :1,-,-,-,-,608,19586,89.02%, Dependence on predictable environment variable :4, External Call To User-Supplied Address :1, Exception State :1,-,-,-,-,608,19525,89.02%, Dependence on predictable environment variable :4, External Call To User-Supplied Address :1, Exception State :1,-,-,-,-,607,19372,89.02%, Dependence on predictable environment variable :4, External Call To User-Supplied Address :1, Exception State :1,-,-,-,-
63,0x7de6783f26e024ef2db774a0fd02742b11891d3f.sol,0.5.11,Airdropper,183,5900,46.41%,-,-,-,-,-,-,-,131,4270,46.41%,-,-,-,-,-,-,-,129,4270,46.41%,-,-,-,-,-,-,-,126,4270,46.41%,-,-,-,-,-,-,-,128,4270,46.41%,-,-,-,-,-,-,-,129,4270,46.41%,-,-,-,-,-,-,-,133,4270,46.41%,-,-,-,-,-,-,-,131,4270,46.41%,-,-,-,-,-,-,-,127,4270,46.41%,-,-,-,-,-,-,-,1215,-,-,-,-,-,-,-,-,-
64,0x7e21a014dd7effc8c7052f556574c6ef151e1b23.sol,0.5.13,REGISTER,604,5865,92.62%, Integer Arithmetic Bugs :1, Exception State :2,-,-,-,-,-,604,5847,92.62%, Integer Arithmetic Bugs :1, Exception State :2,-,-,-,-,-,605,5795,92.62%, Integer Arithmetic Bugs :1, Exception State :2,-,-,-,-,-,604,5837,92.62%, Integer Arithmetic Bugs :1, Exception State :2,-,-,-,-,-,605,5793,92.62%, Integer Arithmetic Bugs :1, Exception State :2,-,-,-,-,-,604,5821,92.62%, Integer Arithmetic Bugs :1, Exception State :2,-,-,-,-,-,604,5737,92.62%, Integer Arithmetic Bugs :1, Exception State :2,-,-,-,-,-,608,5836,92.62%, Integer Arithmetic Bugs :1, Exception State :2,-,-,-,-,-,605,5869,92.62%, Integer Arithmetic Bugs :1, Exception State :2,-,-,-,-,-,604,5772,92.62%, Integer Arithmetic Bugs :1, Exception State :2,-,-,-,-,-
65,0x7fa080c0473e1877958e6bdd60e12286eac77cf7.sol,0.4.26,LiquidTokenConverter,611,16970,61.22%,-,-,-,-,-,-,-,610,15988,61.22%,-,-,-,-,-,-,-,610,16020,61.22%,-,-,-,-,-,-,-,611,16523,61.22%,-,-,-,-,-,-,-,610,16676,61.22%,-,-,-,-,-,-,-,611,16523,61.22%,-,-,-,-,-,-,-,610,16274,61.22%,-,-,-,-,-,-,-,610,16170,61.22%,-,-,-,-,-,-,-,610,16324,61.22%,-,-,-,-,-,-,-,610,15905,61.22%,-,-,-,-,-,-,-
66,0x80cea1e10bc05c65e7ef29e24e5808a909122b63.sol,0.4.24,Controller,522,15657,98.22%,-,-,-,-,-,-,-,433,10978,87.10%,-,-,-,-,-,-,-,466,11211,87.10%,-,-,-,-,-,-,-,348,10453,87.10%,-,-,-,-,-,-,-,350,10587,87.10%,-,-,-,-,-,-,-,299,10308,87.10%,-,-,-,-,-,-,-,317,10308,87.10%,-,-,-,-,-,-,-,482,11112,87.10%,-,-,-,-,-,-,-,492,11112,87.10%,-,-,-,-,-,-,-,324,10308,87.10%,-,-,-,-,-,-,-
67,0x848bcb77c97d449312ece071cd999e5f0d30f849.sol,0.4.19,TokenMCT,605,6655,90.01%,-,-,-,-,-,-,-,605,6530,90.01%,-,-,-,-,-,-,-,605,6604,90.01%,-,-,-,-,-,-,-,604,6508,90.01%,-,-,-,-,-,-,-,605,6676,90.01%,-,-,-,-,-,-,-,605,6638,90.01%,-,-,-,-,-,-,-,605,6478,90.01%,-,-,-,-,-,-,-,605,6397,90.01%,-,-,-,-,-,-,-,605,6451,90.01%,-,-,-,-,-,-,-,605,6604,90.01%,-,-,-,-,-,-,-
68,0x84bc0c6e8314658398679e59c4f3271de71c9278.sol,0.6.0,CompoundSubscriptions,609,23853,86.07%, Integer Arithmetic Bugs :2, Exception State :3,-,-,-,-,-,609,23858,86.07%, Integer Arithmetic Bugs :2, Exception State :3,-,-,-,-,-,608,23842,86.07%, Integer Arithmetic Bugs :2, Exception State :3,-,-,-,-,-,609,23837,86.07%, Integer Arithmetic Bugs :2, Exception State :3,-,-,-,-,-,608,23864,86.07%, Integer Arithmetic Bugs :2, Exception State :3,-,-,-,-,-,608,23864,86.07%, Integer Arithmetic Bugs :2, Exception State :3,-,-,-,-,-,609,23841,86.07%, Integer Arithmetic Bugs :2, Exception State :3,-,-,-,-,-,608,23849,86.07%, Integer Arithmetic Bugs :2, Exception State :3,-,-,-,-,-,608,23829,86.07%, Integer Arithmetic Bugs :2, Exception State :3,-,-,-,-,-,608,23858,86.07%, Integer Arithmetic Bugs :2, Exception State :3,-,-,-,-,-
69,0x899c22a6b4c538e37612332f276481c016963d3d.sol,0.4.25,ETHConverter,608,10023,93.42%, External Call To User-Supplied Address :1, Exception State :4,-,-,-,-,-,607,10877,93.42%, External Call To User-Supplied Address :1, Exception State :4,-,-,-,-,-,607,9692,93.42%, External Call To User-Supplied Address :1, Multiple Calls in a Single Transaction :1, Exception State :4,-,-,-,-,610,10246,95.71%, External Call To User-Supplied Address :1, Multiple Calls in a Single Transaction :1, Exception State :4,-,-,-,-,610,10246,95.71%, External Call To User-Supplied Address :1, Multiple Calls in a Single Transaction :1, Exception State :4,-,-,-,-,610,10246,95.71%, External Call To User-Supplied Address :1, Multiple Calls in a Single Transaction :1, Exception State :4,-,-,-,-,607,9709,93.34%, External Call To User-Supplied Address :1, Exception State :4,-,-,-,-,-,607,11130,92.51%, External Call To User-Supplied Address :1, Exception State :4,-,-,-,-,-,607,9833,90.90%, External Call To User-Supplied Address :1, Exception State :4,-,-,-,-,-,610,10200,94.39%, External Call To User-Supplied Address :1, Exception State :4,-,-,-,-,-
70,0x8a68277a6345011ed116a4f0931b30c6ba128b7d.sol,0.5.10,MZXTH,608,19348,89.00%, Dependence on predictable environment variable :4, External Call To User-Supplied Address :1, Exception State :1,-,-,-,-,608,19334,89.00%, Dependence on predictable environment variable :4, External Call To User-Supplied Address :1, Exception State :1,-,-,-,-,608,19345,89.00%, Dependence on predictable environment variable :4, External Call To User-Supplied Address :1, Exception State :1,-,-,-,-,608,19328,89.00%, Dependence on predictable environment variable :4, External Call To User-Supplied Address :1, Exception State :1,-,-,-,-,608,19305,89.00%, Dependence on predictable environment variable :4, External Call To User-Supplied Address :1, Exception State :1,-,-,-,-,608,19369,89.00%, Dependence on predictable environment variable :4, External Call To User-Supplied Address :1, Exception State :1,-,-,-,-,608,19100,89.00%, Dependence on predictable environment variable :4, External Call To User-Supplied Address :1, Exception State :1,-,-,-,-,608,19764,89.00%, Dependence on predictable environment variable :4, External Call To User-Supplied Address :1, Exception State :1,-,-,-,-,608,19764,89.00%, Dependence on predictable environment variable :4, External Call To User-Supplied Address :1, Exception State :1,-,-,-,-,608,19675,89.00%, Dependence on predictable environment variable :4, External Call To User-Supplied Address :1, Exception State :1,-,-,-,-
71,0x8b98df4dff429e64e9a56fc6eebe2380c6c3409c.sol,0.5.7,Token,521,18234,96.85%, External Call To User-Supplied Address :3,-,-,-,-,-,-,525,18360,96.85%, External Call To User-Supplied Address :3,-,-,-,-,-,-,505,18360,96.85%, External Call To User-Supplied Address :3,-,-,-,-,-,-,513,18360,96.85%, External Call To User-Supplied Address :3,-,-,-,-,-,-,523,18360,96.85%, External Call To User-Supplied Address :3,-,-,-,-,-,-,500,18360,96.85%, External Call To User-Supplied Address :3,-,-,-,-,-,-,523,18360,96.85%, External Call To User-Supplied Address :3,-,-,-,-,-,-,525,18360,96.85%, External Call To User-Supplied Address :3,-,-,-,-,-,-,515,18360,96.85%, External Call To User-Supplied Address :3,-,-,-,-,-,-,516,18360,96.85%, External Call To User-Supplied Address :3,-,-,-,-,-,-
72,0x8bd340320af90df3b66043887a57059bb856da5b.sol,0.5.2,MxnToken,605,11058,95.38%,-,-,-,-,-,-,-,605,11123,95.38%,-,-,-,-,-,-,-,605,10982,95.38%,-,-,-,-,-,-,-,605,11202,95.38%,-,-,-,-,-,-,-,606,11123,95.38%,-,-,-,-,-,-,-,605,11195,95.38%,-,-,-,-,-,-,-,605,11202,95.38%,-,-,-,-,-,-,-,605,10971,95.38%,-,-,-,-,-,-,-,605,11062,95.38%,-,-,-,-,-,-,-,606,11062,95.38%,-,-,-,-,-,-,-
73,0x8be077228F4e8977a2366653a75C0eB3d68D86b3.sol,0.5.10,Collateral,611,12479,45.00%,-,-,-,-,-,-,-,611,11889,45.00%,-,-,-,-,-,-,-,610,11549,45.00%,-,-,-,-,-,-,-,510,9992,44.47%,-,-,-,-,-,-,-,611,12855,45.00%,-,-,-,-,-,-,-,607,11642,45.00%,-,-,-,-,-,-,-,611,12805,44.97%,-,-,-,-,-,-,-,611,12228,45.00%,-,-,-,-,-,-,-,611,12860,45.00%,-,-,-,-,-,-,-,611,12303,45.00%,-,-,-,-,-,-,-
74,0x8f535c21dbb5e7cc175938a1b9f82aebe6ee822f.sol,0.4.26,LiquidTokenConverter,611,15968,61.22%,-,-,-,-,-,-,-,610,16918,61.22%,-,-,-,-,-,-,-,611,16866,61.22%,-,-,-,-,-,-,-,612,16222,61.22%,-,-,-,-,-,-,-,611,16274,61.22%,-,-,-,-,-,-,-,610,16823,61.22%,-,-,-,-,-,-,-,611,16754,61.22%,-,-,-,-,-,-,-,612,15825,61.22%,-,-,-,-,-,-,-,611,15825,61.22%,-,-,-,-,-,-,-,611,16020,61.22%,-,-,-,-,-,-,-
75,0x8fcb1c3f68ef7abe7b25457f35e88658086dc1ad.sol,0.5.17,StrategyYfii,411,13317,49.53%,-,-,-,-,-,-,-,486,11008,49.53%,-,-,-,-,-,-,-,365,10156,48.86%,-,-,-,-,-,-,-,425,10394,48.86%,-,-,-,-,-,-,-,397,10427,49.53%,-,-,-,-,-,-,-,341,10085,48.86%,-,-,-,-,-,-,-,377,10307,49.53%,-,-,-,-,-,-,-,489,11053,49.53%,-,-,-,-,-,-,-,427,10532,49.53%,-,-,-,-,-,-,-,347,10169,49.53%,-,-,-,-,-,-,-
76,0x93a81964435e570de21b39a986ff66c13550f531.sol,0.5.10,MedianETHRUB,607,10106,90.12%, Exception State :3,-,-,-,-,-,-,607,10144,90.12%, Exception State :4,-,-,-,-,-,-,607,10106,90.12%, Exception State :4,-,-,-,-,-,-,607,10000,90.12%, Exception State :4,-,-,-,-,-,-,608,10159,90.12%, Exception State :4,-,-,-,-,-,-,607,10223,90.12%, Exception State :4,-,-,-,-,-,-,608,10197,90.12%, Exception State :4,-,-,-,-,-,-,607,10144,90.12%, Exception State :4,-,-,-,-,-,-,607,10223,90.12%, Exception State :3,-,-,-,-,-,-,607,10144,90.12%, Exception State :3,-,-,-,-,-,-
77,0x951D5D6b66dD4572963e1824980d05a4f61273D8.sol,0.6.0,InstaConnectors,609,16589,72.12%, Exception State :2,-,-,-,-,-,-,608,16589,72.12%, Exception State :2,-,-,-,-,-,-,608,16573,72.12%, Exception State :2,-,-,-,-,-,-,608,16621,72.12%, Exception State :2,-,-,-,-,-,-,608,16621,72.12%, Exception State :2,-,-,-,-,-,-,608,16573,72.12%, Exception State :2,-,-,-,-,-,-,609,16621,72.12%, Exception State :2,-,-,-,-,-,-,608,16649,72.12%, Exception State :2,-,-,-,-,-,-,608,16621,72.12%, Exception State :2,-,-,-,-,-,-,608,16682,72.12%, Exception State :2,-,-,-,-,-,-
78,0x96f0b742daa1216961f4caf846fea5af60733aeb.sol,0.5.0,CrowdSale,614,11747,82.86%, Dependence on predictable environment variable :7, Integer Arithmetic Bugs :3, External Call To User-Supplied Address :2, Multiple Calls in a Single Transaction :1, State access after external call :2,-,-,610,11752,82.86%, Dependence on predictable environment variable :7, Integer Arithmetic Bugs :3, External Call To User-Supplied Address :2, Multiple Calls in a Single Transaction :1, State access after external call :2,-,-,619,11747,82.86%, Dependence on predictable environment variable :7, Integer Arithmetic Bugs :3, External Call To User-Supplied Address :2, Multiple Calls in a Single Transaction :1, State access after external call :2,-,-,615,11752,82.86%, Dependence on predictable environment variable :7, Integer Arithmetic Bugs :3, External Call To User-Supplied Address :2, Multiple Calls in a Single Transaction :1, State access after external call :2,-,-,614,11747,82.86%, Dependence on predictable environment variable :7, Integer Arithmetic Bugs :3, External Call To User-Supplied Address :2, Multiple Calls in a Single Transaction :1, State access after external call :2,-,-,615,11747,82.86%, Dependence on predictable environment variable :7, Integer Arithmetic Bugs :3, External Call To User-Supplied Address :2, Multiple Calls in a Single Transaction :1, State access after external call :2,-,-,614,11752,82.86%, Dependence on predictable environment variable :7, Integer Arithmetic Bugs :3, External Call To User-Supplied Address :2, Multiple Calls in a Single Transaction :1, State access after external call :2,-,-,610,11752,82.86%, Dependence on predictable environment variable :7, Integer Arithmetic Bugs :3, External Call To User-Supplied Address :2, Multiple Calls in a Single Transaction :1, State access after external call :2,-,-,614,11752,82.86%, Dependence on predictable environment variable :7, Integer Arithmetic Bugs :3, External Call To User-Supplied Address :2, Multiple Calls in a Single Transaction :1, State access after external call :2,-,-,610,11752,82.86%, Dependence on predictable environment variable :7, Integer Arithmetic Bugs :3, External Call To User-Supplied Address :2, Multiple Calls in a Single Transaction :1, State access after external call :2,-,-
79,0x9b4fa5a1d9f6812e2b56b36fbde62736fa82c2a7.sol,0.6.2,Relay,609,30697,65.31%, Dependence on predictable environment variable :1, Jump to an arbitrary instruction :1, Unprotected Ether Withdrawal :1, Dependence on tx.origin :10, External Call To User-Supplied Address :1, Multiple Calls in a Single Transaction :1, State access after external call :5,610,28967,66.30%, Dependence on predictable environment variable :1, Jump to an arbitrary instruction :1, Unprotected Ether Withdrawal :1, Dependence on tx.origin :10, External Call To User-Supplied Address :1, Multiple Calls in a Single Transaction :2, State access after external call :7,610,27967,66.30%, Dependence on predictable environment variable :1, Jump to an arbitrary instruction :1, Unprotected Ether Withdrawal :1, Dependence on tx.origin :10, External Call To User-Supplied Address :1, Multiple Calls in a Single Transaction :2, State access after external call :7,610,29694,66.30%, Dependence on predictable environment variable :1, Jump to an arbitrary instruction :1, Unprotected Ether Withdrawal :1, Dependence on tx.origin :10, External Call To User-Supplied Address :1, Multiple Calls in a Single Transaction :2, State access after external call :7,609,27984,66.30%, Dependence on predictable environment variable :1, Jump to an arbitrary instruction :1, Unprotected Ether Withdrawal :1, Dependence on tx.origin :10, External Call To User-Supplied Address :1, Multiple Calls in a Single Transaction :2, State access after external call :7,609,26516,66.30%, Dependence on predictable environment variable :1, Jump to an arbitrary instruction :1, Unprotected Ether Withdrawal :1, Dependence on tx.origin :10, External Call To User-Supplied Address :1, Multiple Calls in a Single Transaction :2, State access after external call :7,608,28102,66.30%, Dependence on predictable environment variable :1, Jump to an arbitrary instruction :1, Unprotected Ether Withdrawal :1, Dependence on tx.origin :10, External Call To User-Supplied Address :1, Multiple Calls in a Single Transaction :2, State access after external call :7,608,28569,66.30%, Dependence on predictable environment variable :1, Jump to an arbitrary instruction :1, Unprotected Ether Withdrawal :1, Dependence on tx.origin :10, External Call To User-Supplied Address :1, Multiple Calls in a Single Transaction :2, State access after external call :7,610,27518,66.30%, Dependence on predictable environment variable :1, Jump to an arbitrary instruction :1, Unprotected Ether Withdrawal :1, Dependence on tx.origin :10, External Call To User-Supplied Address :1, Multiple Calls in a Single Transaction :2, State access after external call :7,608,28589,66.30%, Dependence on predictable environment variable :1, Jump to an arbitrary instruction :1, Unprotected Ether Withdrawal :1, Dependence on tx.origin :10, External Call To User-Supplied Address :1, Multiple Calls in a Single Transaction :2, State access after external call :7
80,0x9b5C2BE869a19e84BDBcb1386dAD83a2ec8DAe82.sol,0.5.0,StreamProtocol,372,11249,97.05%, External Call To User-Supplied Address :2,-,-,-,-,-,-,377,11249,97.05%, External Call To User-Supplied Address :2,-,-,-,-,-,-,369,11249,97.05%, External Call To User-Supplied Address :2,-,-,-,-,-,-,375,11249,97.05%, External Call To User-Supplied Address :2,-,-,-,-,-,-,366,11249,97.05%, External Call To User-Supplied Address :2,-,-,-,-,-,-,363,11249,97.05%, External Call To User-Supplied Address :2,-,-,-,-,-,-,366,11249,97.05%, External Call To User-Supplied Address :2,-,-,-,-,-,-,365,11249,97.05%, External Call To User-Supplied Address :2,-,-,-,-,-,-,372,11249,97.05%, External Call To User-Supplied Address :2,-,-,-,-,-,-,377,11249,97.05%, External Call To User-Supplied Address :2,-,-,-,-,-,-
81,0x9d5e80044d4bf24f82d21c5ee53b91efa49b7251.sol,0.4.18,EnhancedStepFunctions,614,16402,56.90%, External Call To User-Supplied Address :1, Integer Arithmetic Bugs :2, Exception State :5,-,-,-,-,615,16018,56.90%, External Call To User-Supplied Address :1, Integer Arithmetic Bugs :2, Exception State :5,-,-,-,-,615,16018,56.90%, External Call To User-Supplied Address :1, Integer Arithmetic Bugs :2, Exception State :5,-,-,-,-,614,16268,56.90%, External Call To User-Supplied Address :1, Integer Arithmetic Bugs :2, Exception State :5,-,-,-,-,614,16252,56.90%, External Call To User-Supplied Address :1, Integer Arithmetic Bugs :2, Exception State :5,-,-,-,-,614,16328,56.90%, External Call To User-Supplied Address :1, Integer Arithmetic Bugs :2, Exception State :5,-,-,-,-,615,16200,56.90%, External Call To User-Supplied Address :1, Integer Arithmetic Bugs :2, Exception State :5,-,-,-,-,614,16165,56.90%, External Call To User-Supplied Address :1, Integer Arithmetic Bugs :2, Exception State :5,-,-,-,-,615,16112,56.90%, External Call To User-Supplied Address :1, Integer Arithmetic Bugs :2, Exception State :5,-,-,-,-,616,15764,56.90%, External Call To User-Supplied Address :1, Integer Arithmetic Bugs :2, Exception State :5,-,-,-,-
82,0x9f54a5ec929dec40e600f76252e68595fe91ed20.sol,0.4.25,Simplify,607,6501,90.16%, External Call To User-Supplied Address :1,-,-,-,-,-,-,608,6341,90.16%, External Call To User-Supplied Address :1,-,-,-,-,-,-,607,6435,90.16%, External Call To User-Supplied Address :1,-,-,-,-,-,-,607,6316,90.16%, External Call To User-Supplied Address :1,-,-,-,-,-,-,607,6527,90.16%, External Call To User-Supplied Address :1,-,-,-,-,-,-,607,6317,90.16%, External Call To User-Supplied Address :1,-,-,-,-,-,-,607,6401,90.16%, External Call To User-Supplied Address :1,-,-,-,-,-,-,608,6470,90.16%, External Call To User-Supplied Address :1,-,-,-,-,-,-,607,6498,90.16%, External Call To User-Supplied Address :1,-,-,-,-,-,-,607,6333,90.16%, External Call To User-Supplied Address :1,-,-,-,-,-,-
83,0xa0cb77779acde6f668265c791c7123845f11e72f.sol,0.4.25,F_Fever,605,6788,93.24%, External Call To User-Supplied Address :3, Multiple Calls in a Single Transaction :1, Integer Arithmetic Bugs :3, Exception State :3,-,-,-,607,7879,93.58%, Dependence on predictable environment variable :3, Exception State :3, Integer Arithmetic Bugs :3, External Call To User-Supplied Address :3, Multiple Calls in a Single Transaction :1,-,-,607,7901,84.09%, External Call To User-Supplied Address :3, Multiple Calls in a Single Transaction :1, Integer Arithmetic Bugs :3, Exception State :3,-,-,-,605,6447,95.00%, Dependence on predictable environment variable :5, Exception State :3, Integer Arithmetic Bugs :3, External Call To User-Supplied Address :3, Multiple Calls in a Single Transaction :1,-,-,606,7367,93.26%, External Call To User-Supplied Address :3, Multiple Calls in a Single Transaction :1, Integer Arithmetic Bugs :3, Exception State :3,-,-,-,608,8427,93.33%, External Call To User-Supplied Address :3, Multiple Calls in a Single Transaction :1, Integer Arithmetic Bugs :3, Exception State :3,-,-,-,606,7055,92.65%, External Call To User-Supplied Address :3, Multiple Calls in a Single Transaction :1, Integer Arithmetic Bugs :3, Exception State :3,-,-,-,606,6948,93.26%, External Call To User-Supplied Address :3, Multiple Calls in a Single Transaction :1, Integer Arithmetic Bugs :3, Exception State :3,-,-,-,607,6490,93.45%, Dependence on predictable environment variable :2, Exception State :3, Integer Arithmetic Bugs :3, External Call To User-Supplied Address :3, Multiple Calls in a Single Transaction :1,-,-,607,7619,93.37%, Dependence on predictable environment variable :1, Exception State :3, Integer Arithmetic Bugs :3, External Call To User-Supplied Address :3, Multiple Calls in a Single Transaction :1,-,-
84,0xa2bbff7d7ae42d75174e5ded3db70840b4b6341c.sol,0.5.10,ZTokens_ERC20,607,19348,89.12%, Dependence on predictable environment variable :4, External Call To User-Supplied Address :1, Exception State :1,-,-,-,-,608,19455,89.12%, Dependence on predictable environment variable :4, External Call To User-Supplied Address :1, Exception State :1,-,-,-,-,608,19359,89.12%, Dependence on predictable environment variable :4, External Call To User-Supplied Address :1, Exception State :1,-,-,-,-,607,19323,89.12%, Dependence on predictable environment variable :4, External Call To User-Supplied Address :1, Exception State :1,-,-,-,-,608,19452,89.12%, Dependence on predictable environment variable :4, External Call To User-Supplied Address :1, Exception State :1,-,-,-,-,608,19365,89.12%, Dependence on predictable environment variable :4, External Call To User-Supplied Address :1, Exception State :1,-,-,-,-,607,19039,89.12%, Dependence on predictable environment variable :4, External Call To User-Supplied Address :1, Exception State :1,-,-,-,-,609,18952,89.12%, Dependence on predictable environment variable :4, External Call To User-Supplied Address :1, Exception State :1,-,-,-,-,607,18956,89.12%, Dependence on predictable environment variable :4, External Call To User-Supplied Address :1, Exception State :1,-,-,-,-,608,18873,89.12%, Dependence on predictable environment variable :4, External Call To User-Supplied Address :1, Exception State :1,-,-,-,-
85,0xa2d9206889b3d79165b9e0ddef97104f176fe610.sol,0.5.8,ShuffleRaffle,614,7137,65.54%,-,-,-,-,-,-,-,614,7361,65.54%,-,-,-,-,-,-,-,613,7165,65.54%,-,-,-,-,-,-,-,614,7182,65.54%,-,-,-,-,-,-,-,616,7543,65.54%,-,-,-,-,-,-,-,613,7182,65.54%,-,-,-,-,-,-,-,613,7165,65.54%,-,-,-,-,-,-,-,613,7137,65.54%,-,-,-,-,-,-,-,615,7144,65.54%,-,-,-,-,-,-,-,612,7144,65.54%,-,-,-,-,-,-,-
86,0xa2db8321a92e8b9e29881a24dd0a95a936a572a3.sol,0.5.7,Token,499,18234,96.85%, External Call To User-Supplied Address :3,-,-,-,-,-,-,503,18360,96.85%, External Call To User-Supplied Address :3,-,-,-,-,-,-,499,18360,96.85%, External Call To User-Supplied Address :3,-,-,-,-,-,-,505,18360,96.85%, External Call To User-Supplied Address :3,-,-,-,-,-,-,505,18360,96.85%, External Call To User-Supplied Address :3,-,-,-,-,-,-,498,18360,96.85%, External Call To User-Supplied Address :3,-,-,-,-,-,-,511,18360,96.85%, External Call To User-Supplied Address :3,-,-,-,-,-,-,514,18360,96.85%, External Call To User-Supplied Address :3,-,-,-,-,-,-,518,18360,96.85%, External Call To User-Supplied Address :3,-,-,-,-,-,-,535,18360,96.85%, External Call To User-Supplied Address :3,-,-,-,-,-,-
87,0xa30d1d98c502378ad61fe71bcdc3a808cf60b897.sol,0.5.17,StrategyDForceUSDC,608,33695,66.22%,-,-,-,-,-,-,-,607,20881,67.98%,-,-,-,-,-,-,-,606,20086,67.07%,-,-,-,-,-,-,-,607,21742,66.34%,-,-,-,-,-,-,-,606,19245,66.34%,-,-,-,-,-,-,-,607,23945,66.34%,-,-,-,-,-,-,-,609,22512,67.13%,-,-,-,-,-,-,-,607,21057,67.98%,-,-,-,-,-,-,-,607,19743,67.32%,-,-,-,-,-,-,-,606,22326,67.98%,-,-,-,-,-,-,-
88,0xa3f02a3f299013bf4861a4b4473feadb660bcaf2.sol,0.4.23,BitherumToken,607,9514,91.73%, Unprotected Ether Withdrawal :1,-,-,-,-,-,-,606,11655,87.65%, Unprotected Ether Withdrawal :1,-,-,-,-,-,-,608,9537,90.56%, Unprotected Ether Withdrawal :1,-,-,-,-,-,-,607,9502,91.36%, Unprotected Ether Withdrawal :1,-,-,-,-,-,-,605,10119,89.75%, Unprotected Ether Withdrawal :1,-,-,-,-,-,-,605,9419,90.28%, Unprotected Ether Withdrawal :1,-,-,-,-,-,-,605,9796,90.09%, Unprotected Ether Withdrawal :1,-,-,-,-,-,-,606,9636,90.28%, Unprotected Ether Withdrawal :1,-,-,-,-,-,-,606,9310,90.12%, Unprotected Ether Withdrawal :1,-,-,-,-,-,-,606,9375,90.12%, Unprotected Ether Withdrawal :1,-,-,-,-,-,-
89,0xa41b6ef151e06da0e34b009b86e828308986736d.sol,0.5.12,Flopper,607,15728,61.07%,-,-,-,-,-,-,-,348,9502,61.00%,-,-,-,-,-,-,-,607,15540,61.00%,-,-,-,-,-,-,-,607,16047,61.00%,-,-,-,-,-,-,-,608,14703,61.00%,-,-,-,-,-,-,-,607,15043,61.00%,-,-,-,-,-,-,-,607,15785,61.00%,-,-,-,-,-,-,-,608,14769,61.00%,-,-,-,-,-,-,-,606,14238,61.00%,-,-,-,-,-,-,-,607,13911,61.07%,-,-,-,-,-,-,-
90,0xa607c31273b65d9397539ca5e082bd68f7a2e828.sol,0.5.8,PostCoronaProject,607,15786,85.86%, Integer Arithmetic Bugs :3, Exception State :1,-,-,-,-,-,608,15805,85.86%, Integer Arithmetic Bugs :3, Exception State :1,-,-,-,-,-,607,15824,85.86%, Integer Arithmetic Bugs :3, Exception State :1,-,-,-,-,-,608,15918,86.18%, Integer Arithmetic Bugs :3, Exception State :1,-,-,-,-,-,608,15843,85.86%, Integer Arithmetic Bugs :3, Exception State :1,-,-,-,-,-,608,15843,85.86%, Integer Arithmetic Bugs :3, Exception State :1,-,-,-,-,-,608,15918,86.18%, Integer Arithmetic Bugs :3, Exception State :1,-,-,-,-,-,608,15767,85.61%, Integer Arithmetic Bugs :3, Exception State :1,-,-,-,-,-,608,15767,85.61%, Integer Arithmetic Bugs :3, Exception State :1,-,-,-,-,-,608,15731,85.50%, Integer Arithmetic Bugs :3, Exception State :1,-,-,-,-,-
91,0xac9bb427953ac7fddc562adca86cf42d988047fd.sol,0.5.12,SCATTER,605,7403,92.43%, Dependence on predictable environment variable :1, External Call To User-Supplied Address :2, Exception State :1,-,-,-,-,605,7425,92.43%, Dependence on predictable environment variable :1, External Call To User-Supplied Address :2, Exception State :1,-,-,-,-,605,7437,92.43%, Dependence on predictable environment variable :1, External Call To User-Supplied Address :2, Exception State :1,-,-,-,-,605,7449,92.43%, Dependence on predictable environment variable :1, External Call To User-Supplied Address :2, Exception State :1,-,-,-,-,605,7437,92.43%, Dependence on predictable environment variable :1, External Call To User-Supplied Address :2, Exception State :1,-,-,-,-,605,7425,92.43%, Dependence on predictable environment variable :1, External Call To User-Supplied Address :2, Exception State :1,-,-,-,-,606,7461,92.43%, Dependence on predictable environment variable :1, External Call To User-Supplied Address :2, Exception State :1,-,-,-,-,605,7461,92.43%, Dependence on predictable environment variable :1, External Call To User-Supplied Address :2, Exception State :1,-,-,-,-,605,7425,92.43%, Dependence on predictable environment variable :1, External Call To User-Supplied Address :2, Exception State :1,-,-,-,-,606,7437,92.43%, Dependence on predictable environment variable :1, External Call To User-Supplied Address :2, Exception State :1,-,-,-,-
92,0xad54cdfcac45238a5d07bdf6f28e3fc974614a2e.sol,0.5.13,TRANSFER,320,3264,31.14%,-,-,-,-,-,-,-,393,4215,29.73%,-,-,-,-,-,-,-,566,4062,31.99%,-,-,-,-,-,-,-,381,3981,30.21%,-,-,-,-,-,-,-,325,4081,29.73%,-,-,-,-,-,-,-,495,4083,30.21%,-,-,-,-,-,-,-,605,5429,30.21%,-,-,-,-,-,-,-,605,4279,32.26%,-,-,-,-,-,-,-,385,3888,29.85%,-,-,-,-,-,-,-,605,5105,30.63%,-,-,-,-,-,-,-
93,0xb0e8a59334c3654ddcf32d1a3597001bc24c8ede.sol,0.6.2,IdentityRegistry,483,24847,62.31%,-,-,-,-,-,-,-,448,22113,62.27%,-,-,-,-,-,-,-,455,22113,62.27%,-,-,-,-,-,-,-,445,22113,62.27%,-,-,-,-,-,-,-,404,22113,62.27%,-,-,-,-,-,-,-,438,22113,62.27%,-,-,-,-,-,-,-,440,22113,62.27%,-,-,-,-,-,-,-,390,22113,62.27%,-,-,-,-,-,-,-,397,22113,62.27%,-,-,-,-,-,-,-,432,22113,62.27%,-,-,-,-,-,-,-
94,0xb15ee8e74dac2d77f9d1080b32b0f3562954aee9.sol,0.5.17,StrategyCurveYBUSD,607,13457,73.27%,-,-,-,-,-,-,-,608,14050,73.27%,-,-,-,-,-,-,-,607,16187,73.10%,-,-,-,-,-,-,-,607,15975,72.36%,-,-,-,-,-,-,-,606,14464,73.27%,-,-,-,-,-,-,-,607,13692,73.27%,-,-,-,-,-,-,-,607,13647,73.27%,-,-,-,-,-,-,-,606,14698,73.27%,-,-,-,-,-,-,-,606,14981,73.27%,-,-,-,-,-,-,-,607,15815,73.27%,-,-,-,-,-,-,-
95,0xb207a28fbda1c0b2f7ae43c4f3eb1fcd5ebaacfc.sol,0.5.0,WithdrawStorage,613,30484,0.94%, External Call To User-Supplied Address :2, Multiple Calls in a Single Transaction :2,-,-,-,-,-,613,30484,0.94%, External Call To User-Supplied Address :2, Multiple Calls in a Single Transaction :3,-,-,-,-,-,613,30558,0.94%, External Call To User-Supplied Address :3, Multiple Calls in a Single Transaction :4,-,-,-,-,-,613,30553,0.94%, External Call To User-Supplied Address :3, Multiple Calls in a Single Transaction :3,-,-,-,-,-,613,30383,0.94%, External Call To User-Supplied Address :2, Multiple Calls in a Single Transaction :2,-,-,-,-,-,613,30548,0.94%, External Call To User-Supplied Address :3, Multiple Calls in a Single Transaction :3,-,-,-,-,-,613,30330,0.94%, External Call To User-Supplied Address :1, Multiple Calls in a Single Transaction :2,-,-,-,-,-,612,30644,0.94%, External Call To User-Supplied Address :5, Multiple Calls in a Single Transaction :5,-,-,-,-,-,612,30649,0.94%, External Call To User-Supplied Address :5, Multiple Calls in a Single Transaction :5,-,-,-,-,-,612,30710,0.94%, External Call To User-Supplied Address :5, Multiple Calls in a Single Transaction :5,-,-,-,-,-
96,0xb251fe6a1a8c5559b0d532b00775eb39aa433d56.sol,0.5.12,Whitelist,608,6806,94.39%,-,-,-,-,-,-,-,608,6806,94.39%,-,-,-,-,-,-,-,607,6806,94.39%,-,-,-,-,-,-,-,608,6806,94.39%,-,-,-,-,-,-,-,610,6799,94.39%,-,-,-,-,-,-,-,608,6806,94.39%,-,-,-,-,-,-,-,607,6806,94.39%,-,-,-,-,-,-,-,609,6772,94.39%,-,-,-,-,-,-,-,608,6782,94.39%,-,-,-,-,-,-,-,608,6782,94.39%,-,-,-,-,-,-,-
97,0xb2c5531758bC246A04b26d163baFE1360405A3BB.sol,0.4.24,FtcToken,606,14297,94.62%, Exception State :1,-,-,-,-,-,-,605,11151,94.62%, Exception State :1,-,-,-,-,-,-,606,11151,94.62%, Exception State :1,-,-,-,-,-,-,605,11225,94.62%, Exception State :1,-,-,-,-,-,-,605,11225,94.62%, Exception State :1,-,-,-,-,-,-,605,11200,94.62%, Exception State :1,-,-,-,-,-,-,606,11225,94.62%, Exception State :1,-,-,-,-,-,-,605,11085,94.62%, Exception State :1,-,-,-,-,-,-,605,11085,94.62%, Exception State :1,-,-,-,-,-,-,606,11128,94.62%, Exception State :1,-,-,-,-,-,-
98,0xb6cd2fe50428dc273d3cb91e2af8ea7e1aff0467.sol,0.4.23,AMEXY,605,9657,90.28%, Unprotected Ether Withdrawal :1,-,-,-,-,-,-,606,9638,90.65%, Unprotected Ether Withdrawal :1,-,-,-,-,-,-,605,9512,89.75%, Unprotected Ether Withdrawal :1,-,-,-,-,-,-,606,9514,89.75%, Unprotected Ether Withdrawal :1,-,-,-,-,-,-,606,9665,89.38%, Unprotected Ether Withdrawal :1,-,-,-,-,-,-,606,9595,89.75%, Unprotected Ether Withdrawal :1,-,-,-,-,-,-,606,9546,89.38%, Unprotected Ether Withdrawal :1,-,-,-,-,-,-,605,11247,89.38%, Unprotected Ether Withdrawal :1,-,-,-,-,-,-,606,9497,90.28%, Unprotected Ether Withdrawal :1,-,-,-,-,-,-,607,9855,90.68%, Unprotected Ether Withdrawal :1,-,-,-,-,-,-
99,0xb79f22f23bf76ea745223ea3055a00a0d891a99c.sol,0.6.0,TheScorpionCoin,109,3952,80.11%,-,-,-,-,-,-,-,244,4860,86.71%,-,-,-,-,-,-,-,121,4381,80.11%,-,-,-,-,-,-,-,118,4381,80.11%,-,-,-,-,-,-,-,176,4860,86.71%,-,-,-,-,-,-,-,175,4860,86.71%,-,-,-,-,-,-,-,292,5341,86.71%,-,-,-,-,-,-,-,249,4860,86.71%,-,-,-,-,-,-,-,173,4860,86.71%,-,-,-,-,-,-,-,168,4860,86.71%,-,-,-,-,-,-,-
