0x373238337Bfe1146fb49989fc222523f83081dDb.sol,0.5.12,DsrManager
0x373552F6d1eAAeaDF54dD3B4147275804F2fd34d.sol,0.5.2,Proxy
0x37497dc0cc918c5a2509516eb723fe0e6284507f.sol,0.5.0,Staking
0x37513f5bf029d7c3e1fd8e408bbbd89cf91d11e7.sol,0.5.14,LexTokenFactory
0x37568E958CC172609aed23C9c6fA93D3449Ff9Ea.sol,0.4.23,MainToken
0x3758aa66cad9f2606f1f501c9cb31b94b713a6d5.sol,0.5.5,MultiSigWallet
0x375c3222bb7d4834B4381ABD4ED15DFF4d4c0A68.sol,0.6.5,DyDxAssetAdapter
0x375d93bfdf0e2a205360c68981d11af98cb2a7bb.sol,0.5.11,EDC
0x376435eef01eb51730f2f4e8f9c425b6912fa575.sol,0.4.23,CHE
0x3767f8302d97abd6ffdc9283ff1dbf703264f8fc.sol,0.5.17,StrategyCurveYCRVVoter
0x377cecea5900b9483320dff639ca49a7e2df15d1.sol,0.5.0,Organization
0x3782c9d6211e6f9a10b6840b0ed0028a7bee4360.sol,0.5.17,YOGEEToken
0x3791f657e8dea487dc07847ae10399e1872c3861.sol,0.6.0,FairInflationFunctionality
0x379b4609bdf93b3584cf7b64bc78199cf185f1cd.sol,0.6.4,UniZap
0x379c759de46848073859d3dbb5073368e756cfd7.sol,0.5.16,FiveGSToken
0x379e6AaE389F284d5E54b2AA0bEBa8833C3fe308.sol,0.5.2,ValidatorShareFactory
0x37a8f5f64f2a84f2377481537f04d2a59c9f59b6.sol,0.5.0,EthereumProxy
0x37adc35f7b12582240818df04aac04ca409d5913.sol,0.6.9,DODOEthProxy
0x37ae802d617f856d225739435d20700c83fd50ad.sol,0.4.18,SanyToken
0x37b664c70d091d873573f559f78224e0ff5b9626.sol,0.5.0,AESCollateralMultisig
0x37c888dabf0c1bebbe917e890b054ae7739fc8c4.sol,0.5.0,BDCoin
0x37d19d1c4e1fa9dc47bd1ea12f742a0887eda74a.sol,0.5.16,yVault
0x37d60f60fcdea9f4dcf3fc1799fe4df8e096aa3c.sol,0.6.0,DSA_Resolver
0x37e946955022e2aacdd7b2f3a811d0bf80c877cc.sol,0.5.11,AtomicSwapErc20
0x37ee79e0b44866876de2fb7f416d0443dd5ae481.sol,0.5.11,Tatcoin
0x3806012233e34aa690e258f1dd4b534ab793f2e2.sol,0.4.16,IOCoinToken
0x38113d11262444c6bc6713fc68687b82e99d0764.sol,0.6.9,HYDRAStaking
0x382185f3ea9268e65bb16f81de6b4e725134ed72.sol,0.5.17,StrategyYfii
0x382A1667C9062F0621362F49076Ef6e4fE4C9eC7.sol,0.5.0,Proxy
0x383891338E0e377b1B995f543758b998eb87D065.sol,0.6.9,ERC20PresetMinterPauser
0x383dd43fa9a1e54c4cfb963eef5f749645e32fc0.sol,0.5.17,MolochSummoner
0x38429397eaee079ea79742a35570d252930000eb.sol,0.5.14,lexTokenFactory
0x3844f41847767e4F31C029aF9b44c55bbeEEdEeB.sol,0.6.6,AccessControlledAggregator
0x385111F23A00AED181b0774E6900C846c0336dd4.sol,0.6.0,Address
0x385827aC8d1AC7B2960D4aBc303c843D9f87Bb0C.sol,0.5.12,RegistryData
0x3859127d3452DaDfb44926b0566f3E2DBA030767.sol,0.4.26,UniswapTradeExample
0x3865cb3cb00041d7e1b4f8189aa73a8cc590c28c.sol,0.5.16,PainthereumContract
0x386f6f20bc8f3ff753fe6b731fd93ff8a0ba18e4.sol,0.5.0,AaveLiquidate
0x387424d6647135d4da317bc89302a828f0ac0cad.sol,0.4.26,flashIt
0x387ae8fb5b19fa41677e1da5b313259066f3099d.sol,0.5.0,Coinoplex
0x38845dcb97972078cf16daf1d0b47d81b777f6d1.sol,0.4.16,MyAdvancedToken
0x38a15c192acd28647b3bbf09cb298914dd2d102b.sol,0.4.18,WrapConversionRate
0x38aa214dc986d0bab53e5861071f3d5a56066b4d.sol,0.5,BatchWithdraw
0x38b26ac0e851e9699e89091155e9d87fe22d391e.sol,0.5.0,ValorIndexToken
0x38b9805c06cf3ffc8d3196fc69f8adc6b8298503.sol,0.5.0,GIAToken
0x38bc89cf1f634c71896620bcd807af235cbdecd1.sol,0.6.10,QBEE
0x38c0f451e123575038fa0b79a75ac90dcd9e97db.sol,0.4.25,BirdBirdCatGK
0x38c4102d11893351ced7ef187fcf43d33eb1abe6.sol,0.5.17,SHRIMPDelegator
0x38c58f76d96ed18c145e22ebf81a4c2acefbe263.sol,0.4.23,Presale
0x38ca0421e2ba6ffc1920ec11d93c3da2b15e4131.sol,0.6.0,SirotTokenICO
0x38d58b82cb24a3e0410a7991f255174c9fd8093b.sol,0.5.0,TealToken
0x38d807c350bf637e97911be1c447072e8de25d01.sol,0.5.17,LexTokenFactory
0x38e4adb44ef08f22f5b5b76a8f0c2d0dcbe7dca1.sol,0.5.16,Cvp
0x38efe74726e5a62ab5ca8ba95c702865efc78d6d.sol,0.5.0,busdCurveFlashDAI
0x38fc8d7e9429b42371372a0f08e6f060a0ed54b7.sol,0.5.0,HagiBis
0x39095e83445509c801146892defefd27df76b478.sol,0.4.16,YRACoin
0x390c8b4e5c5ddac6f0e5cdbae596903041389223.sol,0.6.0,P2pSwap
0x39100b76a9a50f40bf09c55ecce5a633bdc02f6b.sol,0.5.0,GamerPullToken
0x3923d5c358d93afe832f07bffa17e3bc2de59930.sol,0.5.16,yDelegatedVault
0x39299c0849D3D8aF13F2436605f886468Fc71827.sol,0.4.23,MainToken
0x3934a1f9b396b65d262b3f70ff8ccbea911cd9cf.sol,0.4.20,ReceiverPays
0x3936ad01cf109a36489d93cabda11cf062fd3d48.sol,0.4.24,UFragments
0x3942b4dab270b85f20c7d40178862cb7b877edc8.sol,0.4.24,Lampgram
0x394ac2f1841dfff2dfeedd5624ba2fd3d7a02a36.sol,0.4.24,Timelock
0x3956925d7d5199a6db1f42347fedbcd35312ae82.sol,0.4.21,Vault
0x395E5461693e0bB5EC78302605030050f69e628d.sol,0.5.0,EtherLegendsToken
0x396be06497944Ee1a775EA52ADa304a4C2037d0e.sol,0.4.24,EOSTrust
0x396ea3c3376cc78864f51ce2fddb275d3dc0968b.sol,0.5.12,OasisDirectMigrateProxyActions
0x39731Cb7727250bc42b7b72055934e8b3eeAc3b4.sol,0.6.3,SafeMath
0x39799db6b6a81b995ffcaac61e9c337c672deb0b.sol,0.5.13,AirDrop
0x397c86203f08301394c021ea9f94eff0c7e9475a.sol,0.5.0,StableEuroToken
0x39815A737f458A26520F2eb696f955Aa7185A12A.sol,0.4.18,AmpleCoin
0x3983C6DA8235F59e16a034EE773e60A69e8F14B2.sol,0.5.0,AdminUpgradeabilityProxy
0x3989cadb8a41bf987117be349b6c610f01996caf.sol,0.4.17,TetherToken
0x398e616b74832f26fb342913e0d81fffef70fb71.sol,0.5.0,Rambocoin
0x398eC7346DcD622eDc5ae82352F02bE94C62d119.sol,0.5.0,LendingPoolLiquidationManager
0x399415683beaf50f4ffa8cde8c80c9fb8ade4d2b.sol,0.5.17,Controller
0x3997796d5C4bbF11F5ED2BA85C3068F59b278785.sol,0.5.12,FlamengoDigitalCryptoCurrency
0x39A8db3Bc0940ED393193d8FfE1383B2898a85f7.sol,0.6.0,ConnectOasis
0x39a9e9583405d1ec12e3f018a2fcf89a4e2628b7.sol,0.5.16,AIY
0x39ab32006afe65a0b4d6a9a89877c2c33ad19eb5.sol,0.4.25,CTetherUSD
0x39c59ec0eb28b42f784afb1c47b0266df24ad3b1.sol,0.4.25,TokenERC20
0x39c648bc8012209fac5d6f4cee8d2b2718f83c05.sol,0.5.12,localElection
0x39D0f58f5D5BBD636be23a3184Aff16a4D7567CF.sol,0.5.10,SafeMath
0x39d71b4c2b8972e930938cac82109d1105f5b73d.sol,0.5.17,DharmaGasReserveStaging
0x39E507f4F7c3e85eD799FDbdf04E42104a8f6b9A.sol,0.6.6,KyberDao
0x3a19a99c715a3bddc66c74d68b32f2a85244a5b5.sol,0.5.13,Delegator
0x3a24c0bc799a7a0bec3fa16a7f290a3abb88cc75.sol,0.5.0,EgorasVault
0x3a29f2cf1120b9d65131079390eb8aef98c4425a.sol,0.5.14,MemberDripDrop
0x3a3793de348623a037535c9f37b80152d00edd5d.sol,0.4.24,RichToken
0x3a3a65aab0dd2a17e3f1947ba16138cd37d08c04.sol,0.5.0,LendingPoolLiquidationManager
0x3a415765dB8bDA5F97583eA212FDc2ab5e939F0C.sol,0.4.18,O2ocTokenToken
0x3a46433457ffb7369549b6cdc990a4dab56901b2.sol,0.4.19,Forsage
0x3a4ff19554b0f997a4cef14a8860dcf813b738a4.sol,0.5.16,UQ112x112
0x3a5bc84e9f3a016a93dde7f7b8458947773c71bc.sol,0.5.14,KyberProxy
0x3a6e27b663593E34a7FB80bA9544d9E8BAbdF001.sol,0.6.6,AccessControlledAggregator
0x3a73f6156c4fbc71b8fdf38090a9d99401163644.sol,0.6.2,LNTToken
0x3a82d3111ab5faf39d847d46023d9090261a658f.sol,0.5.0,TycoonToken
0x3a93c17fc82cc33420d1809dda9fb715cc89dd37.sol,0.4.24,Agent
0x3a97247df274a17c59a3bd12735ea3fcdfb49950.sol,0.6.9,DODOZoo
0x3aa6c3f86d945085c9ff4581f3963f4f0404a416.sol,0.4.24,AAA
0x3aaFb0E5b57bb19D02FcB6656059B34d8E79471f.sol,0.6.6,AccessControlledAggregator
0x3acf9680b5d57994b6570c0ea97bc4d8b25e3f5b.sol,0.5.7,BK
0x3ad9eeabc7f8552e182c949627e666a4dafb3625.sol,0.4.26,StarExchangeCoin
0x3adc5e502ad7e103d4da38e47e5cded1bb589c58.sol,0.5.17,StrategyVaultTUSD
0x3ade47ab93a9e062caea2a60b88f59cec28c7067.sol,0.5.16,DeBankToken
0x3AEd1b64C68Ae9C8067dA26ED9c05eAe878b11F3.sol,0.6.12,SmartWolves
0x3af7b1f0abc2f2b91993f54e2c5cc8cad8388721.sol,0.6.8,ERC20
0x3B0260cB86D946E716783E977930F50803453f13.sol,0.5.12,ERC20Token
0x3b12e1fbb468bea80b492d635976809bf950186c.sol,0.5.0,yCurveExchange
0x3b293a7012d777184941c90d9af763513777a41e.sol,0.6.0,SirotTokenICO
0x3b3ad8a4acb7d0dcdf9f9d82e603c1cc5bb9408b.sol,0.4.18,DOGESTABLECOINTOKEN
0x3b3bf16028e40bd3a7af66ef04e41e3bf6f51e55.sol,0.4.26,ConverterRegistry
0x3b4f7cb9e60362a49dd04eb0091a374d340e3efd.sol,0.5.2,ITAMToken
0x3b5d2b254224954547a33cbf753bcaa5eb4b27bd.sol,0.5.0,RariMineV2
0x3b7b06c5e82056844eac175e0be1ceca340fc8e1.sol,0.4.19,NewCentralObjectToken
0x3b7c02b7ab401ad9c2134b5180f62b894276388d.sol,0.6.0,MLFundTest
0x3B8c698C5bDaA059F93Bae370F00a01c4fA5352B.sol,0.5.12,Token
0x3b96cb1330bf6d55786c3d5d3c7592cb8ce54454.sol,2,BondData
0x3baca968382dd317a326a3bc3629e51e0a2e2c99.sol,0.5.17,DharmaTradeReserveV11Implementation
0x3bcb2283b8a696c12e907ea7410d2ee6691d0cfb.sol,0.4.11,MintableTokenExt
0x3bcdcce9b65c3af4764609c76bd3ac035d130a0c.sol,0.5.12,LockTokens
0x3bdb3bc896af8d70755d5516061651d6f51fb00b.sol,0.5.10,ShareholderCWT
0x3bdb8b7d03ab4299250e9b7ef0c717c8a1fd3913.sol,0.5.16,AddressRegistry
0x3bdbcd52bd83cd38eedb0e76885550e6cea788f4.sol,0.6.0,DDOS2
0x3bde675fe78ca4f11aeb719123d5dbe7c207cdf1.sol,0.5.11,Morality
0x3becfb8f3b009c6417a75397e8a99f205a5eab59.sol,0.4.25,ChinToHaPaint
0x3befe34ac47e7d6204470b28eeb515a69d4865d7.sol,0.5.12,ExchangerToken
0x3c023a75da4635ce931778ce24a36b041e503eff.sol,0.5.16,PainthereumContract
0x3c048ef383d684a78c1993dcb50d8b4f95c0569c.sol,0.5.0,AdminUpgradeabilityProxy
0x3c04a4251776d2a54b691b1ef21fed7892518653.sol,0.4.24,ForeignBridgeFactory
0x3c0962f8101f0ddd3b05b49ca1cccea88e17cb60.sol,0.5.15,ShardGovernor
0x3C0e95a7F64E286bBB5bddBfDEc53E2e42f288dc.sol,0.4.24,ClassToken
0x3c2168de4386a100aedb89b0213e5f8aac6b956c.sol,0.4.24,ForeignBridgeFactory
0x3c331684908be17ad7c77d47f66dc5d42eba6bc6.sol,0.5.16,DACProxyFactory
0x3c33f0c836d22b513aebd7c9d2e4cd32a2c09416.sol,0.4.24,IFTI
0x3c420e94beac0e2623e6c12c7d90ca4617bb9b24.sol,0.5.0,FlyingPigeon
0x3c4962d0236f651da8a6f55fa0cad04222ec62c9.sol,0.5.0,AaveLiquidate
0x3c51210c25e2f053ee02ea46ed9a66b587574b58.sol,0.5.1,XLGToken
0x3c53efc6bde2046ce4e6a928347db4c358d74c88.sol,0.5.11,CurveTradeHelperV3
0x3c5916c40c13ba2a80b66eeddc0b8cedd5e647c7.sol,0.4.24,Tribezcrafting
0x3c6f272827a54b810ea0874b995e7adb40b6a2b7.sol,0.4.25,Token
0x3c7387f37f90e46d1a27138a7a5ca5d9af3539bb.sol,0.5.0,Staking
0x3c840268c90271bb65cb251b11f8774e60e5689a.sol,0.4.26,UniswapTradeExample
0x3c98b61ee05c0ac38276275b688d4d11a45d926d.sol,0.5.15,ERC20Token
0x3c9fe54a67615f1d1bd9956e282ddbc2aab1e0e2.sol,0.4.24,SafeMath
0x3cad5c69b31862cc9b1d28cbb36051bc2e051aaa.sol,0.4.24,ATOCOIN
0x3cdf83b805d35fadf93bab17899f4373d49457e8.sol,0.5.16,RewardsDistributor
0x3CE6EE6c8a927630a45db4EE56666bEBe3575820.sol,0.6.0,InstaStakingMapping
0x3ce9e5ff3f42da5deed56775e2e2cadb484d402a.sol,0.6.3,BrightID
0x3cee283d4095083b356c000e9c0d80370d44f34d.sol,0.5.8,ReliveCoin
0x3cf1038d60fcbbb0d50eb3793ac096c24a14c9b1.sol,0.4.26,flashIt
0x3cf82d81c9b71b112c8dd0c05fa05cdcdee90189.sol,0.5.0,COVID19
0x3d0121bf70fb50696b5dde384bb8d3d6748d2e63.sol,0.5.17,StrategyCurveYCRV
0x3D064dbC3d740cb6d38e527875fd76125D32896D.sol,0.5.0,ERC20Mocha
0x3d0f6cc779bec23c58baf5f9646c92fddee0476a.sol,0.4.26,GetPrices
0x3d0fe799287d2e5379f034a3047ab71cab86d008.sol,0.4.25,SafeMath
0x3d10d0907acd2fbbdc1abba4cd714b3a40196011.sol,0.4.24,CoinJanitor
0x3d319ff69853a3359ca56ff2b2e7ed88bd871b37.sol,0.4.24,SAPToken
0x3d362791fda48491bddc20c4cf147fef688ad56e.sol,0.5.11,DharmaDaiUpgradeBeaconStaging
0x3D3D35bb9bEC23b06Ca00fe472b50E7A4c692C30.sol,0.5.17,SafeMath
0x3d3eb13738c72a81e93fcf13ce7a8b3aaabac654.sol,0.5.17,CalculateCyle
0x3d40fab11ee30e3aa1900ccfafd190f0851a6157.sol,0.5.0,Lockup
0x3d51794b9f6aa2b21ac5840b05f86bbb785d9f39.sol,0.5.11,Fenix
0x3d5409cce1d45233de1d4ebdee74b8e004abdd13.sol,0.4.24,AdminUpgradeabilityProxy
0x3d7318a6038a0a4c09cd8a74198c7fff91402824.sol,0.5.0,LoanMover
0x3d76cd9723e0cc8875907cf944c147ee4bafb29e.sol,0.4.25,SafeMath
0x3d92379e1f9564287210d5ab753d46d6bbbc867b.sol,0.6.0,NetworkParameters
0x3d965324a6937e0a7e357abab0278766512de5d6.sol,0.5.16,Treasury
0x3da6738c2b388ebdf2fea79554f27daa7f2d3178.sol,0.5.0,ServiceProvider_UniSwap_Zap
0x3da9ea1622ee74cf87144e3d2c7f7cce4d167d9c.sol,0.4.25,Testnet
0x3db63566fc2d0d5585b7a78bfc0242aefe184ed8.sol,0.5.14,cTokenKyberBridge
0x3DB94aF2808ba0C8A6C21Ee0c63E50047A6FFf87.sol,0.5.0,Town
0x3dbb9fa54efc244e1823b5782be8a08cc143ea5e.sol,0.4.24,Aggregator
0x3Dd0C3D17F5fddbbd4fee3B20eD9A177E6Ab6E15.sol,0.4.18,AQUA
0x3dd0cdf5ffa28c6847b4b276e2fd256046a44bb7.sol,0.5.0,CompoundLogger
0x3de7479924a5c77be0ebc583496f2677fe7bb450.sol,0.5.0,HBDVAuction
0x3debD54a01a1FC12282Afd1FC39738ee3B9240Be.sol,0.4.23,MainToken
0x3Df02A43dEE6cDDC1060ff95122548621622fbD1.sol,0.6.0,InstaEvent
0x3df26c13ada80234ff374bbf9e6080fa9d843227.sol,0.4.24,IRT
0x3df605ca85e8d677c8f6e2665ebcddbd801ee9f9.sol,0.6.0,InstaMakerResolver
0x3dfa84cf5856e01bc4e12355caf7a61738509f53.sol,0.5.0,CompoundMonitorProxy
0x3dfb87b192ff03cfd606e2f2fe4220d8b0bca6fc.sol,0.4.24,SEADigitalToken
0x3e0de81e212eb9eccd23bb3a9b0e1fac6c8170fc.sol,0.4.24,Aggregator
0x3e1da9f33fdbd606407641a76dc8cdaf59278423.sol,0.5.0,MultisigVaultERC20
0x3e21887be2ddf787571b4c90c91e95b150247893.sol,0.4.26,LiquidityPoolV1Converter
0x3E2980482A7cC585Cbc1fbA4C80De78fFf25307e.sol,0.6.0,BasicResolver
0x3e2ba83660b3b4d80479afdef0c0d8ce50c87cba.sol,0.4.18,Token
0x3e3a36812b157cd822717a22336d951126059712.sol,0.5.8,InstaMcdSwap
0x3E3dc42535c242844d8bff33f270A540140e4a0d.sol,0.4.18,BTCE
0x3E66B66Fd1d0b02fDa6C811Da9E0547970DB2f21.sol,0.5.12,ExchangeProxy
0x3e6c2a0bf3c8a11abdc0ac6c31f8e1cc64ee412b.sol,0.5.0,yCRV
0x3e72a3f9819e43713315c3f13338a4dc74b22baf.sol,0.5.0,PaymentMaster
0x3e78373C09Fb75Cdb03AcB47e3c3608EEa91110B.sol,0.6.6,AggregatorFacade
0x3e7f4beee1d5acdd0de0e29acb64ffca086cb7bd.sol,0.4.26,HumanStandardToken
0x3e828ac5c480069d4765654fb4b8733b910b13b2.sol,0.5.8,Token
0x3e980fb77b2f63613cddd3c130e4cc10e90ad6d1.sol,0.5.8,InstaCompoundMapping
0x3e9eef423ff1fee566a8a06cfaf43ce5780ebd02.sol,0.5.11,CryptoDaysMicro
0x3ea6F88eC8F7b24Bb3Ad206fa80124210e8e28F3.sol,0.5.16,P1Orders
0x3eab31b98d90b8b62e015b9b0c6bb973f1fc9e77.sol,0.4.18,UlandToken
0x3EB63d51264CE35b7e3320AE2E70813e264C610e.sol,0.5.10,ProxyContractForBurn
0x3ec5dd7c1621e1cb8d925cc73d603299a5f26f0b.sol,0.5.0,WhalesHeavenBountyPayout
0x3ec7001cca816fb3425f31d041148b2332d66208.sol,0.5.14,LexDAOMagickBatonSpell01
0x3ec78e024308cdb50c97c6e1bcf398f0ef643193.sol,0.5.0,GRAPYFFI_UNIV_Pool
0x3eca1b216a7df1c7689aeb259ffb83adfb894e7f.sol,0.6.0,ERC1538Proxy
0x3ed182eB5D6a3dca61518DD484A53C57b55B3954.sol,0.6.6,AccessControlledAggregator
0x3ee81823457ce9c9ef03674c5f91aea3d5608e8f.sol,0.4.25,ZipmexTokenProxy
0x3ef0225882b6154bfe27c6c7bcadca02f5f83b35.sol,0.5.13,HEX_TOKEN
0x3f00Bb267775bC700aD2e8548f38Db281309E869.sol,0.5.0,HBDVToken
0x3f05c0d81fae7f9f209fae5402d25a9a42d03fa7.sol,0.5.13,XUSD
0x3F1850a7df82a50eC34ca2265Ba843d728fcf41F.sol,0.5.11,STO
0x3f19befe54e45467192de0edf5502b042934825e.sol,0.4.24,CrunchToken
0x3f264c7fc0b29ee64e04f51c57a9935a06a00e88.sol,0.4.26,flashIt
0x3f38cdae6c197ff2d011c2ed4ab768144375743a.sol,0.4.25,ONIX
0x3f39179b38c4cc7464fafb1ab487bfec430b3c43.sol,0.4.21,TfbeeToken
0x3f3c0000d26d00ac000004848d00bd883f956efc.sol,0.5.11,DharmaAccountRecoveryMultisig
0x3f448289a64160dcfa78e9f853d0e57fce1e737a.sol,0.4.21,CNZT
0x3f52cb880b534d57f3c925f2bbb6b2750e2f415a.sol,0.5.8,TokenDepositLocker
0x3F6f3718921FE9F7C113eE3d46928Ff995864078.sol,0.4.24,WpcToken
0x3f8a2f7bcd70e7f7bdd3fbb079c11d073588dea2.sol,0.5.11,Fireball
0x3f9c0211e9ddfccabd614162ffb768f5a7a8ab38.sol,0.5.2,ISF
0x3fa5029121537a3895CA0ca196828f57B13B0Ce8.sol,0.6.5,SynthetixAssetAdapter
0x3fc117b54223e3986154f83c0655348c5729d636.sol,0.4.17,TetherToken
0x3fd30714364a1c6d4ef7fe740e51a7352dff2bd2.sol,0.4.18,Hdoki
0x3fd79e82ccac22a1c1b504e8a04bec133cb3f282.sol,0.6.0,ConnectAave
0x3fdbb6869da47eed4de324cb0658fa2fd5f679af.sol,0.5.0,MarketGroup
0x3fe88d527630632292d7d5182b8f50e2fb515311.sol,0.4.21,SimpleToken
0x3fe92d883b69c716da757706b235cb7d3efc4938.sol,0.5.7,DepositContract
0x3ffac8c032ac32f02d7843a11150488b257e9ccc.sol,0.5.0,TokenMintERC777Token
0x4017546851afceeea684b0992f8dc9123b693fc2.sol,0.5.17,MolochSummoner
0x401F6c983eA34274ec46f84D70b31C151321188b.sol,0.5.2,DepositManagerProxy
0x4021d8382da2a268ffe39dbbc36c97b31e5461c4.sol,0.5.17,metaTransact
0x40284109c3309a7c3439111bfd93bf5e0fbb706c.sol,0.5.9,MOTIVProtocol
0x403fc67bc995aee4dae6f5461788c94c977282b5.sol,0.5.0,DeflationToken
0x404fa8f91433b11f83b0CBFa48CD160F73926C69.sol,0.4.23,MainToken
0x4055BD5A000d97bFCA86D71386Dc85001Eb738F6.sol,,Imt
0x40569ED020136BC8AaB92033536106a90652dCf6.sol,0.4.23,MainToken
0x405e237a19ab1e97687b6280618e2d2d88759bef.sol,0.5.0,yCurveExchange
0x406ab55c0bab2d4a3361f87f251211c3090d80bc.sol,0.5.0,ERC20Token
0x40706a6CDFEB61817EAdf7766EDb6724065088CC.sol,0.6.5,UniswapV1Adapter
0x407b0059f87ac505ea7e7696f2599454587a4c1c.sol,0.5.1,zenimix
0x408574d2615694bb6d6957db749e2b2f571b38c6.sol,0.4.24,HKExCoin2
0x408666e471f64df0d4d69c8a98e915aba75a333c.sol,0.5.14,OfferToken
0x4089f0581247b946401234fd3f9ef8cc36f06374.sol,0.5.0,tknBatch
0x408ccef939325167fb0285a4363ecc766598bddb.sol,0.4.26,UniswapTradeExample
0x40b5520d5d5f46aa8db4c8d92549ae042f6e85c6.sol,,MCDFlashLoanTaker
0x40bd98e3cce4f34c087a73dd3d05558733549afb.sol,0.5.17,StrategyCreamYFI
0x40c3f4c4189c04708e8c22659a16ebafc22218e7.sol,0.5.3,GekkoinEURToken
0x40c43097a3e0db9ffa83c648b74bda9e2db58851.sol,0.5.1,bizcloud
0x40c71a20938ff932bea18f674e73be670ea47ccf.sol,0.6.0,InstaOneProtoResolver
