0x2699fc3753b1036534feb3be8704c9c5e3262606.sol,0.5.8,InstaCompRead
0x26b054b0fa823c275eb5ab02dfb7a95a31670d26.sol,2,CryptoFormulas
0x26bffc33eb47e1a20bd4e559eec33b68196621fa.sol,0.4.24,DataChain
0x26c20010c13e0ee649dff00985cba47f017642e9.sol,0.4.24,VDTToken
0x26CBC7008cD879f4B63B69a915378f2D9b17bBF0.sol,0.5.0,Proxy
0x26d9980571e77ffb0349f9c801dd7ca9951fb656.sol,0.6.0,CurveExchangeAdapter
0x26E43759551333e57F073bb0772F50329A957b30.sol,0.6.0,DegenVC
0x26E4AeB870F7E9cd8A0877F8Ab672FF8113720A7.sol,0.5.8,ReserveBank
0x26ea744e5b887e5205727f55dfbe8685e3b21951.sol,0.5.0,yUSDC
0x26eac4b2080c343621c9792c0f27edd25e2c3197.sol,0.6.6,SmallGoal
0x26f57f35a4ae934df990e7ccd9172c4c3e14f286.sol,0.4.23,CHEX
0x26Ff5a8D3D912F21208818f32fde1D6B71dFb2BB.sol,0.5.16,SwapperFactory
0x2707b2acdfbd40ab84ac797ddc1fed24d9d6df98.sol,0.5.0,yCurveZapSwapV4
0x2711128d64e5ea6dc09a5453f4b55811971710e1.sol,0.5.0,oCurveLiquidate
0x27191cba7560be807ad4ec3d9b54722a5fe7d633.sol,0.4.16,TokenERC20
0x271a2c56e55e8cd663e39a0dfcd7b6f9b4b4f5bf.sol,0.4.26,LiquidityPoolV1Converter
0x271e6a3537c575f6ccfadfeaa5eaf93263f2da4f.sol,0.5.0,yCurveExchange
0x27208a981a8e0a70475998e10287e43757cf1c87.sol,0.5.8,InstaCompImport
0x273194c45240c80222f082106b8cc33e002fedbb.sol,0.4.23,ZZZCOIN
0x2732e2a7bfAA8E5A21C07F4f1c167bBfbF7A2ac1.sol,0.5.16,AaveIntegration
0x273528B943893BE1C05A48F861F9613a4720673c.sol,0.5.0,VoteCounter
0x273d13a01e15154182b91f1daab6bd3bfa6b2a2d.sol,0.4.26,LiquidityPoolV1Converter
0x274aac49b63f07bf6998964ad20020b18383a09d.sol,0.4.24,BancorFormula
0x276a6c276244cdaea93fc69c1c45c3978be10f24.sol,0.5.0,AaveLiquidate
0x276B96763634Bf2414D6d690AB7e965b420DCf3b.sol,0.6.8,CurveWrapper
0x2773a3ba710f65baec6b7801e0b56c4586ad69e8.sol,0.5.0,SafeMath
0x27750e6D41Aef99501eBC256538c6A13a254Ea15.sol,0.4.23,KOLUSDTFund
0x277aee1ecba0034d24b9dfac5c866ff696fec087.sol,0.6.2,CommunityOracle
0x27b2caef5ee2495cd632b481c6822e209be224b7.sol,0.5.0,TokenSale
0x27d0fe413227717ac790f9bf310e39069bc6397a.sol,0.5.0,Staking
0x27db2f2eb98219f7909fc7e1249682703f4b959d.sol,0.4.20,SafeMath
0x27dba635cd3ebcf734e079284352b16c3888216d.sol,0.4.16,BitfreeCash
0x27e0523c087a6bde3fefdbeff6230a59e3559f42.sol,0.5.0,SafeMath
0x27e4291ca5afa19fe22d562735fa83500796b879.sol,0.6.0,ConnectOne
0x27e847f9c67d8897e3a878885859cffd2155682d.sol,0.5.11,CheckReserveSplit
0x2802dca74c949d6a99c8ac5f66d2cf66aee745b1.sol,0.4.24,GeneralToken
0x280877fa2F2c45f1a954a8e07173bAe2A6A9A7c2.sol,0.5.0,SimpleToken
0x280Bfe8a9E6654aAA2D1897c4a3A0FcE1e85F141.sol,0.5.0,ShareAt
0x280c50ad7e6650bC6142e60bE17157fEd01C65e3.sol,0.4.24,BalanceRedirectPresale
0x2819d31f2abd0e39f2d7c271725220c72d50e75d.sol,0.4.24,Clavion
0x281a4f339679F1534D4691f08885E1Aa8c663FC6.sol,0.5.0,ExternalRefund
0x282A131376ADD1a9F09940195447F4Be1efdfA90.sol,0.4.24,Rewards
0x283d2d5fa7ec80f00bfeeb370e1b8cbf7caba614.sol,0.5.11,YAMToken
0x284e8386e94624d7a681b883d0a718ec22481536.sol,0.5.0,CoinbaseEthPriceFeed
0x28515e3a4932c3a780875d329fda8e2c93b79e43.sol,0.5.13,REGISTER
0x285b7f0f1f16ecfc9d12e78ba6fcebfb69e42d64.sol,0.5.16,MLMcrowdfunding
0x2865d36470c2ab547c7d2024e211dcdc6e542e60.sol,0.4.18,Avalon
0x2867e2d426c091c07d5d32fdbd58bd8b0259b092.sol,0.5.12,BountiesMetaTxRelayer
0x286b49aA866d6161DAACB85E119b1337E63824b3.sol,0.6.0,InstaAccount
0x2871abb6c36161a251d295ac05773cab006c240d.sol,0.5.11,LTP
0x2872e9e9bcf2d31e82275e7256df3f77b4d59867.sol,0.4.25,UniswapAdaptor
0x28780241860748e63f4c8d60af58e16bc716772e.sol,0.4.26,Witness
0x288685e88a1885c631478492e0d948d91cc44570.sol,0.4.26,Yhbt
0x28877a0f8c38536923507efc8691ca9748471622.sol,0.5.8,CourtPresaleActivate
0x289a7d1d22abf90595b4f8d109e7de71f03d42d4.sol,0.5.15,AztecChaiAirdrop
0x28A40d600df979E8DD0540E53aBB8661a608ab68.sol,0.5.0,SRDPoet
0x28a5da04a94f0501a6f77df8f8a9529d27b92744.sol,0.5.0,Migrations
0x28ad54a7208608d17b8d4a4a4034f254a28df85e.sol,0.4.18,OrderbookReserve
0x28c3F1aF94D91C02282B4eda131C4Cf0bAd6aE77.sol,0.5.2,MaiProtocol
0x28c57fadaf89f2ab6f4a12972007daa841b9cfc4.sol,0.5.4,PAIIK
0x28c63601d8e68c6c1b920cfe1d9bc5b378186b32.sol,0.5.16,DfFinanceDeposits
0x28cb7e841ee97947a86b06fa4090c8451f64c0be.sol,0.5.16,YFLink
0x28d0e77f4576cb783a763efe1fd8106c3ca530ed.sol,0.6.0,Escrow
0x28d2D42f7B2ab21A8BF350fb4ad4bbD2947324c4.sol,0.4.16,MyAdvancedToken
0x28d3e409bb9bc58f1ca6e009f8fc78a1db85e6b7.sol,0.4.12,Token
0x28d95c29532c3addf6fff3836c4fad83ff05b665.sol,0.5.12,StandardERC20Token
0x28e10fe0b8fb39e1ba07df90d2219bb954d990ee.sol,0.4.11,MiniMeToken
0x28EE842FAb8e79E85867752A622Fe3Dbc658fc33.sol,0.5.8,PointKRW
0x28f94409b40213d95c0bd942fa16d6c679475bec.sol,0.4.25,DEKSX
0x2918eef1e0fac9796347527d8f4a9be8538fd675.sol,0.4.19,JUSToken
0x293b75f71dad33465771d58b584014059455b97b.sol,0.5.0,BlockonomiToken
0x293d6708ec8A40D98fB72bca6d6F755800aFc620.sol,0.5.11,ToonizeToken
0x29409E4ad4a257751FDF3A480d8B6300e5d76829.sol,0.6.0,InstaCurveResolver
0x2943e810c2d14a084ed9ab44e0d239f923c7cd27.sol,0.5.12,CheezyExchange
0x2946aeb1018eb5edc1cbbd8955c809f095507a29.sol,0.4.25,ZENToken
0x29496933e1b7618f047230173061c5fe47da0a46.sol,0.5.17,DharmaTradeReserveV14ImplementationStaging
0x294fBcA49c8a855E04d7D82B28256B086d39afeA.sol,0.5.5,HMaker
0x295e8ac3386bde14ecde5e7ff741ebb43e6a162f.sol,0.5.9,lexDAORegistry
0x295f8e1ab806fa7f7f1c69fc3767aa2a965b0fb3.sol,0.5.0,CODEO
0x2971adfa57b20e5a416ae5a708a8655a9c74f723.sol,0.6.0,InstaIndex
0x2976f6cc7498de595ff5b688b5d26ae99d157fc0.sol,0.4.24,FJTX100X01
0x298b6d3317bbf3b35c2bce91756f4bf9e0f456fb.sol,0.5.17,MolochSummoner
0x29917c3b1c2b4779a7b61f08d98b3da0fcf3b6a4.sol,0.4.11,SimpleToken
0x299660a18516bd3223e530a76af26280bc8ab7db.sol,0.4.18,GBIXTOKEN
0x29a199a49aF8d657C110418C2b0D2F932b025dE7.sol,0.5.16,P1MirrorOracleETHUSD
0x29ac3094e01ebd60dab99f4746e04ae0fe013a95.sol,0.5.3,VENT
0x29af3dc52839b86b70e739fcf380c2e6561cfebf.sol,0.5.10,ShittyDice
0x29b49001da831c014cf310e71fe877964ad5d02b.sol,0.5.17,SmartWalletChecker
0x29b4908bbcd85339f9c7476c55a08661c293321e.sol,0.6.6,DemaxTransferListener
0x29c8348a98206056a0ac08b681a5acdaa06c9084.sol,0.4.24,BGGToken
0x29cd5b9825c0eb57ed7d2bbfb4ffb0c3fbb8cb1e.sol,0.5.1,TestCash
0x29d513bf1195e9b2d17f2d728c0c423300f44df9.sol,0.4.11,YuCoin
0x29d850fd5d401d31a9ca43f9c05b0a04f27f008f.sol,0.5.16,POLKACOIN
0x29d9aac5ee0b954690cce0007a87adad129fe2e2.sol,0.4.24,TRI
0x29d9ede1d2fac6fe3b19d6005a81540d094665a5.sol,0.5.2,Blacklist
0x29e240cfd7946ba20895a7a02edb25c210f9f324.sol,0.5.16,yDelegatedVault
0x29e3b904e372f1296f6d85e61e8039b62ec79ff0.sol,0.6.5,LPCurveSNXAssetAdapter
0x29f7324836a88d04ce760e240e6cd7f0780aa255.sol,0.5.0,DappHeroTest
0x2a012e1dc8cbd3142c872ab5481a23f7748a3764.sol,0.6.0,Vesting
0x2a03eb37c0077dba0814a004bc53f2567b7587a0.sol,0.5.0,Quip
0x2a1bad9c0048aaf9dbfe7a0945e0cefbc4b5fd7d.sol,0.6.1,LockTokens
0x2a22012d6Eb68f9470053ae71FF4B2D1594A7692.sol,0.6.3,SafeMath
0x2a3ba5E280F70A6C4C6FE4fA7b4d09D496f3296a.sol,0.5.8,RToken
0x2a3d1267e0c1c6546d1aa80f5dea1fa03440211d.sol,0.4.25,eMaskAdult
0x2a469a22101f1f672b745d729d13ab8dbd203c9b.sol,0.4.24,COINSTO
0x2a5090ad076859fd8676a7eea52b7c2e46b898c4.sol,0.5.8,InstaMcdMigrate
0x2a59036f13d3a6415134092b8715343e1dd1bd43.sol,0.5.16,yDelegatedVault
0x2a662a0747f638f9aee3bc6a3ab0562bbde61647.sol,0.5.3,DharmaSmartWalletImplementationV3
0x2a7e7718b755f9868e6b64dd18c6886707dd9c10.sol,0.5.11,DharmaAccountRecoveryManagerV2Staging
0x2A88696e0fFA76bAA1338F2C74497cC013495922.sol,0.5.2,WithdrawManagerProxy
0x2a930d1812da97755831ce4cfc5d203b7079c47f.sol,0.5.4,Minter
0x2a94a7d0dfd2e0c4fa359e88bc67d2782386e108.sol,0.5.17,ProxyERC20
0x2a96be519721e5372d508e621294c6f446e4fa1b.sol,0.5.16,JustSwapToken
0x2aa2d3ea4bfc7cb8ee057aa76d95684630b18dd4.sol,0.6.6,EmployeeTokenOwnershipPlan
0x2ababa5d95bc78da2de7327ee08f36fb23d9965f.sol,0.4.26,OxUST
0x2abcce8b749ad92596dd8bc9c871fbb6ed553229.sol,0.5.10,Collateral
0x2ac28f3ca70d10f978d253ed75e2bd725be64c21.sol,0.6.0,InstaAccount
0x2ac9F89E4133A7B50d0250Ba62aBA925e89235bC.sol,0.5.13,OrchidDirectory
0x2acf7db66b767a431acfdfe9f8834ddf5835c53d.sol,0.5.11,GlobalCoin
0x2ad770f563b752215eb093501ad3ac8672983904.sol,0.4.25,LockedResources
0x2ad798c91624724811c1f18b4db3e1d4bcf8bfbe.sol,0.5.0,Staking
0x2ada28ece60d2d7ab721bb687de22c7bae4418f7.sol,0.5.16,yDelegatedVault
0x2ada3f0bedaffb5f3dfe0aeac43ac34f893d02ea.sol,0.5.3,MolochSummoner
0x2addC795a78DA758287A39fBAF84f1aA0A1a42d3.sol,0.6.8,CurveWrapper
0x2ae83d024a0620d8a02e4bea055f1e05c5fc8396.sol,0.4.18,ConversionRateEnhancedSteps
0x2af6ef584c8937fbec4a8f50ae5ed1fe6c47bdc6.sol,0.5.12,DssSpell20200221
0x2af7ea6Cb911035f3eb1ED895Cb6692C39ecbA97.sol,0.6.0,InstaEvent
0x2b00bead1381aac9bd847e029f28dcf33248e3fa.sol,0.4.26,CRYPTOCASINO
0x2b0385a5ff8ab37617494e6b5d0e0dc887b3aabe.sol,0.4.24,YESC
0x2b0809033d82d5d752b71305df631fb45da76934.sol,0.4.24,BRSToken
0x2b0ef43e0111c8acaeaa26d93fa77048ef2a2cbf.sol,0.5.0,SpyceToken
0x2b10e1970ba95c27c6fe3d496dd5d624a1e68d56.sol,0.5.7,Pool
0x2b119d4ecdc6f3a4c687ff5454aef6ee257ecfd4.sol,0.5.16,CompBalance
0x2b1884d323cf69de5699fc80fc0ebe9e5d00156d.sol,0.4.18,GHC
0x2b1eb94d2aed2dea74d85a6bac5f44df03b8dedb.sol,0.5.13,BDAONetwork
0x2b256b3fa2fee185ddfbf11ae0aaba32870321c9.sol,0.5.12,StokrTokenFactory
0x2b3e5e577fc8604528ecce7685d094b881eaec98.sol,0.4.24,ZyxelCrypto
0x2B451E74C141B262F89B96ddad9FAEB5c12A77b6.sol,0.4.15,MultiSigWallet
0x2b56e1e9Bf814a6658Cb55898EfDd61170c682d9.sol,0.5.0,Withdraw
0x2b6695a4a36f388980c559137135fb2906d6f20f.sol,0.4.24,Berry
0x2b6d1d58260e3463fdd613b897e16d2649213f55.sol,0.4.26,LiquidityPoolV1Converter
0x2B6D87F12B106E1D3fA7137494751566329d1045.sol,0.5.4,TransferManager
0x2b6dd33b57579d93f0fb799abbc47e16d589a024.sol,0.5.7,Views
0x2b73cb82aebd4c261cae319d2f9eafedbf72abb6.sol,0.4.23,CoinAtc
0x2b7a7afe445a8b83310c424f28c1d0c96a94f7f6.sol,0.5.0,Rhea
0x2B7b004310D291c53011d2EE2977b878EAFb6F97.sol,0.5.0,TokenMintERC20Token
0x2b85cea4e0ee23468b54e0bfe8284f4c308cfe37.sol,0.5.11,CCS
0x2b8766109b67102fd198965e2dcec9b5f0ed3e43.sol,0.5.11,BatchWrapper
0x2b878f8d2a3f953ec3c9da554c8a8480fe4f8f30.sol,0.4.26,TokenERC20
0x2b8d813ec937182f1ab67bd28e8ef5a3557b5cd1.sol,0.6.8,Sync
0x2B9234eEC1125F60a0c74Fe47f5cBa5DBa53a760.sol,0.4.25,CyPunk
0x2b93c15f8cae8dfa565f6530e0bc6f8291366913.sol,0.5.16,HamMoneyToken
0x2b98746f4037bf1a334c1340e5136674223392f6.sol,0.5.11,TheChosenOne
0x2b9c2faba6b5121acdeb6c1c3ad5877ab7b98897.sol,0.5.0,yUSDC
0x2bb28da0910dd1b07184c4fb3935ccc1f2ad2474.sol,0.5.13,ESCROW
0x2bb33dcf5409cafc6262a7df7edd06211522a346.sol,0.5.8,NovaxToken
0x2bc7d7673b17efdf7f9d71921e88877711276c84.sol,0.5.16,StableAMM
0x2bcc63b260ffe310cb185261c6f410eb30f3b9e3.sol,0.4.25,ModelDataSource
0x2Bd08F70ebdF97C0533aaED892358Fc642Eb5F61.sol,0.5.0,SeigniorageMining
0x2bd9baedf2c6fc4b86c725857ae156cb43fccba6.sol,0.5.0,Engine
0x2bdce14cb38376e4f910aec6b9b1860d7ad7b6d4.sol,0.4.24,Life
0x2be53023474d71ed5bcff47066138920d686f44a.sol,0.4.24,KHToken_StandardToken_U
0x2be5d998c95de70d9a38b3d78e49751f10f9e88b.sol,0.5.16,StrategyControllerV2
0x2be79dc52454bf261db5e6867ad945ff26847e07.sol,0.5.0,Unipool
0x2bf04fcea05f0989a14d9afa37aa376baca6b2b3.sol,0.5.9,MStableBridge
0x2bf0b9119535a7a5e9a3f8ad1444594845c3a86b.sol,0.4.26,BancorConverterRegistryData
0x2bf1260a0319f42237c99b5a9e53f51043de7484.sol,0.4.26,TOYOTA
0x2bfbeF3Cc284040430Baf13af435a1A090BE8FeA.sol,0.4.20,ERC20Token
0x2c0f41eb07a0635bac34bd7d11d0ca6058279601.sol,0.5.0,STOREToken
0x2c1796a19110d3ab9d1b425e3ec3ff178eb2cb6c.sol,0.6.6,DeployableToken
0x2c1a8c3cefc44d9b0e617b57b69dfb4c6ceb931c.sol,0.6.8,BotCommanderV1
0x2c1bdf3a45609d9833e7c8125c49e47c791b7152.sol,0.5.17,MinionSummoner
0x2c2147160d7f56239c9c4638b77a3ba77a7555a5.sol,0.5.2,Serotron
0x2c2807A0Eb5Fd0DFaC8A93A2c9D788154a17B369.sol,0.5.0,Allocator
0x2c29f5e1604a7c4811cf51c4b71115c6714f0a7a.sol,0.5.12,PaymentStore
0x2c2ad243e228405a0331c946c655b2ae6c9cf457.sol,0.4.16,ERC20GLD
0x2c307a1952891cb2b6856155a1534a1c75ecc7cd.sol,0.5.0,TimeLockFactory
0x2c388fd310768910adbb1221e5e0d643458a6360.sol,0.5.0,AaveLiquidate
0x2c3a2558e9b91e893e53bce94de3457a29f6b262.sol,0.5.0,yCurveZapSwap
0x2c3ba3407AA5650aBA7101e20BD99bC5f9b0e4D0.sol,0.6.1,XcertUpdateProxy
0x2c3d7c64e2ada94d9ecb1ee2aef992d127ce43de.sol,0.5.12,TransferRules
0x2c41da8bd34e39a3d3841433d54ba031264bcce7.sol,0.4.26,TokenERC20
0x2c4e8bbcf8a801d3a65d4f604bc533f858c1a41c.sol,0.5.0,Locker
0x2c53d82384c6fc9bd6e4e16ecaa5d85861ac5ce6.sol,0.4.24,WCT
0x2c55f6284caee41d3bcc33305cc54d5e0bfb0bad.sol,0.5.4,Tip
0x2c6e51bf140c3dc184c0f317101bea273cdf5178.sol,0.4.26,PremiumFeedPrices
0x2c737fe5d28679a3aa2999176406c7581a974f1c.sol,0.5.0,TokenMintERC20MintableToken
0x2c90FF262D2699667FAF14c5aBa4495ad1acb4eE.sol,0.4.17,ARSToken
0x2c9ff8cd4266de4ba3a8a8e53391853cdb595c23.sol,0.6.2,ERC20FixedSupply
0x2caf5a42ec2d6747ec696714bf913b174d94fdf0.sol,0.5.17,LexLocker
0x2CB60a4291CD613aCc1F141bb87B96c2B816dCC7.sol,0.5.12,GemJoin
0x2cbfd29947f774b8cf338f776915e6fee052f236.sol,0.4.24,Aggregator
0x2cd04bb68786834f199ce12074da7b8832129fe1.sol,0.5.11,WrapperDai
0x2cd784297b10a53003092d6110c83c4092b2fbd2.sol,0.5.4,DappLogic
0x2cDc678E5189134635dc1bd0bd1cD4597Ef3Dd28.sol,0.5.16,P1OracleInverter
0x2ce1f3cd4a38cf0bb0da30efad612eaf5e1faec0.sol,0.5.8,TransferRestrictions
0x2ceff2fc3257b9e66d69de3081483563a9d522dd.sol,0.6.12,PampStaking
0x2cf7c0333d9b7f94bbf55b9701227e359f92fd31.sol,0.5.11,DharmaTradeReserveUpgradeBeacon
0x2d08ade361b43f89e4da90f589cb80555c3191b4.sol,0.5.11,CMT
0x2d0e1e2f053c5bf8b2b8237e6eb397988a412f23.sol,0.4.19,IP
0x2d0f020fa000e90c5c0bf1993dc813224c5816d6.sol,0.5.17,YearnRewards
0x2d1a395b664cc31906aabb4bba9d73321db3d70b.sol,0.4.26,UniswapTradeExample
0x2D1A73512F107668C15BF0f1Ccc8dfb45f1a2cCE.sol,0.6.2,LockableDeposit
0x2d2b7929731c926f8ce373a78863080e9ad53356.sol,0.4.21,BEECOIN
0x2d4ab10a0aba7d7feebea2b0fc07d93bdaec2714.sol,0.5.2,WithdrawManager
0x2d505fdA30F251ACB1D384c20f7ccFe522cD54Fc.sol,0.5.16,SwapperFactory
0x2d5487420fbeb5ba74eadf51084d4f71e1733983.sol,0.5.12,PublicLock
0x2d64234ff9295174c9805ca68ef5f9ac63f21554.sol,0.4.24,eCredit
0x2d66427c0614b703efaa3da4efd97fe05de11bf3.sol,0.6.5,PieDAOPieTokenAdapter
0x2D68aeDea38ff0bb179ef869554bDAA2f8033279.sol,0.4.20,ERC20Token
0x2d7e683299d32487913909ec7fac7a83102f8138.sol,0.5.17,DharmaSmartWalletImplementationV10Staging
0x2d7ef5876d4173922d5a7fcc6978c24d815dae3b.sol,0.5.1,Crab
0x2d852d2efef7a8d9200a50d66e5a20b67d5d7cd5.sol,0.4.24,Xbit
0x2d8d5f7ddd4173cc8874a507418d055fce85a878.sol,0.4.26,Trader
0x2da5133c2b4875186cbd4901caf0d32a6842472d.sol,0.4.24,ambrosiacoin
0x2da6482c770c55b23f66a6190e8bb76862419aaf.sol,0.4.18,CapitalCoinClassic
0x2daae64cc8516187c9d2ab209f3faa2f83b246e1.sol,0.5.17,Moloch
0x2dbc2423931d870933813945a4c5aeb7b45a72ce.sol,0.5.1,ozonswap_token
0x2dbc5f35169babb4cc71467bc664a0ed99865dfc.sol,0.5.2,DeepCloud
0x2dbe823bbb134274b463b7ae001961f36d2bbcad.sol,0.4.24,RemiChain
0x2dc6af9155ec0285d3db407c17273db9f9dc84b6.sol,0.5.8,ERC20HTLCLite
0x2dCaD61350EC531910Da683d396d92e3aE5E5C8d.sol,0.5.2,ValidatorShare
0x2dda85bdb6e977e2637a09913cbe7419429f7819.sol,0.6.0,PullRugRun
0x2de050c0378d32d346a437a01a8272343c5e2409.sol,0.4.24,Aggregator
0x2de055fec2b826ed4a7478ceddbeff82c1edfa70.sol,0.5.17,StrategyYfii
0x2dec265da3d5569de52c39fa2836355eaed37acd.sol,0.5.0,MultisigVaultERC20
0x2def52220e91eb42b2caf8005f7f671dc692bf89.sol,0.5.3,multiSend
0x2dfe185f4693fad564bb582f6941820e1ec25089.sol,0.5.10,ShareholderCWT
0x2e08cdd3aa95283201a2247217d35332fe38a082.sol,0.5.0,VCToken
0x2e21613c4eed4a5af1e9223edcfc8640138da7fb.sol,0.4.24,FiatTokenV1
0x2e2652277239990dd91939b8ca924e706aeae574.sol,0.4.25,AWGame
0x2e28e2673777d9b35424a9a4f88502b5a1538d9e.sol,0.5.0,LoanMoverProxy
0x2e302802a33dDA5Edf530a35a330613086440cae.sol,0.6.0,BasicResolver
0x2e320fe846581f2ddc73ca391cbbe01d9968d5fb.sol,0.5.7,GozePayToken
0x2e43d4ba9c164c594eae38e9bcc3da6db26ad85f.sol,0.5.11,DFW
0x2e44FDbD799d53fB9Bbb6Ed17A63eaa05c04D73a.sol,0.5.0,yUSDC
0x2E49cab231386478C56173B744eA428f6eDc94A6.sol,0.5.7,ZeroExV3ExchangeHandler
0x2e4BFA61391230013c30deD7384DD80E282859c8.sol,0.5.9,ERC20BridgeProxy
0x2e4d380052c2db43cbed951e511db84aaa1b3c6e.sol,0.5.0,DplatformToken
0x2e652083b5ad5947a4fcad0786e989d83363b5f4.sol,0.5.17,MinionSummoner
0x2e65565cf7fbb37bac2c0d84e3a54c592e1dc4c8.sol,0.5.17,Controller
0x2e6ec929349d0eb57fd8f699f8b8445aa6e8e43f.sol,0.5.2,MintingPool
0x2e765da7107f84d9b071bba7d3894670137f7263.sol,0.6.8,SVToken
0x2e776B7BFb8E8307E476BA4B77B21D4532ed47d2.sol,0.5.0,TokenSwap
0x2e91E3e54C5788e9FdD6A181497FDcEa1De1bcc1.sol,0.5.0,ProxyToken
0x2e94867c5ab030ff3dec8069ad1aac2de4d9e363.sol,0.5.10,P2WSH
0x2e9ddd0026cc3f26393ae7796ccdc8ed1fb4bd05.sol,0.6.5,MCDAssetAdapter
0x2eac0c3dcb5b05954f9abbb34a26dd05f863571c.sol,0.5.4,SafeMath
0x2eb7aa13ad75442cee995638af57a3e7819b95c1.sol,0.6.10,RUSHtoken
0x2eb80de3ccf944083dfc50ccf3ca250368098569.sol,0.4.13,DecentralandVesting
