0x9d522b16031bb2b009c504ec9eff203c8d890eef.sol,0.5.9,EtherWin
0x9d52fd110a3405f7475a4d7e90b83cc4f1a51c4a.sol,0.5.0,ERC20
0x9d5e80044d4bf24f82d21c5ee53b91efa49b7251.sol,0.4.18,EnhancedStepFunctions
0x9d6b7cc575872043197ad6ca8806b3268aba74aa.sol,0.4.26,flashIt
0x9d7812b32534db2fb03a3b199a9fecb720f43a05.sol,0.5.12,StaticCheckCheezeWizards
0x9d80c58b3495bd2301e051dbf0093d1a22065993.sol,0.4.24,SafeMath
0x9d8169c8f1e3d1487b13dd0cba19fc4b67e3af8e.sol,0.4.20,ERC20Token
0x9d837b62dfc017fe6223e69dbf6aa10d0883bd22.sol,0.4.26,flashIt
0x9D8B3FFcC7217aa872AB8fb1C4e06d3E8bAa7CD5.sol,0.6.12,AllowanceCrowdsale
0x9d96c1e44bad73f980f43f5db6cbedcaf434d6be.sol,0.4.24,QUBIT
0x9dc2c27e114d1cd15fe635aa7fc32803aaec9968.sol,0.4.24,MKExCoin
0x9Dd11A70d5c12b241aCbDdF97E88cCf99964b940.sol,0.5.16,MarmoImp
0x9ddac09a378e678107283c719781ca20594f1992.sol,0.5.17,StrategyCompoundBasic
0x9ddd491580cc24570a704a5c22108fd2c3d27328.sol,0.4.13,EVVToken
0x9de152c32d820eb2e1df392854d4df2f4f305530.sol,0.6.3,Greyzdorf_USD
0x9df28a26ce1a73693b737b628b58d0803ce037fe.sol,0.4.26,Trader
0x9df862af5600d75ea10e34278bbd696c59eef9f7.sol,0.6.10,WoneyToken
0x9dfe21123478a9d02b26d5cab2a5c995fd173f52.sol,0.5.0,Token
0x9e115f7d5625b111fee987dbecb35de2257157b4.sol,0.4.25,AirdropCoin
0x9e1999c02be8fd591b241ca9bc1a6e70e98ad734.sol,0.5.14,cTokenKyberBridge
0x9e361d75bdbccd061ce01acc5265646c19778140.sol,0.5.12,DssSpell
0x9e3A398B45EA8fD5d3432971fBEff31dAd895287.sol,0.6.0,ConnectOasis
0x9e3de721551e6cab2a8f1c5d725f6165bf8436a3.sol,0.4.26,GiftOfCompound
0x9e4040e8387768e798e2d9b940f1b000c1e8656c.sol,0.4.24,MyAdvancedToken
0x9e45bc6711b4316e3f238d6355b5acc2152df916.sol,0.5.16,ShareholderVomer
0x9e5749c322b0825e31dca5f05460fde59df4fea4.sol,0.5.10,DaYingJia
0x9e57e5f495ee1278e37f9fee109fcdd030104528.sol,0.4.18,TokenMultiTransfer
0x9e5f466f1745f4e768778a189235f50260B8Bc78.sol,0.6.0,InstaCurveYResolver
0x9e65ad11b299ca0abefc2799ddb6314ef2d91080.sol,0.5.16,Controller
0x9e6dcb5c5a3f17f7400cd63ae6bec0c74e65687c.sol,0.6.0,InstaCompoundResolver
0x9e84932a8dd1ba2f9134cc4a4fe7c2855ae06588.sol,0.5.16,yVault
0x9e8a7fe32d0a9498df565939e67edc55d53404d7.sol,0.5.0,Staking
0x9e93e0e51e9ff9f9c40f4fb99c5d785e910f4bdb.sol,0.5.14,SwapToken
0x9e95a00ef2b580130c535aa9900bd2dfb6addb8c.sol,0.6.0,InstaMemory
0x9ea57c12292cf8ef83421b5da98dcd942a75149a.sol,0.5.12,Laurea
0x9ea775672e4424c403f048ab08c7f56015c5d0f3.sol,0.5.17,LazyHarvest
0x9eb0c987cec77c4952e92c4d2a3622143eca0869.sol,0.5.7,PZMToken
0x9eb5e9a673db34cfc06d5208687f9892975b1e6e.sol,0.5.11,DharmaAccountRecoveryStagingMultisig
0x9EbDd0f7ae32C92161237560B1cd2Bc4b6741ec6.sol,0.5.16,FlashToken
0x9ebe8f55d4b727afa29d887b80010f3d0054d207.sol,0.5.0,Qontender
0x9ec022f82c5004a2fd71ce354ea2e57baf6b81ab.sol,0.5.10,_TippProtocolToken
0x9eed814b155cc52ea24d5b3d1dbfa07efc3ac742.sol,0.4.26,ConverterUpgrader
0x9ef95251233e0586bf3b17f14d31e2a756454a0d.sol,0.5.12,DssSpell
0x9efcea67d20378039202e3b3615c1408ca6da4cb.sol,0.4.25,MIXINetwork
0x9f07d388344fd87538df8c894c0b942165ecf240.sol,0.4.24,BITCOINFAR
0x9f0842a5b18578abe1f7a5ade0c1f915116254d7.sol,0.5.0,APRWithPoolOracle
0x9f14689cdf522849816d5fc960645bc747f64468.sol,0.5.10,RampInstantTokenPool
0x9f16d6ee1b739b460a1ee57fbd25281693b5e677.sol,0.4.26,Simple_Options_v2
0x9f1cf4b26211406e0cf1bbf0e3fcc8031c3b9f0a.sol,0.6.0,BaseToken
0x9f349Eb72C3E07F6E840978C65a8BF3b9C74C4f8.sol,0.6.6,KyberStaking
0x9f35ccb2ca89791c1bdf2ee51ea711629583e82a.sol,0.5.11,CryptoDaysMicro
0x9f3b9198911054b122fdb865f8a5ac516201c339.sol,0.4.24,ACL
0x9f4ee0b03299cecf0bb546f6205286ee7b625307.sol,0.5.1,LAMB
0x9f54a5ec929dec40e600f76252e68595fe91ed20.sol,0.4.25,Simplify
0x9f5b1fa6ec33513b8a9f22cea0acdc9c3b2835b2.sol,0.5.0,Counters
0x9f75b45694286de1d82f55d5e9e178f351e47b8a.sol,0.6.0,SinnerSchrader
0x9f7e69cdb61ef377913fc8d664c142018d9fce17.sol,0.6.7,LinenWalletActions
0x9f84b5665ffbbed3f2f15138972f88f31a4e3e26.sol,0.5.16,YearnRewards
0x9f893545c7c1959bc935590b92e4671efc23ce6c.sol,0.5.16,Factory
0x9f8a849796b1aab7373f61d5a73013f50d1eeb38.sol,0.4.26,voorbestaancoin
0x9f961cec7b416fc2d8c58d24990eeb449bae39af.sol,0.4.25,SafeMath
0x9fa21970f8cb594a17c8a22a26fda2d6e44312a0.sol,0.5.16,Proxy
0x9fc5e07700fd66420bfdc21e219f793d91564ef2.sol,0.4.24,SMT
0x9fcf3d76ad7b4a0cce2532b5d7c7b5cdeb517534.sol,0.6.0,CompoundSubscriptionsProxy
0x9fdc15106da755f9ffd5b0ba9854cfb89602e0fd.sol,0.5.15,CageFree
0x9fe0d438e3c29c7cff949ad8e8da9403a531cc1a.sol,0.6.12,IdentityFactory
0x9fef2919d0eefc22f8853f191bea4a7497a53db7.sol,0.5.14,Bidder
0x9ff2e4f332d91ccc3ab368657124d6b736b64590.sol,0.5.12,QCAD
0xa01935a074e6c1dede39602704b0201af6841273.sol,0.5.11,BigPeiceOfShitCoin
0xa02BbBab0961f011D7a7AC45d2D30F2Ed8f51b08.sol,0.5.16,Migrations
0xa02fea637178bb96394c3bc9af2db3139e8284e4.sol,0.5.1,mixi
0xa04d4f31c2aaceae21279f4c1143741625d79efb.sol,0.4.24,FundsForwarderFactory
0xa069e33994dcc24928d99f4bbeda83aaef00b5f3.sol,0.5.17,StrategyCurveYCRV
0xa06b79b41bc24a83c350ff3f74c7beaf96574d71.sol,0.6.0,Cunt
0xa06dd15c966a201d4dedd5e1a2f3479f1624938c.sol,0.6.6,UniswapV2Router02
0xa072fbb3a8e324c0931e021b8ece0c95a96d0bcb.sol,0.5.1,goldfi
0xa079fbe0b405c161827ce597da9eec1046110244.sol,0.5.0,StableEuroToken
0xa08e0bbe4f85e7368abe90a336e9c1aea426fd00.sol,0.5.10,ZTokens_ERC20
0xa09e9b0646adb25cf950e4ca61afa0028e505d36.sol,0.5.17,DharmaTradeReserveV5ImplementationStaging
0xA0A88EfF61E311C7940c1C27EdAe2C9F1d8Fd36D.sol,0.5.0,yUSDT
0xa0ae6586119efd760d8a96e4544edf4398bdb7d8.sol,0.5.14,ETHDrop
0xa0b16f982685a9160da82f561d798eacf4f3724f.sol,0.5.0,Staking
0xa0b84460a1e78339692c7463009c35f0b9a6ae4c.sol,0.5.8,E2P
0xa0b9838d0b0c3255fc9d568abbb35cbcd2db87e1.sol,0.4.17,ATUToken
0xa0ba8f31c503e78414ffcd9eb44e54e0a01cd6f0.sol,0.4.25,SGAWalletsTradingLimiter
0xa0c15a8cee997af72907b1f11c29a1817743c0f2.sol,0.4.25,JPMeijiTetsubin
0xa0CAaefd809b946De6de929545Ea55f0267aF84b.sol,0.5.2,WithdrawManager
0xa0cb77779acde6f668265c791c7123845f11e72f.sol,0.4.25,F_Fever
0xa0cf3ddfb4673fc785dd9a165b2a72bb264a8c4b.sol,0.5.0,yCurveZapIn
0xa0d66158f2de2c4e5c929ce9feec64d4f6f5a7cf.sol,0.4.26,HiSwap
0xA0d885316Be23dE8bB19E7C53F6d483279E3467D.sol,0.5.16,P1CurrencyConverterProxy
0xa0d992086dd7f00f98678bc190c7adc17f16b677.sol,0.5.15,YamAutomation
0xa0db2db59bd7a8cb89b3f0dbe26ef2ac8352785d.sol,0.5.0,TrustlessTokenTransferTrade
0xa0ddaa9779a3f237095338b6546aabaad7abeaee.sol,0.6.0,XHT
0xa0ea06d873fe49eab4806a8659f281de28c6f6b7.sol,0.5.0,MAN
0xa0f2c6518fe3192d31146271c2233846a7a11b24.sol,0.5.17,Tester
0xa0fda74439f4b285517a5bbd594d79ebad1d29fa.sol,0.4.24,WorldLawTokenERC20
0xa0fee6407a1508b625bfd350870b3cdfee398850.sol,0.5.2,FDT_ERC20Extension_MULTI_Factory
0xa103f0fd3cfdf7dd6c4f98f615796f007112af3c.sol,0.5.0,POEAToken
0xa10740ff9ff6852eac84cdcff9184e1d6d27c057.sol,0.5.8,ERC20
0xa107504e8183f8be6c2f9f9b760555620a88787a.sol,0.5.0,MCDFlashLoanTaker
0xa10d4f23d87c75af4489406089615e650431034b.sol,0.5.0,Withdraw
0xa111Dc023481DC8f751c1e875A6920168a541d25.sol,0.4.24,Presale
0xa117ea1c0c85cef648df2b6f40e50bb5475c228d.sol,0.5.0,DUCATOProtocolToken
0xa11cf8f0ec86ec2170a1cc4e148f75f30e4dd882.sol,0.4.26,Trader
0xa1250cf32c1f884e32b4da52f3b5f5120e668873.sol,0.5.12,Balancer_UniswapV2_Pipe_V1_2
0xA125841831B4645F22c1c4cCb6e1df0842E60040.sol,0.5.12,MCDAwarePool
0xa12bd9d0f059349055a3dc4e38833171b4ad2a35.sol,0.6.10,PoWM
0xa13d570cea90d9ae0aae2c2bba975645bc82ae85.sol,0.4.18,RIZIN
0xa143fd004b3c26f8faedeb9224ec03585e63d041.sol,0.5.11,DharmaSpreadRegistryPrototypeStaging
0xa145eCA55AE0E39D7c228ed7A962424a97AC74cB.sol,0.6.0,ExchangePortal
0xa151e5aecaad2c56319254e0df12768af72db284.sol,0.4.24,SEADigitalStableToken
0xa153C1bD407fF2467bB221412AE34B93107B1476.sol,0.4.23,MainToken
0xa15cc53c0bf65df796916111479e7224eec7db72.sol,0.4.20,tipscoin
0xa16394dfccd9dda49497bca372ac5f7cc4de2a78.sol,0.5.0,LamborghiniOfficialCoin 
0xa1787206d5b1be0f432c4c4f96dc4d1257a1dd14.sol,0.5.0,yUSDT
0xa179038ae1534e4492164ba38ac809e29770ca5f.sol,0.5.16,P1LiquidatorProxy
0xa17c1be6a8f426664a62479068a65238e4ecd13b.sol,0.5.0,CompoundLoanInfo
0xa17ebd0b1496091221799dec42ff12ecf7bfb248.sol,0.5.16,StableAMM
0xa1848d6af6ee11ff8dd0f8cd20bc8d0def18d9f7.sol,0.5.0,PolicyGroup
0xa191e578a6736167326d05c119ce0c90849e84b7.sol,0.5.12,GemJoin5
0xa1a1e36128f9a72b53a181d5a866d44c591858c2.sol,0.5.16,ZFI
0xa1a2bd01b461541bb24240e57c35b1299250a52d.sol,0.5.13,uDEFI
0xa1aca8a70b16fb88763a3b6edbf69bf1df72abd5.sol,0.6.6,Flags
0xa1c20243f06a0f447f9e537d806e4904888f1243.sol,0.5.0,KyberQuick
0xa1c449ae115ac8e5148b49a761eb9827e8126347.sol,0.4.24,SUCRE
0xa1e012d34f58a5c5f6bbc63c6e5514c5583c948a.sol,0.5.2,CALL
0xA200bA6AAb5A1ec6878C6Ad9f70571E275ef4959.sol,0.4.26,LongBull
0xa202f3c4e862c3f950511b96bac9bb83b317f012.sol,0.4.25,Token
0xa20d4c83fee654a477d242d8c85450334a2a07ba.sol,0.4.17,KALIToken
0xa21100bfc6c721af5c8cd7439721743cfcbc854c.sol,0.5.1,Wiener
0xA22BDb53C7A5fEAed92af7760cAc7A9e4502c92a.sol,0.5.0,MoMACoin
0xa23c22c4bbf98cf3f2976bda54ab67422e7a84d6.sol,0.5.11,SVN
0xa24783C07cDD995c56c1d33cE485E6ac39e0C018.sol,0.5.4,SimpleUpgrader
0xa251b5690908e36F80965cE750fa0b87fdE1EE3C.sol,0.5.10,Sales
0xA2569613B3e79122ec5F413caA3412d1FC3d134e.sol,0.6.6,EACAggregatorProxy
0xa25Ad02862756680Ee8aE7aa9ccC37D3d3F75A4C.sol,0.5.10,Loans
0xa2609b2b43ac0f5ebe27deb944d2a399c201e3da.sol,0.5.0,yUSDC
0xa27b96e8a59d36c41620b4bf3fa63964ee07be5f.sol,0.6.3,starkminer
0xa292832acf0b0226e378e216a982fa966eaa7ebc.sol,,MCDSaverProxy
0xa295597fea1d7e3b816ab38153287d81fa569b13.sol,0.4.26,ZJG
0xa2acfaaaa01c4999385104787c1f24a9cf95b725.sol,0.5.5,Balancer_ZapIn_General_V2_5
0xa2b8900b4369ff714dc7d5800396ac5d8346dc79.sol,0.4.18,Token
0xa2bbff7d7ae42d75174e5ded3db70840b4b6341c.sol,0.5.10,ZTokens_ERC20
0xa2c3b8de1d63beda54d817c88fa4073bc42e10c2.sol,,USDOLLARSTABLECOIN
0xA2C77163B1a00A153A224F3f0b6b0e5cd19524ed.sol,0.6.6,HegicPutOptions
0xa2cae661463933c52e71983de5d33fb9624e0ff2.sol,0.6.0,InterestRateOracleContract
0xa2d0e29a9627e20FD886a8106DD0AE429403a57d.sol,0.4.23,MainToken
0xa2d9206889b3d79165b9e0ddef97104f176fe610.sol,0.5.8,ShuffleRaffle
0xa2db8321a92e8b9e29881a24dd0a95a936a572a3.sol,0.5.7,Token
0xa2e21a9868fc103d35a7d1c7d9787ab541d9c1e1.sol,0.4.26,ValorTimelock
0xa2e473eda4c379866e6cb749a3ca5016e8ce4f28.sol,0.4.24,ELTOSXToken
0xa2e80f9deeeb32978ebceaa580443106440ed0fe.sol,0.5.0,maxwell
0xa2e9434c0437ef896705d295fad867f234b7fe55.sol,0.5.16,ShareholderVomer
0xa2f611e84174ec3f8d19909c0a62fa44145aa0bc.sol,0.4.24,WQB
0xa3062fcbcde2540a9f24b04c76220a5a0db851e4.sol,0.5.0,PaymentMaster
0xa30d1d98c502378ad61fe71bcdc3a808cf60b897.sol,0.5.17,StrategyDForceUSDC
0xa31103a15f9a5a7b9a3ea1bdb84d27637dcdc5e5.sol,0.5.11,marginTrade
0xa317c484d3ed7df73578a26a249446308fd55040.sol,0.4.25,MonetaryModelState
0xa3262589b86ca2c847132fbd470eeb9387899d2b.sol,0.5.11,DharmaUSDCInitializer
0xa326fe096ca88bfde1aa59b5dd15677337aa23c3.sol,0.4.25,HTX_ERC20
0xa33627d267892ecf4bfe64bc93f73d6aa18f6d99.sol,0.4.17,TetherToken
0xa34c9d57741e25de7e5b67c8235d1b6526f6c4f8.sol,0.5.0,ERC1400ERC20
0xa353bcd07b7c8ec5e457248a414e5f0269439320.sol,0.6.0,GlueOS
0xa35477d1a6d4c08ff1ce2cb9e07b489fb386d185.sol,0.5.0,yCurveExchange
0xa35b958fe2f84f15f4ae4bcb2f9c00adf9c4a38d.sol,0.5.0,AmericanoToken
0xa35f3acb4d6c43e6f9a1c2d8c136ad4be725152f.sol,0.5.7,UniswapMakerBroker
0xa367a2513cbd5be1c75a745914521a93e011549c.sol,0.5.7,RebalancingSetTokenV3Factory
0xa3681d05531d7bd3fc0ebe78c0351f5cbf8303e2.sol,0.4.16,EightCoin
0xa36a7caf949c94f0693dfd185a2a94e57ace47ed.sol,0.5.0,MCDSaverProxy
0xa396075c48d73774d885af644c6f2db5bc033da9.sol,0.4.26,Petroleum
0xa3a551e9987253b13aF5097e8748b0aE8E8b9AFA.sol,0.5.12,FixedPoint
0xa3aa18a40d673d11556519cc59a3c0b5052372eb.sol,0.5.2,lexDAOetherEscrow
0xa3b69e77840ea3e655eba3822539d498bea72156.sol,0.6.0,ERC20Minter
0xa3bac15614d4e0e3b3a746b4591cbb2c26907cac.sol,0.4.16,FiduciaToken
0xa3bed4e1c75d00fa6f4e5e6922db7261b5e9acd2.sol,0.5.16,MetaToken
0xa3c3c3ceabb9a73dc3cb983c8b6db999e1348ace.sol,0.6.4,UniswapV1Adapter
0xa3d13105397F3b13Dd47cd1f90a50F95A60cdd56.sol,0.6.0,InstaOasisResolver
0xa3e2baf8b8a74218857e898d9671dd92b97f4ba2.sol,0.4.26,Clowns
0xa3e89b7b9b0d587db6db486189e3a793d8e49adf.sol,0.5.0,DRO
0xa3e9f6743ad886ac3d1b26d8cbcb169ed9c01b64.sol,0.4.20,ERC20Token
0xa3f02a3f299013bf4861a4b4473feadb660bcaf2.sol,0.4.23,BitherumToken
0xa3fa69aa788b3e51c083347bc8fc4fcf06469dec.sol,0.5.12,DssSpell
0xa404d1219ed6fe3cf2496534de2af3ca17114b06.sol,0.6.2,Adjudicator
0xa4071f2298285350e38e36ab2aeaceb8f678b68d.sol,0.4.25,ReconciliationAdjuster
0xa417221ef64b1549575c977764e651c9fab50141.sol,0.4.24,Aggregator
0xa41b6ef151e06da0e34b009b86e828308986736d.sol,0.5.12,Flopper
0xA421db8337499A14dFc5dc9940Ed1086c6F52A98.sol,0.4.11,CrowdsaleTokenExt
0xa44181716d7910d3cecd02a5cdd5920f0884980b.sol,0.5.0,AIT
0xa44cc22195861f8f29c91f72a7e0aaa8dd06a48c.sol,0.4.20,SafeMath
0xa456561be0587164b331444a0cc75a75f82359e2.sol,0.5.1,GNC
0xa4585f172c74766578de37c0ee099acb90f43dd5.sol,0.4.11,FSCBurner
0xa45cb1bbb00cd9c28435c58df11c6a3f08f36302.sol,0.6.6,AccessControlledAggregator
0xa45dae1b4e70efdfc51741a5e4e53b2ee6f70586.sol,0.4.23,Token
0xa483cfe6403949bf38c74f8c340651fb02246d21.sol,0.5.0,SaverProxyActions
0xa48978584796a826eae300468122c28149a9cfb5.sol,0.4.25,TransactionLimiter
0xa49564f8aa9689164c53dbee9747d3ee8a11fff1.sol,0.5.0,LoanMoverProxy
0xa497acbe11e3cc9c20fa077278b200361b990c4a.sol,0.5.0,PolicyGroup
0xa49c7c87997687e20091dbf5332eba13c5689fad.sol,0.5.11,Smartlevel
0xa49CF38e51299579646a9a91f273972a791Cbaf8.sol,0.5.16,ExampleExchangeThief
0xa4a0919ba5a2a89cb2eb1cb4018a16841b2e943f.sol,0.5.0,LockProxyPip1
0xa4b2d141bfe3f08e653bd6334f55c1296e3c8f0c.sol,0.5.11,DharmaReserveManagerV1
0xa4ca8d3ebf889cffc6b9d360b9c2cd3e0493b5a6.sol,0.5.2,HBTCToken
0xa4cd2ab38b378fb35ac1a54e76a197a89b57f4d9.sol,0.6.0,InstaMakerResolver
0xa4cf2ccda169d3cb5b1c93a864a1ee5d9ec5d760.sol,0.5.17,Minion
0xa4da9e58ccaff6eba52e81a65b069ac5e77d7e4e.sol,0.4.18,DeBet
0xa4dddf5c53f5fca4d6901d14fae463bc02638898.sol,0.6.4,brightIDsponsor
0xa4e3ee16d23b01cf010d43e2ff3a91620a9857b5.sol,0.5.2,MimcConstraintPoly
0xa4e4a9ae84882be5049e450a3500ba1cd012f0c5.sol,0.5.16,P1Deleveraging
0xa4e72a91561fe4c11d6ea8a02e7e68bcd05c93f2.sol,0.5.0,EURO
0xa4e973366d50e117f0f8c27353ca063d9aea0cd5.sol,0.4.25,GODToken
0xa5030a5C206Cb7623429B7BC8a74c63a3C0C4f07.sol,0.5.0,DCTToken
0xa50700ad3518762ed4dd0ed413e979e4660201f6.sol,0.5.0,Staking
0xa50d48bc3c704a00dba9c6448b5ddf1c962ee74d.sol,0.5.10,ProxyContractForBurn
0xa51cff785cf93e905e851f3fa55eb7c29a3319fe.sol,0.5.1,conflict_token
0xa52676ba9876840cce96e177a48555162b6a5cda.sol,0.5.1,afalos
0xa53e9e63793e55c533fe98d0ed178992942863d9.sol,0.5.16,insuredVault
0xA54D59b5741502EdB88cF245af007C678F7750de.sol,0.4.18,SnowDCoin
0xa55523eed98ba64ff7673b22963df34e3a0305fe.sol,0.5.12,Imports
0xa56b8a9064766dba576c9e05e0a23d9c09c17f85.sol,0.4.26,Trader
0xa581dc3c1f96b694265f26b979a7a956b1538137.sol,0.5.12,CompoundFeeTransactionManager
0xa58afd3fd408c4d7a802462079f1a8aed3e08d35.sol,0.5.11,DharmaSmartWalletFactoryV1Prototype
0xa59c847bd5ac0172ff4fe912c5d29e5a71a7512b.sol,0.5.2,StakingInfo
0xa5a2892d3fbb46d461d990469d5b797a1e6655cc.sol,0.4.16,ERC20Bich
0xa5a4984d97d3891b3d6bc59896c52811c865d3dc.sol,0.4.16,ERC20Token
0xa5a9b6a783d17c15822d3e70dbb1e59d736284ef.sol,0.4.26,Simple_FOMO_Round_1
0xa5c43fff568fc2115d54499d4cf202bb490ef152.sol,0.5.11,EDC
0xa5c5c8af327248c4c2dce810a3d3cffb8c4f66ab.sol,0.5.17,LexToken
0xa5c617ce3b7596d3fe8a4e38406b82b7d8ab9015.sol,0.5.0,TokenGeyser
0xa5d34a3ed742f103411409c802baa3a054a89f75.sol,0.6.7,ERCToken
0xA5d7d68D7975e89FEb240f42feD1D77bb71b1cAF.sol,0.5.4,CompoundManager
0xa5dc252b96de88d9f4dcb5f687e5c0d049389aff.sol,0.6.5,BancorAdapter
0xa5de27a585f590567888cb617ec0ca0f438fd21f.sol,0.5.2,PictosisGenesisExchanger
0xa5e14b2cbc0ceee9cf4225ff2db0c3a14fec7390.sol,0.4.18,BTCE
0xa5e554f671468ad485ebb1f57e141b5a2be9d531.sol,0.4.26,PremiumFeedPrices
0xa5e9cd9cc5ca60b6412f14839fa76decf05aeaa1.sol,0.6.12,PoolDataProvider
0xa5eafab1e2a857ccc75a784951a5b6bbcdd46b57.sol,0.4.21,ExchangeToken
0xa607c31273b65d9397539ca5e082bd68f7a2e828.sol,0.5.8,PostCoronaProject
0xa60830277aa76a1f9adabf9f78dc339788d0be4e.sol,0.6.8,Token
0xa60c029e4f5795f97910ad41a609f40baa77d289.sol,0.4.24,XAGEToken
0xa612f9e9ba5e3b57b0d64de4bdfccd36e08f3e6a.sol,0.5.16,StableAMM
0xa61fdb47bb07682b4d038b7cd6da22cc5b7b796b.sol,0.5.7,CompImport
0xa62591b54f414eab47a676bd1cd5190d04135b88.sol,0.5.0,BridgeFlashLoanTaker
0xa6272359bc37f61AF398071B65C8934ACA744d53.sol,0.4.24,GokuMarketCredit
0xA62e5b81299D3248d6A775716F0A14c89B354808.sol,0.6.0,InstaCurveYResolver
0xa638f33388747d5f62411273f4be8919ed8c94b4.sol,0.5.12,ProtocolLogic
0xa64640013f864dec2b2b2814dfc80b99c5d53504.sol,0.4.24,CryptloUltra
0xa65523dbb2a0408e90b72d1b72fd0e7e2e6053fc.sol,0.5.2,MDNS
0xa6568163066d59ac6b23171a4fcba0b959816e13.sol,0.4.19,JSToken
