0x529b8b4b62b5f32bd47412988a0a66d72f86ba00.sol,0.5.12,DssSpell
0x52a250ea627f5bcb1e79d516d6e24859dcb31db0.sol,0.5.17,LexGuildLocker
0x52a6135ad2f61802879ba8660a40879b84edd1c7.sol,0.5.8,ERC20AtomicSwapper
0x52aaaeb557e434e9eee18b34104c8d8969995ae5.sol,0.4.17,GapToken
0x52ace72c3f3536c7cd79cd8e514cd1965f68b827.sol,0.4.26,Trader
0x52b4f84d785317039868acf2600b47c64d8f96f7.sol,0.4.24,PAYTRADEX
0x52CD0512D736B5Cf418D1C75842c1d5eB4ba021b.sol,0.4.26,SafeMath
0x52cffe6dcc78f4853c0a7dc6b63d2ca0a8539d09.sol,0.4.18,Kek
0x52d08c048a90a29c6823864576a8336a3f67e7d9.sol,0.4.11,RMBTT
0x52d1d1c87eb75a5d695bffa343cac71222cd518e.sol,0.5.0,ASLTToken
0x52dab11c6029862ebf1e65a4d5c30641f5fbd957.sol,0.5.4,AccountLogic
0x52decc80d5233d35d3e2dcdc0ad2ba0373155c45.sol,0.6.4,VetherPools2
0x52e0fe4d3e1d4e0e3b7c96d06783171703f47b86.sol,0.4.26,Trader
0x52e5cbe96ebe53541e3cbe9fb05cf45a078edb45.sol,0.5.0,NpmMarket
0x52e82ce4d5a22b2f6f265744ff59851401ee1622.sol,0.5.0,BestPrice
0x52eba97b167cbe738346f5e5b5fe9b2f2b1b8eab.sol,0.5.7,InstaPool
0x52f4ec19369763fae1020d1730d6f41d78598ef9.sol,0.5.0,ZiNiuToken
0x52F9eea36F57d86A0F051419Fd11e4A256359C8f.sol,0.5.16,Proxy
0x52fdf7316f72209d9a010a29d7ab34f29fd9ef17.sol,0.5.10,Collateral
0x5302a1f1d2bc1f1657703337ec56dc78020b799f.sol,0.5.8,GenesisOne
0x53139c7dd7506ae6dd831e1dc5b8da6718a4205f.sol,0.4.26,Trader
0x53210328855120f063419c1c23a8097dff5e569c.sol,0.5.0,ChainLinkFeedsRegistry
0x53233594aA5b7Eea360B8d628B2501990C4d3C64.sol,0.4.18,Kek
0x5323ab0fb78c20ed32ef1ed0a4b529942aa3e026.sol,0.4.20,ERC20Token
0x5332c89a571454d6eea126dfe35c3ec57d7ecb64.sol,0.5.0,SafeMath
0x533c1de05c9fd2a375ff8416584bdb21c92031e5.sol,0.5.0,DipperNetworkToken
0x533Da53d2cf270056B8427D1A5812FFe2cDCa2dB.sol,0.5.12,Blocklock
0x5346D0f80e2816FaD329F2c140c870ffc3c3E2Ef.sol,0.5.8,EtherRouter
0x535801ba07b9d346b0425d913fbdebd0788c2e40.sol,0.5.9,PARAGON
0x535bfaeb50580f674bd2e076d6073adf28a46fa8.sol,0.4.26,EquityToken
0x535cd9d44794331f990bfb802ad047661f08f8b9.sol,0.5.17,RES
0x5364f428a2529e897a2e95f71e68d4f1598b8be6.sol,0.4.24,ForeignBridgeValidators
0x536a95ab4327e9d3eb694cc7c750d6fd54b31921.sol,0.5.0,LitionPool
0x5370645B7af206e866bB021925Db56f7ad4B286c.sol,0.5.0,SafeMath
0x5376872a5882e828680979683388dc143c251ff2.sol,0.5.0,LockupStorage
0x537f20db32a2da3252ddcc922add95c69711dcf1.sol,0.4.19,YPS
0x538038E526517680735568f9C5342c6E68bbDA12.sol,0.5.16,P1MakerOracle
0x53942b6a50808adb3e4c8bb7e7e72a4cc993d7dc.sol,0.5.0,KyberAdapter
0x539699ece91480179f9a62d842d0db49ee509b4b.sol,0.5.1,KKKKToken
0x539889688666d9f51e1ef150ee00acabe3b99993.sol,0.5.11,DharmaDaiPrototype0
0x53a0c2a56d7e21afb8e967b380dfeab7befad1cf.sol,0.4.13,CYPHToken
0x53c1d7fb6d0c8044bf6faf8bc53a8818fda8b4bd.sol,0.5.1,OSF
0x53d5d15edbdc9a80384a22d4e7b9e734d39798e2.sol,0.4.24,FiatTokenProxy
0x53d9ba8432d8f88a8e5ee589da5b6357d613d073.sol,0.4.25,SGABuyWalletsTradingLimiter
0x53db6b7fee89383435e424764a8478acda4dd2cd.sol,0.4.25,SafeMath
0x53eb9bd36b2b72a9ecf76b948ecb763dfb120e33.sol,0.5.7,InstaTokenImport
0x53f05a51cf87ac0affc67a52d8110ffe824580ad.sol,0.5.0,yCurveZapSwap
0x53f0d72c8932f78f50d643cc30a815f69ebafc20.sol,0.5.14,SecurityTokenFactory
0x53fcc9072d7e856273349900b1474176b0a0b0e1.sol,0.4.26,GetPrices
0x54003dbf6ae6cba6ddae571ccdc34d834b44ab1e.sol,0.4.23,DSValue
0x540834aa7a6f445b9cd960dd52ea41d382898538.sol,0.4.24,Pets
0x5409Fcd56836e0e0459C12Ab45e7Ef23c6094bEd.sol,0.4.21,SafeMath
0x540b719fe7788fbd4ee98033d9fb980d753f0ed2.sol,0.6.0,InstaCompoundResolver
0x541d0ea709e1a50037f8ed6cf57e6eb4e83ae926.sol,0.5.0,yDAI
0x541d676940Fd68f2755c1585ec06a6f4857cf193.sol,0.4.24,BitcoinSmooth
0x5422d42cb75d28f7000e65e034de2737f0b3a651.sol,0.5.10,TokenFaucet
0x5438af8fbeff57ed85afbe02fc46a28e3b4edeac.sol,0.5.0,Allocator
0x543f9a0cf287ba68bee00d51962a22b66e08f07a.sol,0.4.26,PremiumFeedPrices
0x54419bc42555b4bed712ade1e7942540e0cef543.sol,0.5.0,WrapperLockDai
0x544639d2b82d5d586cdfa3f040139a5f7c428f49.sol,0.5.0,SafeMath
0x5463ba63ba23e62e666354aaeb85a838afeba010.sol,0.4.24,FairWin
0x5471f4a885ee8a545330629b28db76bb3a62f133.sol,0.6.0,CompoundSubscriptionsProxy
0x54735d716995071585a4f6ba341a6ded79756f09.sol,0.4.21,FLUX
0x547471b26a2d689e5783df55c7f0287332be0a22.sol,0.5.16,UniswapV2Factory
0x5477dea2bc822e700b8ff36a88baa498996bc088.sol,0.5.11,DssProxyActionsAdv
0x547bb5ec22643be24fa6e588dc7f51070eaa57ee.sol,0.5.17,ChaChaToken
0x547f1508a2a1ab0cb84dce4b3e09beb560bb44cb.sol,0.6.0,ConnectCompound
0x548ac0ec13b132f3b58bd8afd83ebd2e225eb1a6.sol,0.4.18,RequestERC20
0x549479cf73b904a633c564cc392f4093037e73b1.sol,0.5.0,StableAMM
0x5497c008cca91cf8c3e597c47397f4643f7be432.sol,0.5.12,MindsyncDevTeam
0x549ed593defa6ce92fb8e8ce08bec1a804ca1fbe.sol,0.4.26,WXB
0x54a34bd893a2f8e90370fd7e1556bf43f7a29d1c.sol,0.5.0,ThreeBodyChain
0x54a4a1167b004b004520c605e3f01906f683413d.sol,0.4.18,KyberUniswapReserve
0x54b1b71606bc79cff954a6ed36ac645d5c9de179.sol,0.5.7,CrowdsaleDurian
0x54b28bb7930976839c61f142746caddbe819a742.sol,0.5.12,BActions
0x54bb625dffa66d8ee57dd4bdca6c734be41b62bd.sol,0.5.0,SaverExchange
0x54c01fe3eb5f1ac6fab776766ff925add6608809.sol,0.6.6,AccessControlledAggregator
0x54c42accb052c404931d0bc8303e6670bfc0a2a4.sol,0.4.16,TokenERC20
0x54c6dfbb807be694841a0f1b84cbc49d8fc98ed7.sol,0.4.24,ForeignAMB
0x54e055ce1f5a5e6d33dfe586e45683ee2e52d5b8.sol,0.5.0,AutomaticMigration
0x54e46cc89588318e3964ca2c1be94db9d5ca3dfb.sol,0.5.4,AWX
0x54f0948041e7b565941817ce1117a2f03d68fdbb.sol,0.6.8,TodoList
0x54fcf9febe4b52918c1683801b44014421192b6f.sol,0.4.17,CECToken
0x54ffec767aa14814c7e531369f1b5a85cd10672f.sol,0.5.13,AIRDROP
0x55065ca0902d438224096bbd9d3c83f199b6bc00.sol,0.4.24,K$
0x5513d6a79b7a2d1734fc590d8071e45e73aa2dae.sol,0.5.0,Staking
0x55177f90e2c0b699aa00f03043e625f36e27275e.sol,0.4.24,ElrondGold
0x5519615bd6e410e6735f7056bfeede1ed4fe2c3c.sol,0.4.24,CURVE
0x5520ebfe30806052125d30e66897f6ac3603c2b7.sol,0.5.0,Staking
0x5522C775ae13A2763B0B1711633De3E1bF37848f.sol,0.6.1,NFTokenSafeTransferProxy
0x5528eceefb715035cd33ce75d75bc97f05cf8c10.sol,0.5.11,DharmaReserveManagerV3Staging
0x5555e6b8e710bbcd7804f5172395b87c09621f80.sol,0.4.16,ERC20DHT
0x555d051538c7a13712f1f590fa6b4c176ca4529f.sol,0.5.11,IownToken
0x5564bB8Cd38cF32A56BF906F6A3aB907469F857c.sol,0.4.24,DBACoin
0x5571d1c4f6d6886df440f2324292084713543ed9.sol,0.5.16,AutoRedDotDistrict
0x55742b81b22ced4806e0ef6545e358643726d128.sol,0.5.8,LoanTokenLogicV4
0x557cfC476e98B1d4Bc2aB59D94E8cEDacBe9F088.sol,0.5.12,minterests
0x55871127fe941e290df212a1204dc5d41257c778.sol,0.4.26,UniswapTradeExample
0x55897de6B738c212FD38cF82f07f2c76675c7e61.sol,0.6.0,ConnectPool
0x55a31c8779dfe9218677d9f5fb9aba7d35f7e652.sol,0.5.0,StandardToken
0x55c18560a0a85a9f6e224ad466888a5647bd2ac1.sol,0.5.0,yCurveZap
0x55d15b5014c20bd385eea2bbb74637212572a70a.sol,0.4.24,LagomCoin
0x55d18731286af2daa27d50a1d15f5d77512e6723.sol,0.5.13,NetworkManagerContract
0x55d568af5cee6a69898b280b691b7e91c31f9fff.sol,0.5.11,DharmaSmartWalletImplementationV7Staging
0x55d71Dd2d3A8A5932dF7fd6c94347FA6507535BA.sol,0.6.0,InstaCurveResolver
0x55e3cb30ff2568c9f43c41c6b84cacced04e7c3f.sol,0.5.0,yCRV
0x55f09ab2f8c6ad171f086abdb14e1ed8544f7398.sol,0.4.26,BancorFormula
0x55f0cf5fa07873f0a6e4f93100bfc32fe51d222a.sol,0.6.0,ConnectAuth
0x55f2039347564d206ccc6e6ce202853fed386dbf.sol,0.5.17,DharmaGasReserve
0x560db9b46b15b51c410daae1fc1fb1886e55a733.sol,0.6.6,Talent
0x561661b8883b076a1011a384a595cbf5e8f62573.sol,0.6.1,vday
0x5616a3d7e5c65d9d4af05e9cda6541db18d64790.sol,0.6.0,InstaAaveResolver
0x561d0d6c498a379574eAaA4a5F2532b223fFaeBF.sol,0.5.8,NESTAbonus
0x5622A8803cBd0949CC5953e844536806d3724CDA.sol,0.6.0,ConnectCurve
0x56288db47a268810fa49a505044919af82e9088a.sol,0.5.10,JTC
0x563218126f1c289ffdc28e9198a6a1e37ed11505.sol,0.4.24,ExecutionTarget
0x56344b026d1a06258d95e6bc9c1af261f984a02e.sol,0.5.0,GamerpullToken
0x5644a28c121F1467FFfad8A9ef70780d48C90378.sol,0.5.11,ToonizeToken
0x5646994ebfe5a6625be35dec376ba0c98d7d15ce.sol,0.5.8,InstaMcdMigrate
0x5652fb0e62f6ddb958cac8ff48b62c9c8f96701a.sol,0.5.14,LAOtokenFactory
0x565338b113D5A0f744669BC13c0f30f87A6A92d4.sol,0.4.25,DonsCoin
0x565a093f3230ade853c45c5cd7c84344e75b4393.sol,0.5.10,Bet
0x565aC8639E53a4bFf4aFb34AC63A49D7bf01500E.sol,0.4.24,XPAYPro
0x569c1d105f08f685e023bb4fc6f69957e2401df8.sol,0.5.12,DssSpell
0x56ab71990783442f68fb25e0b466196c7ca6bd33.sol,0.5.0,yDAIv2Proxy
0x56aec32fe581550a579725cbb8668bc082846814.sol,0.4.24,FJTX1000X01
0x56b4F8C39E07D4d5D91692acf9d0F6d4d3493763.sol,0.4.23,MainToken
0x56bb6f961f2cb9947fea063df1a42c2233487903.sol,0.4.25,TAPSPAY
0x56c512b91f643336ba34ef8c4ac9f075e9392ee7.sol,0.5.8,InstaDydx
0x56c7bb2ef6357be01c5dbd8a29a4365aed559596.sol,0.4.24,EthereumGasChain
0x56cd932860d35386f5619cbc59b51375b1d8c078.sol,0.4.24,InvestecToken
0x56ce108c5c6f6fe0879b49ca08e59d1616dcb8b3.sol,0.4.26,PremiumFeedPrices
0x56d649ff34e83b61c94da1e6f92617b7c5210beb.sol,0.6.10,FinandyToken
0x56d811088235f11c8920698a204a5010a788f4b3.sol,0.5.17,BZRXToken
0x56e96d4ec3af03f1e92b744fd933c50978214943.sol,0.6.6,DemaxPlatform
0x5700a90e868d9c6777fb17db5eba26a46a66a456.sol,0.6.2,EPT
0x57102a8c0ccf999a176a8f787606319a52a4189b.sol,0.5.0,yCurveZapOut
0x57118572267072fcaEe72b15aE18B07A8b0d6144.sol,0.6.0,ConnectOasis
0x5712a71287b8096Aad806059b0F0e5e31Fb575D1.sol,0.6.1,ThaiBahtDigitalToken
0x57225b4B6A097BDeD9D6FC4E848173b7928224c0.sol,0.5.0,SimpleToken
0x57241e5f9a8e6ff569b368ea5c9ca7c0e1a9c175.sol,0.5.16,Treasury
0x572d03fd45e85d5ca0bcd3679c99000d23a6b8f1.sol,0.5.2,BountyPayout
0x574acd893a4e5cbc6951f3241a312161378fe84b.sol,0.5.0,cybernetchain
0x5750a2117c14cadd1cc523fd8a600559c89c83bb.sol,0.4.18,WTether
0x5759a6de790233ada100619b2c516ed6afd33ce1.sol,0.6.6,EmployeeTokenOwnershipPlan
0x5762fb923ebe240649982ce2bddd06d8c4927d9b.sol,0.4.26,TokenERC20
0x5766067108e534419ce13f05899bc3e3f4344948.sol,0.5.0,LendingPoolLiquidationManager
0x5770edd5099b570f0fc4ca37949171b3137a186b.sol,0.5.11,DharmaTransferFacilitatorV2
0x577e95d7bfd0cbabad15b663ef818a44f1aa1fcd.sol,0.4.26,MT5Bitcoin
0x578ad8058f76cd8f24e7450f7bdd7fe0227d3992.sol,0.5.0,BatchBalanceReader
0x57917da61304f309694993c18bbc0f15e5507a6a.sol,0.4.26,MultiPlanetValue
0x579378B62e01a56bB224fA92d5C8Ce3D9e2E54F4.sol,0.5.13,OrchidList
0x57964e649ea3735757d6898ca56f135f4437e554.sol,0.4.16,EtheremonTrade
0x5799698Cde26dbD98C529c42A054B6c32b6df5A5.sol,0.4.24,Oracle
0x579f925b259c7ad94a2fb5d334ccf41b9a6abb66.sol,0.6.0,DerivativeFinanceTokenV0
0x57a1ad11aad787d142ac29c561bbc0d5e4418bbd.sol,0.4.11,SafeMath
0x57a65076e15bef64f203e528d8b857ce9edae38c.sol,0.6.0,RewardEscrow
0x57acbe7bf11b8a4584403cc900e230a18a7ab138.sol,0.5.0,Locker
0x57cee661e57b065fff13f7fa31bc08b6e2351225.sol,0.4.19,GoldPoolToken
0x57efa664713ca8ae6ba40e98e5214d66228417fd.sol,0.5.17,Controller
0x581ae5af7afa6f8171bbf40d1981779f168a9523.sol,0.6.5,BalancerAdapter
0x5833c959c3532dd5b3b6855d590d70b01d2d9fa6.sol,0.4.20,SafeMath
0x585548ae6542cd48934cabf411b186930b0cf4d1.sol,0.5.11,NALE
0x5863a4c7ae18c6ab186fd0a57f61cfcad27fc61c.sol,0.6.0,ConnectDydx
0x586f381885e91898663c96946b1030c503130aa1.sol,0.4.24,HTECHToken
0x58886ca0564ab9ba4175d855abdd351da9768510.sol,0.4.25,Bwr123Bwr
0x588becd76a706f712492c8ee34471baa9259f453.sol,0.4.24,ETHBEAR
0x589efd0d9a4a19e4e68c8c429ceba84993db309d.sol,0.5.0,KURCHAIN_TOKEN
0x58b942E23E1eD671413d149aFC5597D0d7202808.sol,0.4.24,HltToken
0x58Bbb677296B6d1B596288B31Abb928492400fBF.sol,0.6.0,ConnectMaker
0x58dbe51341ad2236d6464f07d06ccbc4cf49cbfb.sol,0.4.25,TheParkScene
0x58ea45b3c1a32b256f184ac9808ef3699f23af37.sol,0.5.16,DfTokenizedDeposit
0x59054bc54de14036741ba7fa4dcd4eff7df432e5.sol,0.5.13,PLANEMO
0x591f32c722889339a7c91b003639101355e3df0e.sol,0.6.8,Token
0x59321ace77c8087ff8cb9f94c8384807e4fd8a3c.sol,0.5.1,SafeMath
0x593489456f221c6851414a90716644fad8a11038.sol,0.4.18,Lotto
0x5936cA0b486eA7B23141f5498f21688d96ab60f8.sol,0.5.3,BasicToken
0x5938c6e652de27089297517c9344bc66e9d7a85b.sol,0.4.16,TokenERC20
0x593bB4C2c7f04A65BBB008bf4a940b751B47FF50.sol,0.5.0,ALGOLAB
0x59405d4d1d34ea5c8ecae35f52a3e36c29d6c35d.sol,0.4.24,StrategicAlternativeEnergyToken
0x594811736543b0601b50faed7db1cc01079f0443.sol,0.4.26,KRW
0x594c87a86e86643cf3fedc7debdab10fd8ccdab2.sol,0.5.0,FITHTokenSale
0x594e15580468d21D447299F2033Bd203036475FA.sol,0.5.8,CompoundAllocationStrategy
0x59504fd191aa7cb6aa6da2a574e06f25f5606003.sol,0.5.16,Billionaire
0x5951614bb6d8ccbe9c25a59bd85ae5f3eab06235.sol,0.4.18,Ulink
0x595FeeB07E1C1f6397422481FC3a3837E25f088B.sol,0.6.4,CurveAdapter
0x5972590268bb78e3168d95f28d922bd8e4febd83.sol,0.4.24,DistributeEth
0x59755a31fb395332afb151573475ff91dd1c5f83.sol,0.4.24,UFragmentsPolicy
0x5976b1eED9cC221Be127eCad9393Fe0A8Ea8796a.sol,0.4.23,MainToken
0x59797f5768bcccae040aaaac7458fb22fa3f663d.sol,0.5.11,Functions
0x597ad1e0c13bfe8025993d9e79c69e1c0233522e.sol,0.5.16,yVault
0x597eab949a0bc0bb813e0663dd892f7f21c7e67f.sol,0.5.17,LexTokenFactory
0x5984c6c71fb31929307262aee56deac7a3df78a5.sol,0.4.24,DictatorTemplate
0x598bbb5819e8349eb4d06d4f5af149444ad8a11d.sol,0.5.0,Revolution
0x598e88053ce96aefda29040df513228bcf18bf97.sol,0.5.13,Kryptoid
0x59907c003c782fb68f30e70bcd3f7397758e6bd2.sol,0.5.0,SlashToken
0x5994d07decd5126903df2616439c1ed501b9d5a4.sol,0.5.2,DejaVuToken
0x5994deac891353c18e2918dfe83f0c9bb18db492.sol,0.6.7,FastMatrix
0x59a413b0dc16a6be63b351bf4dec73faa6850bff.sol,0.4.18,WrapConversionRate
0x59a87bAF7A52a6610E66d4974722C54210AB404a.sol,0.5.1,UVO
0x59b826c214aba7125bfa52970d97736c105cc375.sol,0.4.24,AggregatorProxy
0x59ba55DcdA0EFF6D7F20345DdC390c16f89516a3.sol,0.4.19,AGCToken
0x59ccd73556719371361ccdba0d12d5e906f57aa8.sol,0.4.26,KlerosGovernor
0x59cEfc21085EbDFFcacfDb1149B99228bec85De3.sol,0.6.0,InstaDSAResolver
0x59dDF1901f38084eF22c6b810c3A8fb73cEEd0E6.sol,0.5.12,MCDAwarePool
0x59ea1Be5a87C8700689EA5A38FB9c760D81aB64E.sol,0.6.12,MonetaryPolicy
0x59f312d142d985b21f438477b24c38aff27cd915.sol,0.5.12,ExchangerToken
0x59F4ec8bad8F993eb051d369Ed528D0Cd5336ffD.sol,0.5.0,ProxyAdmin
0x5a06f550a60ed2b96B2D960C42215468454ec711.sol,0.5.7,DaiPriceOracle
0x5a0cc1e049e480395e0092849337100e9bfd134e.sol,0.5.0,ExclusiveNetwork
0x5a244E7200539adC642438484AD0362ca99b838f.sol,0.4.23,MainToken
0x5A2A3744031C4541A49A0a1A0c1f77Fd10BEF33F.sol,0.4.17,TetherToken
0x5a35eea4eb5b6ceecaf819d922808ed1a61dbf23.sol,0.5.16,EchoStakeToken
0x5a3b8896d90bf4e656d35370d6b2ab9613a854d1.sol,0.4.24,ORA
0x5a504cb589e003610c57c2df4fae627d580ad9dc.sol,0.4.24,Resta
0x5a65ac45d0446394c51c00101ff66021196a5a9a.sol,0.4.24,RMS
0x5a76212b06015c05cdf5d19cbb70413316cb90ac.sol,0.5.0,LendingPoolLiquidationManager
0x5a78344b9a6aa1a06e4cf60b30c886a80778b2cd.sol,0.4.18,Aaa
0x5a8221C5bC5982579Bc507462DDE6Ec013d4d096.sol,0.5.16,CompoundIntegration
0x5a844590c5b8f40ae56190771d06c60b9ab1da1c.sol,0.4.26,PersonalERC20
0x5a95527ed7616d35fb2a113cd68832f4edefa2df.sol,0.4.24,AllWensCoin
0x5aaf7e0dad2d72fe1edfea5134710abba74cc74d.sol,0.4.24,TQA
0x5ab2A0615911983cD59fc5E7f1a261Df4a32cbC7.sol,0.6.0,ConnectBasic
0x5ab55ec290beacae98f54c3eb70860460b167c3c.sol,0.4.24,RM
0x5ab9de08725d3344b745888c65ffdde06b6e6b36.sol,0.5.7,InstaPool
0x5Ac44ca5368698568d96437363BEcc8Cd84EF061.sol,0.4.25,TagToken
0x5acba53f0cdd75a75fff96a4440b927c0eee958d.sol,0.5.11,DharmaDaiPrototype1
0x5ad2120169cd5155f213cc3b58838e545bee1779.sol,0.5.0,CompoundSaverProxy
0x5AD6dCa2d85bc681BC02492B7Ae86582858B0F64.sol,0.4.16,CIT_Token_Start
0x5b00b3b3f468a1e0a70e2cb3a9e48eed89ebdeb7.sol,0.5.11,DharmaUSDCSummarizer
0x5b03b8e2e04b76aae1f185543897f64aaa70f71d.sol,0.5.3,DharmaKeyRingImplementationV1
0x5b05dd24fdf2ff814d691c87c15be93c941cd558.sol,,ERC20Token
0x5b0d902717e6b134a407f41f8f16feac7bd8b4ad.sol,0.5.17,LexGuildLocker
0x5b1456c4d4634fd5cca38213d831ea168e3137f9.sol,0.5.11,DharmaUSDCPrototype1
0x5b1ce829384eebfa30286f12d1e7a695ca45f5d2.sol,0.5.11,ManagerProxy
0x5B1f69304651b3e7a9789D27e84f1F7336c356e8.sol,0.4.24,Redemptions
0x5b237b7babfc0709440af54a4e88bdbabc4a15b6.sol,0.5.17,Moloch
0x5b2534a6b6405678dacb7c8437a9f052bbd166c8.sol,0.4.24,NcovDeadPool
0x5b296086BC1418a27aF8760126f666Ee7f9fd15D.sol,0.4.24,EFG
0x5b296d2eefdcd931570634ab66532a4b732be4a3.sol,0.5.8,Ohmaco
0x5b360e4bd00d3d056578bb029e66aa2fd80077d8.sol,0.5.0,AllocatorStorage
0x5b49dfdd3a3debd3a237ef116817ab48c2820d19.sol,0.5.12,HibDEX
0x5b59d016b0c302fafcb680af214d52cb59f50f04.sol,0.5.17,Controller
0x5b63759a10f12c054039cdd5e302e65701d5b483.sol,0.5.4,MasBurner
0x5b65ca066b5468a022fa3132415c5e817913a9e7.sol,0.4.26,DISNEY
0x5b6abd6066556184949b5eadc97dcd64f1bd913b.sol,0.4.26,Trader
0x5b73f9fd3e40a31063684fe92130c62f7acf6982.sol,0.5.0,AaveLiquidate
0x5b7820E62778C7317403D892f6501DD816F82730.sol,0.5.16,CacheGold
0x5B869fc9B9C23751a23F5e70039E3E85a75d25e7.sol,0.5.0,Oobit
0x5b91b53d520cd66a95f2d48d292ddfb5a3ba2fb5.sol,0.5.0,VaultInfo
