0x1C6148Cb6EED725d8F2F01b4F24040a855B40191.sol,0.5.10,P2WSH
0x1c800ef1bbfe3b458969226a96c56b92a069cc92.sol,0.6.0,CurveGaugeMapping
0x1c8df33e9ef09b99be505a714b2aa91cff2f6b71.sol,0.4.25,TokenERC20
0x1c8E3d04d04EceEbC6cE5925e7E715d6195f0189.sol,0.5.11,TATN
0x1C98ad0777973F879EB0Ca89fdD7c90Fc762bA5a.sol,0.5.0,MarketFactory
0x1c9e18c8ab156753f7eca95d8c042f7842aaf09e.sol,0.5.0,GatewayLib
0x1ca9e79fe11375796fbe56057a58c8d1429246ef.sol,0.4.24,ChelleCoin
0x1caf06803963a66420aa48f9d92219388c894d17.sol,0.5.7,InstaPool
0x1cc00898c955b2244ada8032082bf205b79b3d98.sol,0.5.17,AntiStrategyYfii
0x1cc7475ee5b03a6b74e8d7fe05f5f9a3524b4b8e.sol,0.6.0,SEXBot
0x1ccc8b1e7cb1999d370e1e277f021f054f0893a5.sol,0.4.24,AuctionUtils
0x1ccd1b13b7473cdcc9b1b858cb813de95b465e79.sol,0.5.0,LoanMover
0x1cd68ea0565cd23dcc144c7e695968edca54ff04.sol,0.6.12,WMARTK
0x1CE7ecAB02B163f376E7ec026e6755626f14B289.sol,0.6.8,NovunPlus
0x1cec62223ad247288fa0e6cd16a61e90c3eedbfe.sol,0.5.17,OpenCourt
0x1CEe89ae9B3E388c48f672926b367f7dF40456a7.sol,0.5.2,MintingPool
0x1cf7be9ebac23df3c2a0046e2494981a019dfb88.sol,0.4.23,ADD
0x1d01a98f559530f9904631d0a243462b74062478.sol,0.5.0,Staking
0x1d150cfcd9bfa01e754e034442341ba85b85f1bb.sol,0.4.21,Exchange
0x1d2662efae81adf192a9f8cd5286bed3d3987bbf.sol,0.4.24,HOST
0x1D35C42e9dCB5C5343Fbd70fE73b2284D042d082.sol,0.5.0,HugCoin
0x1d37b3632dde5f4d6fa78ba875e66b37ea2dc4b1.sol,0.4.25,Testnet
0x1d3ccceEE6d9f9c3b79ed5fAdD98E32B5d48b22E.sol,0.5.16,P1InverseOrders
0x1D415aa39D647834786EB9B5a333A50e9935b796.sol,0.5.0,AddressConfig
0x1d5ad987b743eb624662fe5c62b8f6015554203a.sol,0.5.0,yTokenProxy
0x1d5bed5ec76b29f944777a5972e55f10849bdee0.sol,0.5.2,noBNK
0x1d63bbcde3d7c7d54759dc2d4b2a6c25713932bb.sol,0.4.24,BTC3S
0x1d6cbd79054b89ade7d840d1640a949ea82b7639.sol,0.4.26,UniswapTradeExample
0x1d7aec4654fd4d0fd0ade624bebb6e874d2068d1.sol,0.5.0,CompoundBasicProxy
0x1d8d1386bdbc742a2240cc1af0aeb81e7bd1fc97.sol,0.4.21,SaromsaryCoin
0x1d9bb9efc11ce34cb16751ab35ba5a7a0a5e1a4a.sol,0.4.24,DonghoChoiCoin
0x1da73c1a17f136faf15a666b645dde92a608d809.sol,0.4.24,PayPalToken
0x1db1579e5c290b5556b6ea21ca00b22f145f2a9e.sol,0.5.16,EUCLIDEUM
0x1dbd5f936166642f0861b694ca5ebcdf5660f7b3.sol,0.5.7,RingSubmitter
0x1dd0445c6859f4850e9542001f38505582775314.sol,0.5.14,LexGrow
0x1DDCabB4FF6E0Bf552B034a0EC4aE399BBDB1F6F.sol,0.5.15,Whitelist
0x1df51de914617a7e4caba90b9101363a189dbbe3.sol,0.4.18,ConversionRateEnhancedSteps
0x1dfb7700e67e6046898c2fefe160fb53fec3a27c.sol,0.5.13,OwnedUpgradeabilityProxy
0x1e0490cD098B40e61E3370489a0333F6c9e31467.sol,0.5.0,Revolution
0x1e05791c32a09C24A79410Bf0A0731e23144e419.sol,0.5.13,OrchidUntrusted
0x1e065a0c7f1e22df0ec6a4b67c2b024df25e94a9.sol,0.4.25,FightingBabyGK
0x1e06eefa586822d2c3b261f4645fbe042293c807.sol,0.5.17,MolochSummoner
0x1e13627cd6b6eae63a594fddd7d55528bf7e3b59.sol,0.5.0,SafeMath
0x1e1b3e5821099977e3b3fa7489a90bcfdea490d0.sol,0.4.23,MainToken
0x1e32444bf6ca3b8714903a6009e087b614aa42fa.sol,0.5.12,BatchTransfer
0x1e380a4d4a6d16f4b5f873c2d58f34344013b1ef.sol,0.5.2,BBCM
0x1e3a2446C729D34373B87FD2C9CBb39A93198658.sol,0.6.8,DSD
0x1e511e12e8d0135dfc3fc9afaba0e33696c8683d.sol,0.5.16,Matrix
0x1e71676f95ed43e100c26e3411e7b6971e9f16f0.sol,0.5.16,StableAMM
0x1e72e7c7f8c63374008071904af79bf8a298f96a.sol,0.5.0,HelixNebula
0x1e79691646dd50c92efc4db591b0ba05c7e264c5.sol,0.4.17,HYDRAToken
0x1e7b529e585b54620254f5d0a29d64e7b64767f4.sol,0.5.11,DharmaReserveManagerV2
0x1e8cd1222d2d4bb34f0b3b0afcc978b825b65139.sol,0.5.13,TOTAL
0x1ea71feaa8e468bdecdfedbbf59f0b1ef448db97.sol,0.5.0,SafeMath
0x1ebf2ce66a19f372ea242902e1b5fbcbd4006656.sol,0.5.16,QRPal
0x1ec1c85769060bfc6c130f3d11e957688415849c.sol,0.5.0,daoCovenantAgreement
0x1EC7896DDBfD6af678f0d86cBa859cb7240FC3aE.sol,0.4.24,Aggregator
0x1ecb25dffce3cd2824b446e2e7e9d3f48b6f9c90.sol,0.4.19,HBToken
0x1ed5b56aeda6fc45d40cbe1fe1ee4dfbe7a10c16.sol,0.6.0,ConnectOne
0x1ed97638af0dac459c29b1c650edcfb4b4ea0aab.sol,0.5.0,fUSD
0x1eeaf25f2ecbcaf204ecadc8db7b0db9da845327.sol,0.4.24,Aggregator
0x1ef0C3DEE9162bccf949F8140bd3EA5952ED6edb.sol,0.4.25,TagMembership
0x1ef8b36e962ff27f12be8be89e053587ca366e83.sol,0.4.26,GiftOfCompound
0x1ef926c29c6605eff588d33cbe93676d865ae101.sol,0.5.11,SafeMath
0x1efcb2b253a9155be36addf5eaed7f644c9c09fd.sol,0.5.0,LoanLimitsModule
0x1efcba7f1fa38819b23c303e905c1a0bf51e45d3.sol,0.4.26,GiftOfCompound
0x1f0bb7eba2984e62eb49f019709f36014744442c.sol,0.4.24,Theo
0x1f0d1de1558582ad6f13763f477119a1455502af.sol,0.4.24,Exchange
0x1f1dadfa39759436df35be8752a2467e20609343.sol,0.5.9,HatToken
0x1F3229185e8F5759dcF85337552afD48795a4D38.sol,0.5.12,DssSpell
0x1f383e0d9aec434a3e5571136abb8152e4b4cf00.sol,0.5.0,NuToken
0x1f6deadcb526c4710cf941872b86dcdfbbbd9211.sol,0.5.17,Ruletka
0x1F6deadDc2a81704a206Fd587D8e3643BD2d449c.sol,0.5.17,RTK
0x1f702f23d315b5aaf2c66eebb5aeea5e7af275c1.sol,0.4.26,Trader
0x1f78e455ba2f226d725edfe0e45ab618098b0a5a.sol,0.5.0,WhalesHeavenBountyPayout
0x1F8a1F316E2c5F7050928C5995fBf2E50f090411.sol,0.6.0,InstaList
0x1F8b4f89a5b8CA0BAa0eDbd0d928DD68B3357280.sol,0.5.16,P1Liquidation
0x1f8c0248ed4ab63788d23c0a30195a7edcb50eed.sol,0.6.0,ConnectBasic
0x1f916d0766c7f20b1a51086724f55ccfd07d2f3c.sol,0.5.0,AaveLiquidate
0x1f95b433f627708d397e789acfead858ce001b48.sol,0.4.26,Trader
0x1F96a42cDFe3c3e90d1B58561D8731de63223BDA.sol,0.4.24,ForeignFeeManagerAMBNativeToErc20
0x1fa3ce374b5a7d1ff4ee994791726021c6a7d5a9.sol,0.5.0,FlashTokenDyDx
0x1fb955319Dc73750Fc4915045be40bd463730696.sol,0.5.10,Funds
0x1fc964c2d544f5ad953162ab1b6a4ce2d983444a.sol,0.5.17,StrategyCurveYCRV
0x1Fdf2cDc2B369bF4ceCFe528a4DcA3F6a74D6782.sol,0.5.0,ServiceProvider_UniSwap_Zap
0x1FE91B5D531620643cADcAcc9C3bA83097c1B698.sol,0.5.0,Invest2cDAI_NEW
0x1fea4913e49be245225461effc5284e86675852d.sol,0.4.24,BITCOINSUSTAIN
0x1fee6f1f1d4ea4a7d512770aa6957f12c53cd286.sol,0.5.0,CompoundLoanInfo
0x200c142d18892ce0589e2bd93617a524692ac5e3.sol,0.5.0,SubscriptionsMinter
0x200e6fb8febf5355596ccdefe1247e92382cfcfb.sol,0.5.9,GodsUnchainedValidator
0x201548f494cbb2bf2d237ec77efaaf59bc1196f8.sol,0.5.1,CSSToken
0x201721e7828acf589fc4064c414fd2e730369517.sol,0.5.0,Staking
0x2022333016038ba71db889ecd182ae9dabf1c571.sol,0.5.0,SRules
0x20233a2095787DAC434F20f8954d3758986EF30E.sol,0.5.10,Loans
0x20302a4b03bff8bdaff0d2e3884cab695c6fa8ef.sol,0.4.23,MainToken
0x20306be1fbb05064956514aa687f6ab1bee54e7d.sol,0.6.0,MainnetProxy
0x2040f2f2bb228927235dc24c33e99e3a0a7922c1.sol,0.5.11,DharmaTradeReserveStaging
0x2044b81781ae575ec7f86f245528c29efe2440a1.sol,0.4.23,MainToken
0x2047B5bB05567b54e3012F7B2bc282d3b390c1a5.sol,0.5.2,EticaRelease
0x204A6FE11De66aa463879f47F3533Dd87d47020D.sol,0.6.6,AccessControlledAggregator
0x2058A1d2e94D93b3777A3b28DD746373241493Cd.sol,0.5.7,RebalancingSetTokenV3Factory
0x2088ba482f2097eb47896a2ec5f3925637b73d99.sol,0.5.16,yDelegatedVault
0x208bbb6bcea22ef2011789331405347394ebaa51.sol,0.4.24,AI
0x209C1808FeBf6c1aB7C65764bb61AD67d3923fcc.sol,0.4.24,MainToken
0x209ecd0957597c207862d94a311130672aa95a0c.sol,0.4.24,pars
0x20aff4833e5D261bB34BC3980d88aD17A3FE90Dc.sol,0.6.6,AccessControlledAggregator
0x20b2d0a368d34adc544720c841281fa8a99f5a2e.sol,0.5.0,Ghost
0x20bc9970eb1e61d272da3055fbd83cff61aad054.sol,0.4.25,EDAN
0x20c0f62a8656d3f1e4ba0a01693cc2576e53726f.sol,0.5.14,KyberProxy
0x20c5d435da33e69343c1abf7ba23d0ced7c3c52d.sol,0.5.0,CrowdsaleToken
0x20d98bd5e85fc652b679526e2a2d6ef65a82ee0e.sol,0.5.16,yVault
0x20e5646882c4f66bbf8ce80f1abdd2ea65de128e.sol,0.4.19,TshToken
0x20e9fc982ae1efecaa8c712d1e8f7e5afe1408ce.sol,0.5.0,Staking
0x20eac4c10f13121a0bb14e533ea69c59762e426e.sol,0.4.24,SRT
0x20fa4f8f8039b5dea5950c7c52bf27fa747ed531.sol,0.6.2,DTokenMigrator
0x210495f59df2ca6c036cfdbb430e0effa07477ad.sol,0.5.0,Migrations
0x2120887e9e4889653770b228ee8d13231d0ef045.sol,0.4.24,VE
0x2121a1b68e9c2cc8ff4bfd8bcd0f891ece331c51.sol,0.5.10,TANTAN
0x212a8219e9b383c3790a11b556d58407e57f9b3d.sol,0.5.7,SimpleERC20Token
0x213a22d873e02269ac45c094c0655a09eaa22c3a.sol,0.4.16,TokenERC20
0x21486e4427031f10fbe45f47aad6f729014d42a4.sol,0.5.12,BalanceChecker
0x21535EE4467F8ABC3A2Be4AE5FA80B1891805665.sol,0.4.24,VotingAggregator
0x2160a4b3c6a4fad8f0c40a4816369e29ca3e47da.sol,0.5.17,MinionSummoner
0x216f7bd01cb7d015566527d64bfa04933d7c696e.sol,0.5.8,InstaMcdSave
0x2174a48b0a2056cf83703f9a75ab90403e070534.sol,0.5.17,DharmaSmartWalletImplementationV9
0x217cbe76b78a81d0a4afd271fb1c3b7178b8f513.sol,0.5.14,SwapToken
0x217ec8e7f862ca61fe1d3947b6b1484cd1039fae.sol,0.5.0,PersonalTokenFactory
0x218f089e7f8d72150f42c2c4a989817a966a2cb2.sol,0.4.24,BITCOINAISLE
0x219e0e991d82a58402eb522bf6eaf82807182d8f.sol,0.5.12,CheezyExchange
0x21ae519ea6e7df4fce20a1d1d94abea60ae5ac63.sol,0.5.11,RaffleMarket
0x21d0a2c2d89af0b2a3c8977a0db32dc014786377.sol,0.5.0,StableAMM
0x21da3d4277cd39b835f83f37d870bac9137191e4.sol,0.4.20,BebPos
0x21f333fd6e4c63ad826e47fa4249c9fa18a335c1.sol,0.4.24,Aggregator
0x21f9faf6ff679e6b01812ba32c0e8c073a1130a4.sol,0.4.26,UBitcoin
0x21fc063a8dF3882B2c277c6F98e7574aC5330f7f.sol,0.4.23,MainToken
0x21ffccebb1a34107242240d44a066e4fcbfae07e.sol,0.5.0,YFVDevRewards
0x2206aa8EC85270ACe5597539E3c287E021D41843.sol,0.5.16,ImplementationResolver
0x220cfb3a7d00af77bc411cfb7ed63177dca0251a.sol,0.4.16,TokenERC20
0x220f3164be02f0a89dfddf48f5cbf30c60dbd512.sol,0.4.19,ToiletPaperToken
0x221f7d0f2fa0bfbd5f8b0d0340425906f2f9968c.sol,0.5.0,SuperCoin
0x222a9c2beea0b9f397c269a3049d06d9d88cbc7d.sol,0.5.0,ERC20Token
0x22494042b10bd564738d66da2c9d48994cd2a6a1.sol,0.4.18,InvestecToken
0x2253e7dbdb23d36fa2f4b86c8dc13b9ca29510ba.sol,0.4.26,USDN
0x226906c35358d33513fc7e28e5677b6f735b793e.sol,0.5.0,SafeMath
0x2279f6df1cc166aae65acf679486e089b6bc0915.sol,0.5.1,LMOA_TOKEN
0x228679770B2D8A281A466765ba55e0DFD8441ae6.sol,0.5.7,FlashMigrator
0x2288c409e67b6ce52180f97a8cddf7abc24ec989.sol,0.5.17,StrategySNXSUSD
0x22a39c2dd54b71ac884657bb3e37308abe2d02e1.sol,0.4.24,FiatTokenV1
0x22b01e79bb5910d3dde8235d2425190df1f07481.sol,0.5.0,PaySpec
0x22b3dc63a74620b1caa8be9d3b50a7de461a8346.sol,0.5.0,yDAI
0x22bbcd36fb376561be1146b950b4f76c446d0605.sol,0.6.8,OrFeedInterface
0x22c066a839660760c4ca953f2d5b8d901102f20f.sol,0.6.0,TokenTimelock
0x22c3294541518ad5f1bf71f822bd4714799e7f65.sol,0.5.8,InstaMcdSave
0x22d6d712482f5a10eeaad70fe09deacd3599d7a7.sol,0.4.25,ContractNo2
0x22d8d803b8f9938422474b28cccf70da1b51e814.sol,0.5.8,InstaBalRead
0x22dfed2edd99a1f1e6a7475f58e6435e0b6126eb.sol,0.5.17,MysticMolochSummoner
0x22e8a4ee1dd4d9ff9f9d2343b3165feec96295bc.sol,0.5.0,BridgeFlashLoanTaker
0x22ef60f9a763800c1ecec026f5b1864ab0db736e.sol,0.5.2,DSToken
0x22fad18e5c1a8c483aca2132f6725c7da6cfb799.sol,0.6.10,iCollateralVaultProxy
0x23003ddcee4428da34748cbb5e82fff20dc16453.sol,0.4.26,ZXLToken
0x23136aB3Dd4701D1Fd167503ac8d96ef360f7b5D.sol,0.4.18,Jewelcoin
0x231544beb75c4bd72333b38252794688922d1904.sol,0.5.2,SecurityTokenFactoryMaker
0x231bcba676b29bdf1f11b66263ec060535fbcb87.sol,0.6.0,LiquidityToken
0x231df7f56dd6449dcc1e521f99a307e13733995a.sol,0.4.26,EUR
0x2325d67484048ff55f3216973cd94af610a85e8c.sol,0.5.0,MCDFlashLoanTaker
0x23275328ac2ac8e8ddad46f487de71d23129a5c0.sol,0.5.1,EthGame
0x23297EE054e8f600AF482013dDBE856b7178a7d3.sol,0.5.9,ZeroExV3ExchangeWrapper
0x233d362eca2887de19ad26b1356f1c871ae2f123.sol,0.5.10,SelloutDao
0x234b4bf79806dd553c60205ca77047dbd9e847ef.sol,0.5.0,LoanMover
0x234C639e284df4Bbc1f028249d13A9De2E3A48f4.sol,0.5.13,KauriStaking
0x234cA16fc111FBd91b5342fF079931845963fB7a.sol,0.5.12,GemJoin5
0x23526d7DA4a36ae3ddb909D6e8f733A3Cc703Ad8.sol,0.6.6,AccessControlledAggregator
0x2352a38f0438f90ca34f011901cef4fb1dd47814.sol,0.6.0,Escrow
0x237edcdd43349227ef511581cc834962ecf23076.sol,0.5.16,AuthereumAccount
0x238fdede5a3d1c87b72353e4cf8643c0f8649b5c.sol,0.4.25,DouCoin
0x23914b61e98da1e9e20b98d8cc41a86bc80a899b.sol,0.4.18,Token
0x23921d838eaff161ffba7aa76d727f86fb116d67.sol,0.4.26,Trader
0x23935765cdf2f7548f86042ff053d16a22c4e240.sol,0.4.18,Tradez
0x23952a3517fb1a6f8577afe58965a2f041c27798.sol,0.5.16,QRPal
0x23AA976A4413aC655a237Ff01083D62B0C4971e4.sol,0.5.12,Pod
0x23c81a5af4732469866c081d013957c711450096.sol,0.5.0,PausableToken
0x23ca306C621a9D6F3CADe4fa05A4b702dFEAFDF2.sol,0.5.12,RecipientWhitelistPoolToken
0x23d2374f10b02f1c866498f3f534a1f24c9341b5.sol,0.5.10,Loans
0x23d67f977bfb4038f6cd0f460ab5913218e34c21.sol,0.5.8,Goodluck
0x23dc815ec330592989c27f81cd7abe3c389790a5.sol,0.5.16,BlockbirdLock
0x23e15f22085220c7c36a8d971fab4d8382e92dfa.sol,0.4.24,SureCoin
0x23e60ba7562C9202709EC59e7E81d6471469a3EF.sol,0.4.24,CIMCoinAirdrop
0x23ea10cc1e6ebdb499d24e45369a35f43627062f.sol,0.5.16,Acid
0x23f1e57531881e18ccbb759d73447f6d06b2b4cd.sol,0.5.0,SafeMath
0x23f62df9756786f993eb7a49af1afbba73c23d84.sol,0.5.16,YFID
0x24086f6f12bdd67826baefab94c4dafb781d5a06.sol,0.5.7,CompImport
0x240a4d8a4447ac3e2a8bc77d4b5d5a30ee44a29c.sol,0.4.19,FusionChainTEST
0x240dEDEC6696C4f53F3159cAD0786b0a48853B2d.sol,0.4.22,SafeMath
0x2413994367115170599ad30c25603e2f2b9e9704.sol,0.5.11,DharmaSmartWalletImplementationV8Staging
0x241a33c43333E0CFEf7604a31945F61b46C22689.sol,0.6.0,Punkology
0x24286c5a340bf99edb2d7e7d114477987d34816f.sol,0.5.0,DOSPayment
0x242f846564611a3676824eee23d047c78f9a6c62.sol,0.6.2,TGB
0x243434048cc22efddb8aab75673618ccbd63d155.sol,0.6.0,OnlyHundred
0x24359ce1b09a684429b18b21144fca5eb7840310.sol,0.6.9,StakeDepoToken
0x2449f66700A3E29d0eA3927Af142F3d39f2C110E.sol,0.6.5,ChaiAdapter
0x244bd00b4b1623fc59ab542ff34f5b6fcbe7b128.sol,0.4.21,CmmeToken
0x247227714bd121c528310e3bbff401ae34c9f9f6.sol,0.5.0,OptimizedReserveInterestRateStrategy
0x2475fc046632c191f98dec65d89df602a9e4b450.sol,0.4.26,LDGF
0x2484000059004afb720000dc738434fa6200f49d.sol,0.5.11,DharmaKeyRingFactoryV2
0x249817defbb020fb864cc5550b0f6a7012356fa5.sol,0.5.0,SafeMath
0x24a42fD28C976A61Df5D00D0599C34c4f90748c8.sol,0.5.0,LendingPoolLiquidationManager
0x24bdd87f2c286025e0eb84e4f919d48f000d301b.sol,0.5.13,Yineu
0x24d6193066d21d36938dc336322c64034af202d9.sol,0.4.18,PToken
0x24dd028bd027511482e701d08bae002cd6e82a5d.sol,0.6.10,yCollateralVaultProxy
0x24ddfe7c64a021135eb79b1d36833e3296f01562.sol,0.5.11,CMP
0x24e3fd1e78f2a9d88325e65381f83b45a3c7e39c.sol,0.5.0,etfToken
0x24e96f14e14acdacdcf688d19ae66bed82a409bd.sol,0.4.24,FORSAGE
0x24f4c0f4608095d9cd0ca595e175c6a74e665de5.sol,0.5.0,Pool
0x25076a5bc8e04bbcf1f087a672871a91a5c3f4fe.sol,0.4.19,T3Token
0x2516ac5db37df788f8f6ef69ecaa7cd76652eae2.sol,0.5.0,BlockonomiToken
0x253187c7386af04f4a31d1c54b4528c6868a8b43.sol,0.5.16,DexToken
0x253b6f3e72d504f550ff04fec1d467d9459cd8cb.sol,0.4.26,PremiumFeedPrices
0x253c38deee7c24f97c1c01c868c69417eefdfbb2.sol,0.4.23,KolCoreTeam
0x25407d3f1868d09d6d09202d81fde4abca794508.sol,0.5.16,UQ112x112
0x2542f9c01b9a1Dfb26aB56Bc246E67058F4A0d10.sol,0.6.2,CyberDice
0x25450c700b7e55949a97e4e921cb4d4a04610559.sol,0.6.2,CICProxy
0x254983c524fff821c81137c9a800056141069e88.sol,0.4.18,BloomCoin
0x2565ae0385659badcada1031db704442e1b69982.sol,0.5.9,AssembleToken
0x25736d6736ea00ff0000000000b8b91e4fe435a1.sol,0.5.11,DharmaKeyRegistryMultisig
0x259aabd425d6671195318fbaafc35b7a73b8a618.sol,0.4.17,Usdt2Token
0x25a59078e24f37100d2d617fee2d12a7729debb8.sol,0.5.12,FIL6Z
0x25af3834716a8c5890533546ef60050e05e8bbe6.sol,0.5.13,BlagaDaru
0x25b78ade6b3ac3ac3556cdd737992ebb9cfa12da.sol,0.5.7,InstaPool
0x25bfb48c791f6464de8fca01542dec64b83d8199.sol,0.5.4,UpCar
0x25c7b64a93eb1261e130ec21a3e9918caa38b611.sol,0.5.8,WrappedVG0
0x25cF8B944930413d3D7831855251Ef377c3636Eb.sol,0.5.17,DP
0x25ecd8bc505f57e6df7f0475f992220da96be896.sol,0.6.6,TransferHelper
0x25f315cb04ed425ff5bad92fa79b4a4a33489cba.sol,0.5.17,FixTendiesFarm
0x25f5cda540a894a7173413beee613a487e3d12d4.sol,0.5.0,Artemis
0x25fa978ea1a7dc9bdc33a2959b9053eae57169b5.sol,0.4.24,Aggregator
0x25faca21dd2ad7edb3a027d543e617496820d8d6.sol,0.5.17,StrategyVaultUSDC
0x2600004fd1585f7270756ddc88ad9cfa10dd0428.sol,0.5.12,GemJoin5
0x2608e867c9b0b2621e99227F1cA022AfEC0Ba57E.sol,0.6.0,BrandContest
0x260fbb4855b2a4a719097131016b573f95a867fa.sol,0.5.0,iDAIZapSwap
0x261086981FC6c57EF4679Af6aC253C3755850362.sol,0.5.12,DssSpell
0x261a306677d90a7a6017f35d440bef3abdbaf6d1.sol,0.5.11,tknBatch
0x261bb5e1c53248860f4bc405abaae3e0bfc12874.sol,0.4.18,MycodeCoin
0x261c0f008f8f1fc56e2349f313aaa340f8068968.sol,0.4.24,Stablecoin
0x261cacc129fefbff9bff0a4d8e962a0a49a72bdc.sol,0.5.12,DssSpell
0x2636ec71c00a9bad06a926650871100e21bec7ce.sol,0.4.20,SafeMath
0x2644471D9AD62012EFE8c3d0D29A0635eAa30E92.sol,0.5.0,HipoliToken
0x266732e2fc94227c4ee5ec0e8394e1c05709f7df.sol,0.5.17,BZRXv1Converter
0x26704b175f336fbe81c3581605a587ca15ad144c.sol,0.5.2,SUM
0x26724670a8223b70790250B63Aa698a9A030E313.sol,0.6.2,TrueCrt
0x267Bb56749249cf7C9425E9AC6bf2d31CDc2E661.sol,0.5.13,OrchidList
