0x9370236a085A99Aa359f4bD2f0424b8c3bf25C99.sol,0.6.0,ConnectBasic
0x9384d679a73192666447aff04509d6c981e90e36.sol,0.4.25,CATPOOL
0x938fd0eb452972a72692631a10dd5eea29832b6f.sol,0.5.1,WaspFinance
0x9396f92f4af13d211589e078cf0f55f7cd60befc.sol,0.4.16,TokenERC20
0x939Daad09fC4A9B8f8A9352A485DAb2df4F4B3F8.sol,0.6.0,InstaAccount
0x93a0b8b9d428c49068dab06567039207467a7094.sol,0.4.26,SCTG
0x93a62da5a14c80f265dabc077fcee437b1a0efde.sol,0.5.16,TreasuryVault
0x93a81964435e570de21b39a986ff66c13550f531.sol,0.5.10,MedianETHRUB
0x93ae58cc1d029bbdf8b53a89337f4abb63f6d588.sol,0.5.7,StopLimitOrders
0x93af40ba3cd1d3b6e7132cff1f7e691feace1bc6.sol,0.5.0,IsoToken
0x93b78ba14de481fe388b062c0bb62b389630e2b4.sol,0.5.17,StrategyMKRVaultDAIDelegate
0x93bcd59cd1798bb25c9065f7e2b9ad2ab729b68d.sol,0.5.7,GiganticWaves
0x93bdd7422b5ba57d5ec44e32072b206e74bca78d.sol,0.6.4,DSRAdapter
0x93c67ed10d20a1cb535186e25b37c5bf184308c5.sol,0.4.24,SafeMath
0x93cc9889dde17d418b3960c975b4d3e3afa4ebb5.sol,0.5.0,SavingsProxy
0x93d7bBf4CF42bDA5Bb86EaDFad09271040cc10e8.sol,0.6.6,AccessControlledAggregator
0x93e0c0359e227af532e560a5573f056e644f8f53.sol,0.6.6,AccessControlledAggregator
0x93ecd2ecdfb91ab2fee28a8779a6adfe2851cda6.sol,0.5.11,LoanBurst
0x94063a232e6bc13cb4021819d2a867d0fe19516a.sol,0.5.7,master
0x94212d47350837a4f2108e9a3190b8759a929a80.sol,0.4.24,DEWToken
0x94491b3157a8e70a78022542d1926dcc1ed38634.sol,0.5.14,LexGrow
0x944bb40496044caa796ef4e1b8fcc3346817c60c.sol,0.5.0,StableAMM
0x945c25908c12c2Db0C0632D58e13057Fc9d53044.sol,0.5.0,Lockup
0x94662C2Af52570618bD46079AE2Aad4497E678E8.sol,0.6.0,ConnectInstaPool
0x9468dec2e19240d6e287f27e1d757ae7b9f15f7d.sol,0.5.17,SHRIMPDelegate
0x947f6f9d48bacccd3d6af220f8fa9397247f48dd.sol,0.6.5,LPUniswapSNXAssetAdapter
0x94855082f3d6b76e35c1110f8a0d720127c146e9.sol,0.4.16,DublerToken
0x9492b5d13806abeb2571f22570cfaf820f19db4e.sol,0.5.1,PALLADIUM
0x94b293e5b5d016e2686a728652efb69e0cbd4073.sol,0.5.13,BlagaDaru
0x94c19e029f5a1a115f3b99ad87da24d33e60a0e1.sol,0.5.12,DssDecember27Spell
0x94d940ceb4eb87a18c903804bb2c44910edb6453.sol,0.5.14,LexGrow
0x94Dcb7241013E2C6083c59ec5e2eb2f427e822B6.sol,0.5.0,SafeMath
0x94e78826898a5ed28b616cf9d8791f0471508806.sol,0.5.0,Allocator
0x94e7e11cc10d063efbf764f55e77580e06a6259c.sol,0.4.26,ValorTimelock
0x94ec7807f2bfcd781787dbfaea683a777ee96aa7.sol,0.4.14,WalletSimple
0x94ee89e0081bcb421734387669ac19b55f8ab057.sol,0.5.13,OrchidFailer
0x94f407ba55d5674cca397c11e5670f63a9721342.sol,0.4.26,Facility
0x94fa090e8a27ee9439f2d689e5dcc280533edf20.sol,0.4.24,RPHToken
0x9506EAf79Bb629C06fFfEA8f430F1fa2d49B3bA3.sol,0.4.23,MainToken
0x950722fe21fd4deaed25fe618c22047323e5eea6.sol,0.5.17,TokensViewV3
0x9519710cc9D25B969b5B521Ec70045d40557334d.sol,0.6.0,InstaList
0x951AED5E3554332BC2624D988c9c70d002D3Dba0.sol,0.5.0,SafeMathLib
0x951D5D6b66dD4572963e1824980d05a4f61273D8.sol,0.6.0,InstaConnectors
0x9522b5f39a11743977214467d14513a6718d7b96.sol,0.5.11,Fireball
0x9523894a5dfbfcb436ceaed1cc0c94219978b12a.sol,0.6.5,SynthetixAssetAdapter
0x9523Fe0d1D488CaFDDfb3dcE28d7D177DDdBC300.sol,0.6.0,ExchangeRedeemer
0x95375b4e7cc373e134b3198b640275cd64f8ec6a.sol,0.5.16,BeerFinance
0x953816f333952f2132f132df8edd9b703582b30f.sol,0.6.0,PoolDrop
0x953bb01e8a3e853052835a1079db5250cfd509de.sol,0.5.17,CasinoCoin
0x9557a956202dfea21b910afb96ac4d2ff7783cfa.sol,0.4.19,CryptoholicAcademyDonationToken
0x956ecd6a9a9a0d84e8eb4e6baac09329e202e55e.sol,0.5.12,MedianZRXUSD
0x957024f7a9e87b8a75b9f029b3679635b4ff6695.sol,0.4.25,PriceBandCalculator
0x9582bea37cc8881fb36277d7675c45bcd9334e1a.sol,0.5.1,LAZE
0x958d960a34d4b49733dbf115388d6222097cfdd9.sol,0.4.24,SDN
0x95a222fd7ff6765a1177ebb53266c9673fffced4.sol,0.4.26,UniswapTradeExample
0x95a6a3f44a70172e7d50a9e28c85dfd712756b8c.sol,0.4.25,SynthSummaryUtil
0x95c8f677106a21cc668265f5b5965d5417c47ea7.sol,0.4.24,UtilFairWin
0x95c9144e400e3bfddd232bf32fc7b150542d999c.sol,0.4.24,DWGT
0x95cfbe3fc68a2544faa7edea33c65ccd80a8a1f8.sol,0.4.24,RealCoin
0x95d097f455dedd41c4860aba573b3f3018ef2d6e.sol,0.4.25,P2T_ERC20
0x95d5d6ebAa2E96d643Bd1dfd4FaEa700B7f6753c.sol,0.4.24,FJTX1000X02
0x95e031d9a16eb7cb440c56076cbe07144c2233ea.sol,0.6.0,InstaOasisResolver
0x95ed4e40723f22698f8ab6e7691725035c4b2831.sol,0.5.0,ERC
0x96006f60b452526481a26eab55265ecdf82e7361.sol,0.5.11,HEX
0x9620BFDCe7184D246BF793207D27A99F75981c1e.sol,0.4.24,TokenBuildInGenesis
0x962d9dddee95cb376acde00cf5692342044c0ea8.sol,0.5.16,CompBalance
0x963567fb34bbe2eeeea686bfb7b35d2b2b69ba90.sol,0.5.17,StrategyYfii
0x963f388d3bc0ad0360ea1e6abe24ee422581a4ee.sol,0.5.3,MbtToken
0x963F86DA34Cf2CE619d4B8e5cE96577943f95B6b.sol,0.5.4,MakerManager
0x9642c1b4f9e2d1849a1ab7820f9c18c5cd25fc54.sol,0.5.0,SRC20
0x9651cf40c45d1b0ad043b19fdfef2e82546c3039.sol,0.6.0,InstaList
0x96537d7642645e553e6d32bb750de3fff7ac37fd.sol,0.4.26,SAMSUNG
0x966f98362aab7258eefd629308b1a6f742dd5da6.sol,0.5.8,InstaMcdMigrate
0x967fb06a8d8428bc9d03436d06694704e9bf7019.sol,0.5.0,StableAMM
0x968030d6F08F1b7515ba7B8BA1Ff10557A69D7Db.sol,0.5.16,BasketManager
0x968a1fef28252a5f7dc0493b7e442929b4b1df4c.sol,0.4.25,SafeMath
0x96acffd82a9b1fbcd717be1565926307786709fa.sol,0.5.0,APRWithPoolOracle
0x96af491b0a4203b2f1e0b72d94c4395702e42508.sol,0.5.0,etfToken
0x96b4973cdd121c07c3a9db963f7cbbb4babc9dd9.sol,0.5.0,VoteCounterStorage
0x96b52b5bf8d902252d0714a1bd2651a785fd2660.sol,0.5.8,EtherBone
0x96bff8544077c68d542037467c1251b253bd8fc7.sol,0.4.24,RealitioArbitratorProxy
0x96c6626b89e2506d5d104ad322f3c37eb097d5b1.sol,,MCDFlashLoanTaker
0x96c9414a23Ee37Fa089e915337949B7ab0F6bf96.sol,0.5.12,MCDAwarePool
0x96cc2ad347c7e28f6355266851c90c26a5af8832.sol,0.5.17,TermsOfService
0x96d77d45bcca2d1a8052f565e6ea9a1b1f07d7af.sol,0.5.8,InstaDydx
0x96df95b88dca36f5d6b5c9ca50f3d57765e7f6a6.sol,0.5.11,JACToken
0x96e3cb4b4632ed45363ff2c9f0fbec9b583d9d3a.sol,0.5.13,Identity
0x96e672a399b0e78f1b05631857f3d25c78fabaf3.sol,0.4.24,TokenWrapper
0x96f0b742daa1216961f4caf846fea5af60733aeb.sol,0.5.0,CrowdSale
0x96f4c85e7830c755981c12fb7c702ef580047b2a.sol,0.5.16,PainthereumContract
0x970c1a5eec0786a318807588f80aa2be4cb5f43e.sol,0.5.0,AdminUpgradeabilityProxy
0x9713fccd5d1b9b9572a6b64f951a54d99ecdcecc.sol,0.4.24,VeCapToken
0x9715f8f28061c866d47400d90c9dc1d8bbbe6a8f.sol,0.4.18,Token
0x971d5a272b671c7936d03b66ab89da76c0f8dc38.sol,0.4.24,SelfServiceFrequencyControls
0x971E89e5202e2E4d4cB16Bc89F742D151931559d.sol,0.4.26,RAYBancorConverter
0x97207740b75c78b7c7a61646b2a50f71395e8196.sol,0.5.11,DharmaUSDCSummarizer
0x97297b63708bdded589b3e02fab7732affdd0215.sol,0.5.16,yDelegatedVault
0x973af10688a0b6eb08cadf2e5c4d8eff0355c20d.sol,0.5.16,Token
0x974892e4a0e761098f4238549518af3fa738872c.sol,0.5.17,FixTendiesFarm
0x975133bc774160782a8e4644bad4c9f32407260b.sol,0.6.0,totalSupplyChecker
0x97559da69198ef6b6ab7852699df3ba1bb004146.sol,0.5.0,DOSPayment
0x975769557510167d25beed6e32806537173e292c.sol,0.5.0,SafeMath
0x9759a6ac90977b93b58547b4a71c78317f391a28.sol,0.5.12,DaiJoin
0x975f1bc238303593efab00d63cf0fc5f519a8de0.sol,0.5.0,yCurveZap
0x9777d7E2b60bB01759D0E2f8be2095df444cb07E.sol,0.5.0,ycUSDC
0x977baa429b27fe86689274a6bf0dfcfc5d6f1c12.sol,0.6.5,LPUniswapAssetAdapter
0x979875bc214ac14ef2f8f9d90fe8b1a8e57b4543.sol,0.5.2,SecurityTokenFactoryMaker
0x979be58a80040bb235ef96e961094b03e51c6436.sol,0.4.17,BDBToken
0x979cee879bbea69c050a3cb158b97f402524e4b3.sol,0.5.16,EthToDaiTradeHelperV1
0x979eae462fea018d72afb7b1cb4a254768a062dd.sol,0.5.13,BlagaDaru
0x97b11c39d6d3d8d2c821d9f75e106e4985393302.sol,0.5.7,InstaPool
0x97c795a8028b96e5e2a508468b1c132fca5caa19.sol,0.5.0,jackpot
0x97d2bc16293a32cd73d5709eb53be8d5cc19f359.sol,0.5.7,PHC
0x97f1d18efe472fedd30be23f0703a4412ea85a80.sol,0.4.18,FCAToken
0x97f75ac00a32d54b7fd3a3cf156343cdcb5060f9.sol,0.5.12,Vat
0x97f8dff1ad346c70f236de97ae6794254894330c.sol,0.5.13,AIRToken
0x980070a6d57870ab77f6c4048e929006e1e77061.sol,0.5.3,License
0x981318ff8ea3322a0773a96111b8ec4669a3372e.sol,0.5.0,AaveLiquidate
0x98158e133f7f56a574fc806e579e1355048039ca.sol,0.5.17,ConverterDAItoYCRV
0x981d8701e5a7a1930fe342cf5e6616455e60c2d6.sol,0.4.26,APPLE
0x982082453bdcf680004125884c89e2ae8483faa1.sol,0.4.24,CloudCatToken
0x982511b3dba65d16590df4ea4ded46da9c416df9.sol,0.4.26,UniswapTradeExample
0x98439bb859c63cf1b0b24610d4e83ca2c0e8981f.sol,0.5.4,SafeLife
0x984e781a6C09b433493767755f7b072183Ce7BfF.sol,0.6.1,XcertDeployGateway
0x9858bc1e986185149da3263404ef4946f97ac2b1.sol,0.4.18,FAUTOKEN
0x985b201089ac678ee777d5e3734c0ca94e6c5fa4.sol,0.4.26,DigitalDollarRetainerFactory
0x98660b2a4201ba6cbb47199c6d90e42a466d888b.sol,0.4.16,DublerToken
0x9868748858b9045d6579a4d5277cfe448e0d3aa8.sol,0.5.0,HagiCoin
0x98696048dbef3b2e9a2d75b9f57fcb1cb1f2e10b.sol,0.5.0,SafeMath
0x9876b4f94e6035304bf792375c53136be158c3d8.sol,0.4.26,BancorConverterRegistry
0x987a4d3edbe363bc351771bb8abdf2a332a19131.sol,0.5.0,MintableOwnableToken
0x987f3db2eec36224ba3f2d907fd93ec8aa208ac3.sol,0.6.5,AaveTokenAdapter
0x989135bb77a68a247c318d63e9d6d4f0be815e83.sol,0.4.23,EduCoin
0x98a0e7026778840aacd28b9c03137d32e06f5ff1.sol,0.5.0,DOSAddressBridge
0x98a1208a9287e378d329225836b823481d890409.sol,0.5.10,ZEBELLION
0x98B63FC6E0763007112CdcCA954E0e180Cbf1CC1.sol,0.4.26,SafeMath
0x98b8caca134aadaa30d0d0cab23d7aa510d9ed06.sol,0.5.0,COMPfarming
0x98bfe90ccd9d627f882e40bab73b9a9f923639a4.sol,0.4.24,HCMT
0x98d2d53b3bfc94227f0c709b8822fd63323dc182.sol,0.4.15,MultiSigWallet
0x98d8d7685369f6cdbd0e9a5fbdc12c59188fc8f6.sol,0.4.18,GoldCoin
0x98ed669c30f06fefafdc2715c675ad02e3d0bfd3.sol,0.5.0,Lockup
0x98eec28819d222489a39d76d52df6196f8898da3.sol,0.5.14,MemberDripDropFactory
0x98f213d5b4953439f60b26d6b01d6b68b197fe55.sol,0.4.26,GBP
0x98f6b2c5bcc88629cf10f2effaa2df0ebc16e92d.sol,0.5.0,BlockonomiToken
0x98fa4aca9b319d88a3489967a76c92e3ce0146fa.sol,0.4.26,PremiumFeedPrices
0x98fcf1b11dcc224048564853b7b5602b1082fc5f.sol,0.5.0,EinfachverdienenToken
0x990741117fa76a8cfa3d934bdd7af69b0df8e298.sol,0.6.9,DODO
0x9943b6ab8d6ede28d8b8fc5c69243441d7a5c48b.sol,0.6.0,Graph3
0x994e9a9646e9f261965f0469187becd0696b1dde.sol,0.5.12,LastBuy_beta_2
0x994f997e449debe65443b6512d0b7f1585fb3f02.sol,0.6.6,LockMyTokens
0x99535bdd340a7b3cbefa7609aa75a85a65e4eacf.sol,0.4.24,GBCToken
0x995dE3D961b40Ec6CDee0009059D48768ccbdD48.sol,0.4.11,DSToken
0x996b396b88cc4a1d8df3dbd1c088cdfaee17e6d4.sol,0.5.12,PegnetToken
0x996c029746a468e75d6392d1d615a3899766c271.sol,0.5.0,Staking
0x997507cc49fbf0cd6ce5e1ee543218556fafdebc.sol,0.6.0,BiteniumToken
0x99755ceba6460491173307985ea7c0cdb0a84d7a.sol,0.5.14,LexTokenFactory
0x997645c9fe46d47c655ecefe807b39f89e20b7c1.sol,0.5.17,LexLocker
0x9984d0f41d12061fc654cdc1a1d55409b3bc9c0c.sol,0.4.17,EXLToken
0x9989623ebac3ee90fc71fda680a0a7e2b3852207.sol,0.4.26,GiftOfCompoundRegistry
0x998ac5fda28760bcb575c45f6c641ef9a154a081.sol,0.5.11,MoralityCrowdsale
0x99b62CbfbAB9EF5B729e403e4B88E56D17CEaE20.sol,0.4.24,SpigaCoin
0x99b9f9bC8eb415334aF4cd35e46b5967f7989168.sol,0.5.10,DIGIGO
0x99bcd209b97d31f363afe65cc46dd47ed7bb2c4a.sol,0.4.26,CPEXToken
0x99bd363a144Fb61FEAe863b182F1f200667a1879.sol,0.6.0,Address
0x99c0de901516fd55aade036f28a682d7382b396a.sol,0.6.0,ConnectOne
0x99c4569f5806e0e6732e28d7e1e9403b9d24f67c.sol,0.5.0,AirToken
0x99d1Fa417f94dcD62BfE781a1213c092a47041Bc.sol,0.5.0,ycDAI
0x99d7159b0a2f0f65ea7551ce560db24c19875a8b.sol,0.5.1,horizex
0x99f1b2247381bd89ed695c4b422d13557d9430d4.sol,0.4.26,ArbCalc
0x9a0372e4cfcc787e0b6010ab265e14f6ca70b7c0.sol,0.5.12,SafeMath
0x9a0c3D58Fe31d4e3962b343aED4802a66Df13863.sol,0.4.24,KRW
0x9a204ee88decc65dc126e67b9a900776c40cb395.sol,0.4.26,UniswapTradeExample
0x9a2ba252ee35893d9da03ea1cce4d7a2e190165a.sol,0.4.25,AirDrop
0x9a2e3a3c73a9edf5b23c54f2ce61a1f8fdde4a18.sol,0.5.4,ProofOfPerformance
0x9A2f78AB449A7132323B8B79efe20D71da64Cb3B.sol,0.5.0,Allocator
0x9a3ac742f4c3d9eeae141ee7dd52ad3e9c634bce.sol,0.4.12,ALSC
0x9a3c38b160c10a168ae9a12421ab4b8013b8330a.sol,0.5.0,MyERC20
0x9a43ebada402cb11d8f8f983622c8bacb8780134.sol,0.4.26,Trader
0x9a5423038bade592e3e35ac04c5ff6813dd3e7df.sol,0.5.16,EthexFreeSpins
0x9a5b16872785d1a7932ccb5ac0b0b1591136ac4a.sol,0.5.9,DigitalDollarRetainerRegistry
0x9a6bc66ce2e008d59654bc0053ce2d01f09c8b90.sol,0.5.2,StakeManager
0x9a7ef4d62fa1df7a6ee6bf6730ffa6ca544a2c0d.sol,0.5.0,MCDOpenFlashLoan
0x9a997293FC2617C54F88f16fA1B934f0821D90C8.sol,0.6.4,Oasisosc
0x9aa74dd3dfbef17bc5709d3aa01042159a5c992d.sol,0.4.24,Damda
0x9aB3aE47965aB3553075e8f86afC3FdFd705202F.sol,0.5.12,DssSpell
0x9ad2018bdbc21db14457542ee26cbbf0565f8687.sol,0.4.26,YSM
0x9ad55bd6a4b1d732b8246d60b44432748efa2143.sol,0.5.0,DrawDao
0x9ae438e08eb7aa18a7b68d253745042b0c9b9813.sol,0.5.0,SKYBEYOND
0x9aefb238916877a30ba001b30be2c74c0b3b0e12.sol,0.5.0,APRWithPoolOracle
0x9afb9d7ed0f6c054ec76ea61d5cabc384d4dcb25.sol,0.4.26,ConverterFactory
0x9b01c4896f515ab3bbb838c371a6b3e7ba17a424.sol,0.4.16,BTCBABIL
0x9b0be6c23a54eae64f5ffe420e7055763783f189.sol,0.4.11,PausableToken
0x9b1289dd794f10af38a3117fe933836d685f7339.sol,0.5.16,P1Liquidation
0x9b2a7f48c669b83b3092efada3771cc33b1f52a1.sol,0.5.0,yCurveZapSwap
0x9b31c03f0489313320676d76e21340319da37ebf.sol,0.4.24,AI
0x9b393a12fb9dffd4a49fe5a27d88893a230ce853.sol,0.4.24,Factory
0x9b43f92fdc8d5981f64c90623174695c4668b41c.sol,0.5.7,Swaps
0x9B4abA35b35EEE7481775cCB4055Ce4e176C9a6F.sol,0.5.16,StakingRewards
0x9b4fa5a1d9f6812e2b56b36fbde62736fa82c2a7.sol,0.6.2,Relay
0x9b53ad180b646abcdcda4f84cf7e448e32598701.sol,0.5.0,PropertyFactory
0x9B53D7Bb657F5f14a7F73C2d2B90cc084Cae1fE4.sol,0.6.6,KyberHistory
0x9b53e429b0badd98ef7f01f03702986c516a5715.sol,0.4.24,HY
0x9b5C2BE869a19e84BDBcb1386dAD83a2ec8DAe82.sol,0.5.0,StreamProtocol
0x9b7b6bbd7d87e381f07484ea104fcc6a0363df39.sol,0.6.2,Flama
0x9b80013caff912149525c1bc1d264939a1a573a7.sol,0.4.26,PremiumFeedPrices
0x9b8468fce822146da68293404fa129885a1df627.sol,0.5.0,chaiBatch
0x9b8eb8b3d6e2e0db36f41455185fef7049a35cae.sol,0.6.10,UniswapAnchoredView
0x9b9647431632af44be02ddd22477ed94d14aacaa.sol,0.4.21,KOKContract
0x9b97bb0bf1f65afb024a9d4fdf6037bd12ec3d40.sol,0.5.9,EtherWin
0x9bb48d5f633dbc9bcc6d1fd62b4e36606a104c6d.sol,0.5.0,GasDiscountDeployer
0x9BB674bDd5190E27aF0d72fEB38447c101A3540b.sol,0.6.6,AccessControlledAggregator
0x9Bba20127678611E4e01E620Ceee0024a76c386c.sol,0.5.10,Loans
0x9bc70a2fc1150eff0cc6467196a1c9cdf828ae63.sol,0.6.0,ConnectCOMP
0x9bd8ed9585ab6b51eac59e254317d6a7bede6feb.sol,0.4.23,MainToken
0x9bdf81e6066d32764b7e75a1b5577237e06d9364.sol,0.6.4,MUSystem
0x9beb3ec65b4e6298143d02ad60ce5f41f1abeb1d.sol,0.5.0,LamborghiniLatinamericaLegalClaim
0x9bec6ae09e800fb759acbeb385af47e5d7e12176.sol,0.4.24,MarsToken
0x9c04a0ee12db18a6d861c3e3e59cecfe2943fd1a.sol,0.5.12,TestSpell
0x9c0ccb765d3f5035f8b5dd30fe375d5f4997d8e4.sol,0.5.11,SmartWalletRevertReasonHelperV2
0x9c186a6c1566372270beb87b78feb0a179a80a1f.sol,0.4.24,MECToken
0x9c1A48a8A9bd4345DCc16d65F96f20417a7DAacE.sol,0.6.10,TrueHKD
0x9c21b7192b37527e2a1d528ba17eb845a9c6fe37.sol,0.6.0,ConnectorsResolver
0x9C3C7bcf8993A58410016E29882c78B552D5C9b4.sol,0.5.12,SafeMath
0x9C3e1e5DAFAc88b175BfEa97c76751caF535425D.sol,0.6.0,Sync
0x9c42083a02903624c4d16616468ac1f0e1589520.sol,0.4.18,WrapConversionRate
0x9c5c6a8c368e948f63bff3d132492efa01f7ff96.sol,0.4.18,nDEXProtocolToken
0x9c63798daf75aa9de14d409fc330e0059fcd96d3.sol,0.5.8,InstaMcdSave
0x9C6C96727d1Cf2F183a8ef77E274621F26D728f8.sol,0.5.16,P1Deleveraging
0x9c6e011e21b73320bfa143483dc344493b08f6cf.sol,0.4.24,MintAndBurnAuthority
0x9c99fe4f81ee2ef56bbda5f98fe4dd6d93a73114.sol,0.5.3,DharmaKeyRingImplementationV1
0x9c9c21c7716a21c731f59d72efc991320b6e5e12.sol,0.4.25,TransactionLimiter
0x9ca3c6518e67495de4a9eee19b514f0e77b915fa.sol,0.5.0,Natacoin
0x9cb1acf19dde14586bed104369bd7aa341322627.sol,0.4.17,FASTToken
0x9cb31da7bd0cc9303a42b1ebafe0d361670b4e6c.sol,0.4.23,MainToken
0x9CB7bB6D4795A281860b9Bfb7B1441361Cc9A794.sol,0.6.6,KyberNetwork
0x9cc6754d16b98a32ec9137df6453ba84597b9965.sol,0.5.0,Token
0x9cd109ce683f1fd6dad21693fd11352ed909135f.sol,0.6.0,Zeropool
0x9cda02b2a43f16f11c6860a8630672de9854d6f7.sol,0.5.0,Token
0x9ce551a9d2b1a4ec0cc6eb0e0cc12977f6ed306c.sol,0.5.0,yCRV
0x9ce9b5445fb3333b5c50b2899b374cd6aab1f7ee.sol,0.4.26,EINSTEIN
0x9cf258c95bd793ab3023eccbbd2f0dd440ad0921.sol,0.5.16,FlowchainToken
0x9Cf739155941A3A7964E711543A8BC902613fF17.sol,0.6.6,KyberMatchingEngine
0x9cfa15a1a8bda741d41a6b8de8b2b04e693c9ea5.sol,0.5.0,UnderlyingTokenValuatorImplV3
0x9d0254cd4698949909fd6d13571d8a3549b2f8fb.sol,0.5.8,Viet_Nam_Cong_Hoa
0x9d15446CE244F83910EA2426601D14412f40A966.sol,0.5.0,HKMT
0x9d16742a47490a47d3f85e06fcfd52aca3e5a88d.sol,0.5.0,CompoundLoanInfo
0x9d25057e62939d3408406975ad75ffe834da4cdd.sol,0.5.0,yDAI
0x9d3a8a7df2a81b38a7f3d2f682b0aba1e65de7f8.sol,0.4.16,TCASH
0x9d3e265121604c0b17437d8e1fe619900f6c474a.sol,0.4.26,DCND
