0x774b629d402d4099f48f7ad0df4a849a0a19e89e.sol,0.4.26,GUCCI
0x7753126f9e43d3b52fcfff424b0bee50a88dda07.sol,0.5.0,BridgeFlashLoanTaker
0x775600d48f6b2dcad1c9535c1361aa296ff5a8be.sol,0.4.18,Insu
0x775ee938186fddc13bd7c89d24820e1b0758f91d.sol,0.5.12,UniswapV2_ZapIn_General_V2
0x776eAAa3DAe18c7CeA0f7BE9AF94501Fb322F983.sol,0.5.8,InstaMcdMigrate
0x777777ce6c4d11c8aa5e1280638f64c8fd0a852a.sol,0.5.16,PlayToWinGames
0x777777f1c2c60fbd4cfaa96d780f06afa540ee30.sol,0.5.16,Cube
0x7778ce15e6bab9728d87f6d70c5a98a1a9580f81.sol,0.6.0,DerivativeFinanceTokenV0
0x777ad2358ba4a61dd74a1010116a7bc1ffaa81dc.sol,0.4.17,SDCPToken
0x777defe54a17c2a2534e05961e38556f93c56a35.sol,0.5.16,BanqAudit
0x7791cF9a85072698e9B805eb8156EC1e9c3fc724.sol,0.5.10,Funds
0x779a749a9f5ab40342bd172e2c044a8549a27c4c.sol,0.5.8,Tanzanite
0x77a0597a6ed93f1f47a34b523ebef58931505585.sol,0.5.7,InstaMakerCompBridge
0x77a277eb906cb43db80ed3acad3682c125d2f923.sol,0.5.16,Fundraising
0x77b68899b99b686f415d074278a9a16b336085a0.sol,0.4.23,DSValue
0x77B71a9b0A047A075A905863993f0B455daB00e1.sol,0.4.24,ConvertPortal
0x77bb57D44953A03FE91E6B45862635741817fE98.sol,0.5.0,ERC20Token
0x77bcf90ffa34e4b0624e8257d58c97a4d3dab299.sol,0.4.26,flashIt
0x77d77840552db13fdfe3327bbefa7a004c8ef054.sol,0.4.26,Trader
0x77e3cbb74f338da27c619d06a58c92080a91b103.sol,0.5.0,SafeMath
0x77e8dF7f436Fdb8d6d3554de02526C39104f7B04.sol,0.5.10,Funds
0x77eca7e76fbeb9c33d3ef0664f2b333205d48a77.sol,0.5.9,TLDR
0x77ee79c5ccef975c942732c0d54bab4473566fed.sol,0.5.7,master
0x7800d435f0c0c5c9ca4b22e26ba4b928736a577a.sol,0.4.23,GLUT
0x780c98cbb0cc21d6617c05332bd5cf6f847c71c2.sol,0.5.11,Refunder
0x780ec47d3696Fe6fc8Cd273D2420721bCEf936c5.sol,0.4.25,DAPTOKEN
0x7811bdc0e906eecaaf951057305187d0a4badf5c.sol,0.5.17,StrategyYearnBasic
0x7812e0f5da2f0917bd9054951415edff571964db.sol,0.5.0,UnderlyingTokenValuatorImplV3
0x78159620452ce77182ada205f86bbe4eafca0695.sol,0.5.17,SALESFIRE
0x781616fb046a4e39c239e39bfeff1a07d4b753f4.sol,0.5.11,IdleRebalancer
0x7816647dbfd5df766febb3a8e9f7a864447e9ed4.sol,0.5.16,DErc20Delegator
0x781f19bdff0a35caf1af03b0576207a58984a032.sol,0.5.0,GasDiscountDeployer
0x7825adf319ed717f8402b439c41c7f7e4f061d14.sol,0.5.0,KECToken
0x78339c10cfa55a078a5075184346a94e3feab6b4.sol,0.4.23,TokenERC20
0x7838C886C7F4431848CC0e8e07e7C59fACB154dF.sol,0.5.16,BRRYFI
0x78456DE31f5978C44E1595DD2F49AfD1B71fd377.sol,0.5.16,P1ChainlinkOracle
0x784cf30c7c61d0f20d6fa6c100ef6ea2ca4e4aed.sol,0.4.18,SetStepFunctionWrapper
0x7852bbeadd2498889ed680eaac849633db7422d9.sol,0.5.12,DssSpell
0x786a105d6b23592a4a16c19e8785c5689db7c926.sol,0.4.16,TokenERC20
0x786b9b1e08689defb60bfc63f9c3c1c4f964d0cf.sol,0.4.25,SafeMath
0x78705df56477ff301b71b176a2bd3151b9f4e025.sol,0.5.0,iCollateral
0x787c771035bde631391ced5c083db424a4a64bd8.sol,0.5.17,StrategyDForceUSDT
0x78886f538c0FAd33D777a325Ff2F9E54e4B70c67.sol,0.5.10,DETH
0x7890a76fd5261bdd63f6f3aca18b1306adf82aa3.sol,0.6.0,InstaCurveYResolver
0x7892b788cf2c2f2ddf384c047084a946fd241486.sol,0.5.0,TokenMintERC20Token
0x789659de58350311f50c4c9ceefcdf8cdf8941d7.sol,0.5.16,GasTokenRefundModuleV1
0x7899c266e9ebcd74f614674142101b2a6a1cd42f.sol,0.4.26,SFBcoin
0x78a174477d0ec996d35cc3484d73f71128e0c046.sol,0.5.7,CompImport
0x78A52E12c7b63d05c12F9608307587CF654EC3d0.sol,0.4.23,MainToken
0x78a9ebd3703e1439c388a31ebe82239bc6614458.sol,0.5.14,LexTokenFactoryMaker
0x78aee0fb519ec6f8f79b721e5b402cf653dfaa62.sol,0.4.26,EParadise
0x78c2aa2c1a2a04feace91f5b227a5958145e4311.sol,0.4.20,DroplexToken
0x78c34fc842ee1d4ca4b395dbee003b5020da4253.sol,0.5.0,FlashTokenDyDx
0x78c5c3c2d3690e773d828dd1b16faacd1a8bc856.sol,0.6.12,SmartWolves
0x78d94a748325f4a6fd66e7bad59650ae17423c2a.sol,0.4.11,SuperOneToken
0x78eb33ac02a7ddf77f80b313e5f4d94d507610ed.sol,0.6.8,Token
0x78f2c2af65126834c51822f56be0d7469d7a523e.sol,0.5.12,Cat
0x790d869eca8922a6c38848dfa6b5b28538d739d5.sol,0.5.4,SafeMath
0x790e1ee32e4eb254dc1d95b0b40cd6547604e995.sol,0.4.24,JinTeCoinToken
0x7915DCbe8E2b132832c63E0704D9EBBbD5800dd8.sol,0.6.2,RelayHub
0x791df1883e00f3163a8606a5595f946392923a82.sol,0.5.17,OTToken
0x7928306d54cd1e099789f06edb3b49afd6f3de51.sol,0.5.16,QRPal
0x792A229b8d6E48fB42DC6914BB181cE8a6B5a317.sol,0.5.2,ReduxToken
0x79408dad989e5c993db6a8dc7bdedbaa46f039e3.sol,0.4.23,GlobalRobotMedicalChain
0x7955546004e1c35b25099c704d5f0db88f9405a6.sol,0.5.11,Logic
0x7959b6af1a482161f2fa841055e744892a518401.sol,0.5.0,APRWithPoolOracle
0x795fdc92ed49f530e948074636b50de109e77ba7.sol,0.5.1,LedgeriumToken
0x79681fdfeade515d671b4ab8ebcf4671784c29be.sol,0.5.0,PdraToken
0x796bd8622a3cca762138309daac46164fc9f7fd6.sol,0.5.0,SafeMath
0x796bf193d00638e8a2f46e6e1c2e68d23e0466a6.sol,0.5.11,Etrix
0x797be12a4d10033fe1964f2be59a7c7b7a5a932b.sol,0.4.24,BTC3L
0x797f232c549026790e8707725dda76da70256fd6.sol,0.5.11,DssProxyActions
0x798eb5d01b1a7f089291aacc973140bd6604c3b6.sol,0.6.6,LockTokens
0x79918A4389A437906538E0bbf39918BfA4F7690e.sol,0.4.24,ProxyAdmin
0x7995f2b8d322f8650027528ca1c01ee3efbce354.sol,0.5.13,tokenSwap
0x79A00A26f05f901fBC7D29cccf1156eD0599b5FC.sol,0.5.9,Astra
0x79a7503ae4d7197838e68ba2cc79d4d86b6e20f2.sol,0.5.0,Svichcoin
0x79c8b3355b311b7429dfb8ed3e9d9660380be2ea.sol,0.5.14,LexDAI
0x79d5b94f52cce5057682c5d4d94b6c6c429863fa.sol,0.5.11,SetUserSigningKeyActionIDHelper
0x79d66e9f399609b43fc075a578bac91660192d43.sol,0.5.0,HobToken
0x79dd747cb3d8f9c45805813d4b52e398b258c7d0.sol,0.4.25,TokenRun
0x79F9ADfBe1bcFfDfE113019602D823C4c47BB30e.sol,0.5.0,MB
0x7a06c598da950ae3b5ebb98076415d604b9fd43c.sol,0.5.17,StrategyYearnBasic
0x7a0915f3bac408090bce18c931f8bc3cb5f43175.sol,0.4.24,Token
0x7a0d0b12c87e604697572b167162c54575b451fa.sol,0.6.0,CompoundSubscriptionsProxy
0x7a174d2c76e2150882d2d759c226939fe247c095.sol,0.4.26,ETOTermsConstraints
0x7a222dA5383bD38e3cBA987a19F03d576b4cb21f.sol,0.5.15,ERC20Token
0x7a250d5630b4cf539739df2c5dacb4c659f2488d.sol,0.6.6,TransferHelper
0x7a2b1304acbf93819b7ab3de98e7fe67f243bf33.sol,0.6.6,TransferHelper
0x7a2c477afd3490601d418f733d29100633062bf1.sol,0.4.25,DAR_Concept
0x7a31c8fd5ced2bd6157b9c2dc345ffd680004e9b.sol,0.5.16,UQ112x112
0x7a40ab4b8d016e4e76faea844543b033a00ab54d.sol,0.4.25,SafeMath
0x7a477ddd6d34a920b3dcee1b3624e265bc37540f.sol,0.4.24,AggregatorProxy
0x7a4b766c1b0b16a6bc77a4aa3e4dfd2ef0a955f0.sol,0.4.24,BitcoinYield
0x7a58da7c0568557ec65cd53c0dbe5b134a022a14.sol,0.5.10,ZEBELLION
0x7a5bdf93e46f21d27d4c721f88be7b8cadea6ef7.sol,0.6.6,Unixo
0x7a6201a60d015e9d39530ddbaf0a6e8df67773f0.sol,0.4.24,WrapperLock
0x7a856a4e0f10f6e7c06d71137c191b8b0980f89f.sol,0.5.0,Ticketh
0x7a863753522d67b58ce7221112ad00c7f59fb4c6.sol,0.4.24,FucksToken
0x7A87aCB1f92c50297239EF9B0Ef9387105Bd4Fc5.sol,0.5.12,DssJanuary10Spell
0x7a8a4fb9419dad1e97412f1229576e05b2000991.sol,0.5.6,Digital_Identity
0x7a9575b7985dd34fc4a2095bd1456290c8c89c32.sol,0.6.0,CurveExchangeAdapterSBTC
0x7a98cabf7a4ac415fab5ed8a724e920d46e550ae.sol,0.4.26,ProofOfExistence
0x7a9bcac66d17ead029bc27f3112b89ce019ad6b2.sol,0.4.26,SafeMath
0x7a9cd9872479521b7fee3c870f061eb33890ea74.sol,0.5.17,DharmaTradeReserveV8Implementation
0x7ab7b4f302b57410949a6c7be2929fe1f3efa952.sol,0.5.0,MultiSigWallet
0x7acbb1827642b60d6d22250cc651c9396b2fd497.sol,0.4.26,X5
0x7acBE5d1d45A6494828bdEB7bF0a3116353efaD6.sol,0.5.12,RecipientWhitelistPoolToken
0x7ad9335e172d3dd5f410fb44e43597f26374b2a5.sol,0.4.24,FiatTokenV1
0x7adb29190b3d22b46de42639af968e7d4f1c57ef.sol,0.5.11,DssProxyActionsAdv
0x7adc805873b7fee8b94304e725f1e36a181c6d8d.sol,0.4.17,TetherToken
0x7Ae8a8E28C37051Ae6A143F9ddD5F97469916287.sol,0.4.16,TokenERC20
0x7aebcbf8b5905fa35a0eef909bae1c1cb66a4400.sol,0.4.21,RainMaker
0x7aee312e115493a510144348769681340e2bdfff.sol,0.5.0,AdminUpgradeabilityProxy
0x7b06ad0c1afb9e8d449bea1d70a3577dd3d3be4e.sol,0.5.9,PaytoWin
0x7b0c0f8ca43ad5b8d7a7d75436fab8a9cf56594b.sol,0.5.17,DharmaSmartWalletImplementationV9Staging
0x7b10bb8e7402d7b8ced21123821d8ddab6cdf113.sol,0.5.12,MakerOtcSupportMethods
0x7b1104a2c5c1bb4b55e17e36d1831e4592e52dda.sol,0.5.0,Lockup
0x7b1cd9aa4a77586745126ec35623b79724b2135b.sol,0.5.0,UniSwap_SNX_DAI_ZAP
0x7b202b7d38e5621642f6a46d9d73eca8ec9386a6.sol,0.4.25,Convert
0x7b217cfd401eddce578ebcb9de306d79d720ccea.sol,0.4.25,MaskAdult
0x7b239f1d46cb93abf668beffaffdd1a928710e2a.sol,0.5.17,YearnRewards
0x7b2721ca31a42399054e3287a14a44ea06169f6b.sol,0.5.8,InstaDydx
0x7b2d34f137877ba6226b39d9fbead484149e4dea.sol,0.4.24,UFragmentsPolicy
0x7b3611b0affc27d212a68293831d3b55354b802f.sol,0.4.25,SafeMath
0x7b4e2b0cd6dfead61600647b3958199867277ec2.sol,0.5.17,Factory
0x7b540cf92de1b5697f3cc1dda39437027288c929.sol,0.5.12,DssSpell
0x7b5bb27e919aa4baee33e262fb6bc04ff88350c0.sol,0.5.0,PaySpec
0x7b636d4102b85A13c3E1D9AD30a4E705423fB65e.sol,0.5.7,RebalancingSetTokenV2Factory
0x7b70b9c8b7b74794a04338c34d2c35ceab7e58c0.sol,0.4.18,xyl
0x7b7dad14b2d19b0bd94ef9479ab237a525a373e7.sol,0.5.16,efinance
0x7b7e5924a48431d50f68c94a361dd12d0708f80b.sol,0.5.0,yCurveExchange
0x7b832f4bf6beb150c78757b8a03a680345e7c2ad.sol,0.6.6,OracleResolver
0x7B8863BcD2c68A01F7A43EB8631Ff9fAD127d510.sol,0.5.1,UVO
0x7b8c16608ceb6aa62ffc2287cf6706c322c3f967.sol,0.5.17,LexGuildLocker
0x7b9ecde3a1b9e2aad3d94df0d89446cfd009b118.sol,0.5.9,StoredBatches
0x7b9ef01284d9e2f09779bfdd0509432808dc8937.sol,0.4.15,MultiSigWallet
0x7ba29e643ef0b7a56fb850ac0e2023f938b78435.sol,0.6.6,TransferHelper
0x7ba92741bf2a568abc6f1d3413c58c6e0244f8fd.sol,0.4.24,GBP
0x7bA9c52453d2520E1484F99AE5B2e800cD781aa5.sol,0.5.0,PropertyGroup
0x7bae997806015b3e814124d14bb5bed6e725c0a9.sol,0.4.24,BCEToken
0x7baedcd6582370fc712799ad11ddf7758112f186.sol,,EUROSTABLECOIN
0x7baf06a99f4934b61a1d129af587b9e9746c77f5.sol,0.5.0,AdminUpgradeabilityProxy
0x7bc023a65f665813d05203dca0f1d99b75b60d43.sol,0.4.24,T2Software
0x7bc360ebd65efa503ff189a0f81f61f85d310ec3.sol,0.5.16,Agency
0x7Bc5790Fd0C23F45f29f893DF2De8965A3e51F15.sol,0.6.1,TokenTransferProxy
0x7BD6a4E7DB3A34c485A8DD02b30B6565e3bbC633.sol,0.4.21,KOK_Contract
0x7bed314446f3bffbc27775df2c6b439f3a376055.sol,0.4.24,BatchedBancorMarketMaker
0x7beebf4a6e5056f420f7c1ee13ca4349f383aea0.sol,0.5.16,FlashETH
0x7bf484e8f21a3de9b4614a8b874fbb91a0386a41.sol,0.5.11,Exchange
0x7c06db0651dd0ac9c6e7c34c2132241c32f4db62.sol,0.6.0,ConnectBasic
0x7c0d5A979852B7CE3a4AC4FE04A8416Af52EA0b7.sol,0.5.12,MCDAwarePool
0x7c0e3fe680b74d7bd36f581bc81e2fccc1afc62b.sol,0.5.14,cTokenKyberBridge
0x7C1C9B215780386215b2FF01bFef9146866925ce.sol,0.5.0,Token
0x7c28310cc0b8d898c57b93913098e74a3ba23228.sol,0.6.0,PeaceCoinToken
0x7c31b2b656fa7fe723a4f6f8dc2bfb44ffd8bc13.sol,0.5.17,TermsOfService
0x7c4a899b680651939e134f9225775e9f0adf303a.sol,0.6.6,AccessControlledAggregator
0x7c5d4f8345e66f68099581db340cd65b078c41f4.sol,0.6.6,EACAggregatorProxy
0x7C6664bd7957eD63f8fbF635101A186741Ef14D4.sol,0.5.0,AdministratorMinter
0x7c695ad16da482820f8bacfbdc7a10b35d1bf7a7.sol,0.5.2,USD0
0x7c8aa9e14ca9ef1e040ab941bb6c3044896c312c.sol,0.5.11,EasyPool
0x7c9D8Fb3bDe3D9Ea6e89170618C2dC3d16695D36.sol,0.4.23,MainToken
0x7ca5a868ef08d97dc2ad5d9addafef10125d1a37.sol,0.5.0,CompoundBasicProxy
0x7cb602a82eb259138d112fb09bd70239cf691727.sol,0.4.24,USDQToken
0x7CB97cc622d2CD3F403e49A369C1CF6dec0342f8.sol,0.6.0,InstaAccount
0x7cc227729270426da6e9e3f51838cf5c7dbc1588.sol,0.5.7,Basket
0x7cc444e62CAabEd92d119cbA32775F98951dCeA2.sol,0.6.0,SpamToken
0x7ccc955fa2708a83cc56b1b1b2a3220b2ad0cc13.sol,0.6.0,MintAndTransferFunctionality
0x7CD232014C63d218d67E06C9CC56205098a4D54c.sol,0.6.0,InstaAaveResolver
0x7cdf69e2eddac410a652bb51cf428d97ca406d8e.sol,0.4.23,MainToken
0x7ce0095edc386f4109a103a8e951edfc1985ba07.sol,0.4.19,BoToken
0x7cea6059dd8c3693a8a53c93b67c56e334115750.sol,0.4.26,BancorPrices
0x7cec7f68a62f8073152685fff7b642481d0a4e49.sol,0.5.0,StableAMM
0x7cf1b55e3bd7e8f0dfd4215f09b90e8be52d0f91.sol,0.6.0,SavingsProxy
0x7d159fC60B8D67580223D080Dbd742c623cF51e6.sol,0.5.12,DrawManager
0x7d206232f7e9e22796f3a2316f2f8a8019fd599a.sol,0.5,GTCRFactory
0x7d3f8600aa1d5010037dda853a4116d83fc9d3dc.sol,0.4.26,BancorConverterFactory
0x7d5943dfb6ff3303728629cf066b6d7cfb22733b.sol,0.5.14,MemberDripDropFactory
0x7d655c57f71464B6f83811C55D84009Cd9f5221C.sol,0.6.2,BulkCheckout
0x7d7539275328f8df58ce9a1adb4f1051afc1dec2.sol,0.4.24,HomeBridgeErcToErc
0x7d7871a666800384d95e5d1236e1e2c8781436b8.sol,0.6.0,Resolver
0x7d8b72a43d103d545a7a510311d7c9f92649a492.sol,0.5.11,Ethskytrix
0x7d9a27dbba3619c1d8b42f22fdf28edb85bf744c.sol,0.4.23,Storage
0x7d9ca3a698e7926f7bb00e4da761acf27b0e55fd.sol,0.4.18,SportCrypt
0x7da3f08b843029c323cccecef090d2f2c706ba42.sol,0.5.8,BountiesMetaTxRelayer
0x7dB02Aa39A3d0271e4c61C04D03857a10fc922c5.sol,0.5.0,BitcoinAsia
0x7dc681c52ebc8dddb31eb793fcae6caff9f41a33.sol,0.4.25,Token
0x7dca403db8ae6da00cfbd3bc04755713b38a0544.sol,0.6.0,InstaEvent
0x7dd132f46c5925a891bd2a776117248739165f1c.sol,0.5.17,DharmaSmartWalletImplementationV11
0x7de2b6745c3a4ab23de9b459f0639e049c275fd0.sol,0.5.0,AdminUpgradeabilityProxy
0x7de6783f26e024ef2db774a0fd02742b11891d3f.sol,0.5.11,Airdropper
0x7decfd85a24e0bc3619d3952e61aa7d3162a2613.sol,0.4.24,MINI_BTC
0x7df50deabb5c7e10172e152ad3300be25a9d3073.sol,0.5.0,Staking
0x7e1116637fe6c6b2b9da50dce44c4d532ec98f8b.sol,0.4.24,YAKL
0x7E16e15Db65fF73A8B2Dc8922A2eC0cB1D08299a.sol,0.6.2,ERC666
0x7e2180c2a66e0199c137859855c0fa6bc2f0bc97.sol,0.4.24,Faucet
0x7e21a014dd7effc8c7052f556574c6ef151e1b23.sol,0.5.13,REGISTER
0x7e2a22a39bdcf6188d5c06f156d2b377ab925eb6.sol,0.5.12,MindsyncAdvisors
0x7e2a98bf45687d8def095e93abcab42ea454542f.sol,0.5.16,YamMigrationToV3
0x7e2afb9224526fd9757e2a61dc07dda61a41e3a6.sol,0.5.17,TokenHolder
0x7e571b13AeB1A6ABcFC470B7d033a6838e53f440.sol,0.5.7,ArbitrationLicense
0x7e7669bdff02f2ee75b68b91fb81c2b38f9228c2.sol,0.4.24,ForeignBridgeErcToNative
0x7e76e9cb22e57bfbb63e195f6cabe47b54d01cb6.sol,0.4.20,SafeMath
0x7e8f1650Cc4C2964D00250e2bC5c84a409348152.sol,0.6.6,HegicPutOptions
0x7e982f22fa179dfb2ba198a32d76eb1c9828b01a.sol,0.4.25,MigtyJackContract
0x7e9f9f3b323582584526d9f83276338c89f8fbe7.sol,0.5.0,KTYtoken
0x7eb6e1f8c3c9da996728f78f6abe3b200b1e77e2.sol,0.5.0,Eth2DaiWrapper
0x7Eb78cAa271A2e8Fc25e75CA23574E9D9299310C.sol,0.5.0,TryOut
0x7ec6e71a241218df6c8ac5f989711ee5f70ef653.sol,0.6.2,TrustedIssuersRegistry
0x7ee48259c4a894065d4a5282f230d00908fd6d96.sol,0.6.0,Minereum
0x7ee62397646bfc91e9c051c8d4688fff2e6139b1.sol,0.5.11,CrossBlockchainSwap
0x7ee7ca6e75de79e618e88bdf80d0b1db136b22d0.sol,0.5.12,BrokerV2
0x7ef235d3a03f481ecf1e38c9a2d2c908daa51b57.sol,0.5.11,CheckReserveSplit
0x7ef6c9c7c022e3e481958c258c3e2432e45d9d2c.sol,0.4.24,SCN
0x7ef80aedb30cebc4865611c09aabc005b4bf4034.sol,0.5.0,VoteTimes
0x7f031CE5Df8B397680Fe025c9A9a15bCb2bDaBF1.sol,0.5.0,Gateway
0x7f0C14F2F72ca782Eea2835B9f63d3833B6669Ab.sol,0.4.24,UFragmentsPolicy
0x7f1cd65679d73eb98fcebe8b61c13d3d68605717.sol,0.5.0,MultiPoolZapV1_4
0x7F2CBA46d826BB0D249F22aFb040a08498Afa62D.sol,0.5.0,PausableToken
0x7f349bcb7ac84403bccaf388df7a9b5322ecc13c.sol,0.5.9,EtherWin
0x7f444f0f9d6a37ac3af6d1ac6fab8e5d11580c77.sol,0.5.17,LexGuildLocker
0x7f445f12543a06b52359f61f42a49d794f9f9886.sol,0.4.24,VortxImplementation
0x7f509e1a5114073adcab062ef26a199511926071.sol,0.5.0,SafeMath
0x7f5e64489e9bf8ea093d73c479921ff89b1c98ea.sol,0.4.26,UniswapTradeExample
0x7f65be7fad0c22813e51746e7e8f13a20baa9411.sol,0.4.23,Rebitcoin
0x7f6892edf9a54fa43db57ca52ee376ba2cdc1c1e.sol,0.5.8,ERC20Tornado
0x7F87EcCb156EdA91D74Bb6546b4155f0bA0d04d1.sol,0.5.0,ServiceProvider_UniSwap_Zap
0x7f98487f324692f33f13f00438f3cae1ae6c4934.sol,0.4.26,SciCC
0x7F9971226aEAD3013A5dB7767E59dAc48D01C4f6.sol,0.6.6,AggregatorFacade
0x7fa080c0473e1877958e6bdd60e12286eac77cf7.sol,0.4.26,LiquidTokenConverter
0x7fB103e6b5D11e98e58118fF31e0b41bC40786a0.sol,0.4.25,ADAMASUtilityToken
0x7fb8aa1f70f77b6279e5cb6796af9f3873bf4489.sol,0.5.11,DharmaDaiPrototype0
0x7fbdd39b5ad7bbfe014135b8ba64e0f1e4eea040.sol,0.6.0,Zeropool
0x7fc0552df341Fe7052eFC8A2806A7c9bdDeb23D0.sol,0.5.0,KingdomsBeyond
0x7fd66442d2ab7860646a287f16380fa6b8eba5bc.sol,0.4.25,DingarMMK
0x7fd808b1e798b7bd26171014f072b3a7f34786e4.sol,0.5.0,FlashTokenDyDx
0x7FdAF7e0efF6eD6665B6683267Ac43866E30d44c.sol,0.5.10,SonykRC
0x7fe1f327b4c8fcf6343ecd4009ce9d07ce7962ae.sol,0.5.0,Staking
0x7ff18386f09bf5ae8ecbcde6e3836db043d5b50b.sol,0.5.8,InstaMcdMigrate
0x7ffe4e2883754f334c542968cf7ce8aaea47f3f0.sol,0.5.0,Staking
0x8003c49f6ebacddc493ea47cab45e892d1b638a1.sol,0.4.24,AMPLGToken
0x800ecA21614dA02Df076981Bca9c664dBE19089A.sol,0.6.1,ActionsGateway
0x8017d006f9cc2831249bfec6b2c4c10c327c8636.sol,0.5.0,MCDFlashLoanTaker
0x8033646e311bc101a1ccf4b2fa76663884e42c33.sol,0.4.19,Token
0x8034f06c558a25bf791158acf50741b9ebd1d98d.sol,0.5.17,Moloch
0x804E26C4EFf0BB196b805bDFb5B29AB828cF0B1f.sol,0.4.24,WhaleCoin
0x804f84a5c4ff8cb42d3d76eb58f295d9b7bc5b37.sol,0.4.24,CRYPTOINFORMATION
0x8052cccc713cc9883afb1a9d863fe165e08dff01.sol,0.5.13,AaveFinancialOpportunity
0x806167087d7dc1a95fe2cbfb92407e952cee4d37.sol,0.5.0,Counters
0x8073679f7eec97478695fae06d5522b0caa3127c.sol,,HKDOLLARSTABLECOIN
