0x00000000001876eb1444c986fd502e618c587430.sol,0.5.11,DharmaDai
0x000000000019fff0e5b945e90ee1e606aa22c6c2.sol,0.5.16,DaiBackstopSyndicateV2
0x00000000001e980d286be7f5f978f4cc33128202.sol,0.5.11,DharmaDaiUpgradeBeaconController
0x00000000004cda75701eea02d1f2f9bdce54c10d.sol,0.5.11,DharmaAccountRecoveryManager
0x00000000005280b515004b998a944630b6c663f8.sol,0.5.11,DharmaEscapeHatchRegistry
0x0000000000796dc3aa12eb9fe3b6e8f4d92cc966.sol,0.5.11,DharmaUSDCUpgradeBeaconController
0x00000000008a10a98969a000d1c0aba90f858d6a.sol,0.5.11,DharmaUpgradeBeaconControllerManager
0x000000000092c287eb63e8c2c30b4a74787054f8.sol,0.5.8,TokenFactoryProxy
0x0000000000dfed903ad76996fc07bf89c0127b1e.sol,0.5.11,DharmaAccountRecoveryManagerV2
0x00000000011df015e8ad00d7b2486a88c2eb8210.sol,0.5.11,DharmaKeyRingUpgradeBeaconController
0x000000000d38df53b45c5733c7b34000de0bdf52.sol,0.5.11,DharmaKeyRegistryV2
0x000000001a1f402e8e32f1faac83692266167b26.sol,0.6.0,DeadSender
0x00000000357646e36fe575885bb3e1a0772e64cc.sol,0.5.16,DaiBackstopSyndicateV3
0x00000000580090b7b5b593ab408000b1abb5f78d.sol,0.5.11,DharmaDaiImplementationV1
0x000000007f8ea40a849c00ef59b8690bc56d7d98.sol,0.5.16,DaiBackstopSyndicateV0
0x0000000088ad0c701dd873c5915addc65f54fa05.sol,0.5.0,MetalTracker
0x00000000938f41360a846490409500d08919856c.sol,0.5.16,DaiBackstopSyndicateV1
0x00000000daa80e2b0694604fc3644b0016dd56fc.sol,0.5.13,IndestructibleRegistry
0x00000001008b2ff2004f00a7c8a0f48c675e5034.sol,0.5.11,DharmaUpgradeMultisig
0x000f400e6818158d541c3ebe45fe3aa0d47372ff.sol,0.5.16,ArbitraryCaller
0x00111feeb7ee43e262ff38aaf912b72ea668edc3.sol,0.5.11,RipgaleToken
0x0017a04a2e182376235530d501bc3fbe7ca07a5b.sol,0.4.23,KOLLockNode
0x00200042be62125116f6161c3ab4b0ccba585cd6.sol,0.5.17,IDpost
0x0028b2ec9C4703F3C8F18e38AA02c047D7b8AE80.sol,0.5.10,Sales
0x002c97933d0976dbcf51c0e8f8a3e64d8fd9d296.sol,0.4.18,IranMoney
0x003288d46471359320c9cc47696a55e6c1698bb8.sol,0.6.2,ClaimTopicsRegistry
0x003312e3ebbe6b0f25f1c03c2695d83075d9a9b8.sol,0.5.16,StrategyBalancerMTA
0x003328baa789dfbe86b89555cb097970a524848f.sol,0.5.8,InstaDydxRead
0x004982bfa6ed67cd7f290f45aed3057e5c7463e0.sol,0.4.24,AEther
0x004a60e932aeb59ab06996586a64c8cea37c3875.sol,0.4.11,MinCoin 
0x004da98ea773b10359000000bd00770091f94b15.sol,0.5.11,DharmaAccountRecoveryOperatorMultisig
0x0051aa458da83d98610742851255b1b64f2b70fa.sol,0.6.8,VIPEX_COIN
0x00534caeb1c9a7fbe59449653914eccd4bcfbdb6.sol,0.5.14,LexTokenFactory
0x00746883216d1c2eff70f8cc2d2b23b04b8fa146.sol,0.6.2,EchoString
0x007ff3b4639baf3aed4056b11c5abb03b243835b.sol,0.4.25,OracleRateApprover
0x00813626695bd9cbab357eedd45e5083311edeaa.sol,0.6.0,Zeropool
0x008faf03038c810e478013d85659e25199a79e77.sol,0.4.26,Simple_Options_v3
0x009296DBf657f0B889C672b26d697f60EF82A0F2.sol,0.6.0,ConnectOasis
0x009631f3cb11a9af2e2f0186e698a2bc976d86eb.sol,0.4.16,ERC20ETHD
0x009B40Aab0Ec2d4abd696dB7b0cfCe5C24EB9114.sol,0.4.24,CAMToken
0x00a547616878d42295e21afdf44d9819b74dac92.sol,0.4.26,Trader
0x00c0443f42932d9efe27e64409b21d2e48928d66.sol,0.5.8,JarvisExchange
0x00c7a37b03690fb9f41b5c5af8131735c7275446.sol,0.6.6,AccessControlledAggregator
0x00d46727c2E4A6E358A8c0D638137a3d91B19BE6.sol,0.6.0,DVTT
0x00dd005247b300f700cfdff89c00e2acc94c7b00.sol,0.5.11,DharmaKeyRingFactoryV1
0x00E07c2c78695418d84485EEE1eD293A3867D9c3.sol,0.6.0,InstaIndex
0x00ee41dcc47045a85bcf7784264f23a6f8bad35c.sol,0.5.12,Pitch
0x00fd138d8be71e9c1cee48b8bb00779682e7ad29.sol,0.4.21,Crop
0x0100e29a8c08fbe5180ffa9190a5487f0f3f50f8.sol,0.4.19,WEBVUA
0x010D14d36C3eA6570D240ae3ac9d660398f7C48e.sol,0.5.0,CenfuraToken
0x0119b84Bd8B114a60a5cC2e4A74708857a290213.sol,0.5.16,P1FundingOracle
0x012bf38b6ca9ea39ea95f30f8640f3d63767dd17.sol,0.5.16,StrategyBalancerMTA
0x0144F889f8ED5Ec7962E2936683D3784b550C71A.sol,0.5.0,ELE
0x015df42d36bc851c7f15f80bd1d4e8dbf02aed0c.sol,0.5.2,CONNECTXCON
0x0174a4c115f214cd42a6b90a16b97da36441c4e6.sol,0.5.10,Token_ERC20
0x017b584acfd16d767541ae9e80cdc702f4527b0b.sol,0.5.0,ASYAGRO
0x01851a282480665ad399fe0b5d5b7f2085bb294e.sol,0.5.0,LiquidityModule
0x0189177944008c9ca0fdbde0cd1779aad54a2042.sol,0.5.16,StrategyBalancerMTA
0x019739e288973f92bdd3c1d87178e206e51fd911.sol,0.6.0,ZrxAllowlist
0x01a42015e7ebc94b90c1c8746860876debb2f229.sol,0.4.26,GiftOfCompound
0x01a90c5a0753b554eee3b5889afce40d85c1e81d.sol,0.5.11,RequestForForgiveness
0x01b34fe45b5c00b71d6ff47e76781269aaa7b5c4.sol,0.5.8,LoteoPoker
0x01b354a9fb34760455ee9cbe7d71d2ce5c11ab5c.sol,0.5.17,StrategyDForceUSDC
0x01c01fbf26ea9d08f895e27621a16445e8134550.sol,0.4.24,Flexondata
0x01eee9f6dad971da52f3d0400431692b29573da3.sol,0.4.26,ChicagoEX
0x01fa1B31766c0e58a2C66b6FBa3C36128aea60E4.sol,0.4.24,PoolPortal
0x0208a56ea43c3ff6c2611071948794c2674a16b9.sol,0.4.18,ERBIUMCOIN
0x020b12d0503bbe84ec1f17bbb8ae91679f906bbc.sol,0.5.17,MolochSummoner
0x02114334e7ff9601085d5b5805f8694147317c3f.sol,0.4.19,MarketplaceElectron
0x0212fc2a0e2f5573155359c80f87318d926561b3.sol,0.5.13,Laurea
0x0213415ca0be50a440fb88be470753549b2980af.sol,0.4.26,NEWTON
0x022023be5ec6ae0af99d3cb337a2811ad123b3d8.sol,0.5.11,EnergyChainValidator
0x022302f2520aFDB08463F204cdeE4BDFC213A387.sol,0.5.0,SafeMath
0x0231f96bcbccd3d7b64ef63b55c652447cac2a29.sol,0.5.16,Notify
0x0237007e99a3526d4e6bfb35d3de888c54fe39d4.sol,0.4.17,InterestsToken
0x023885BD1408882BB4AA0F2AE468b29CA2dEA7D1.sol,0.6.0,CompoundSubscriptionsProxy
0x023cf1D6b14846c9C12Eb60e91d61855a31F9835.sol,0.4.24,HolonToken
0x02525172418dfd0c828c567ddbfab064e60831a2.sol,0.5.17,MinionSummoner
0x025daf950c6e814dee4c96e13c98d3196d22e60c.sol,0.5.10,RICH
0x02608d852534e64e63b06bdd79a8422dfc02d451.sol,0.5.11,Crowdsale
0x026195ce819f1cb4fa872ce306b14b91ab16a3ab.sol,0.5.1,YAMSilver
0x026a7d72a448d0e44d441e55f746bf56b843aedb.sol,0.5.0,TOON
0x026d4b8d693f6c446782c2c61ee357ec561dfb61.sol,0.5.16,TimelockGovernance
0x026f23ae03de7d81e3af7252818fe9a05ac13a25.sol,0.4.24,COGEToken
0x027b8cd9c1761651048a65eab2f8d4ed9b97a59b.sol,0.5.10,ZTokens_ERC20
0x027bbe79f0b83a45b2443e9da9b7554596ac8428.sol,0.5.0,ERC20
0x02b3f51ac9202aa19be63d61a8c681579d6e3a51.sol,0.6.0,CurveExchangeAdapter
0x02b46985d243001b3de2ee0b68793016c9ca6843.sol,0.4.16,TokenERC20
0x02b4958be94033c98314db1aa2f031da60e4498e.sol,0.5.0,AaveRate
0x02b7eca484ad960fca3f7709e0b2ac81eec3069c.sol,0.5.9,MooniswapBridge
0x02ba9b528425f9de08f961b88a10b03be8b8b998.sol,0.5.16,MASQ
0x02e60accf9959be441b0c55783ae8cf04d57ae0e.sol,0.6.8,Token
0x02fc77b3658e006ac54334103a8c85114f68301e.sol,0.4.24,BiomeCoin
0x02ff1db74bd70f0ce5e0b25082a95a63dbaa1d2d.sol,0.4.26,KB
0x0301db8ddf7e441b0fb4d2b4d198d852df47ccf7.sol,0.4.26,BancorConverter
0x030f85f9c80aa2ef4750f8768c146b66fd4ae2b5.sol,0.6.6,OfficialGuardian
0x0323fa07c085d3eb28a8c0a500112171f6dddd75.sol,0.5.17,Mystic
0x03282f2D7834a97369Cad58f888aDa19EeC46ab6.sol,0.4.24,Token
0x032a138ef9b6efb91c8df33082e7abf17aae2ac4.sol,0.5.2,Merkle
0x033671b4d777bd8eaf6d391d48422948504eb6a9.sol,0.5.10,ProxyContractForBurn
0x033A9e38EDCF3086dBeCb16f8946E13C45015BA4.sol,0.4.24,LukiuToken
0x033b4d852356914eba166383d2c9d532b28df9bb.sol,0.5.8,ERC20Seller
0x033bbe355ff37e57f93ca06c3ca20bcd0e95ab04.sol,0.6.1,ZxcBurner
0x035df12e0f3ac6671126525f1015e47d79dfeddf.sol,0.4.18,_0xMoneroToken
0x0371f7b219fff864b437bcfb564810F323FfFccA.sol,0.5.0,BTCRToken
0x0386D41FfdfA1f5Bf24Ef2b19FD21683B8A1e3f5.sol,0.5.0,SmartexExchange
0x038a0a2a26d0f65237015db3f892d70cc34d51e7.sol,0.5.11,InternationalDigitalAssets
0x03904F4B9Fb54c61AAf96d0aCDD2e42a46c99102.sol,0.6.0,SafeMath
0x039288422d80b859afe192b7f8cd3f93c8b53710.sol,0.5.0,IzeToken
0x039aA54fEbe98AaaDb91aE2b1Db7aA00a82F8571.sol,0.5.4,DualsigsLogic
0x03ac6ea89607d372675187cff3acf392f329d76f.sol,0.5.17,ChaChaToken
0x03bd5b5593a9aa3fe02471903df51e4d611dcaf1.sol,0.5.0,ERC20Swap
0x040007b1804AD78a97F541beBeD377dcB60e4138.sol,0.5.15,MultiSigWallet
0x0404edf19df7bc746bffd8d1536a924e2bbbe8f8.sol,0.4.24,KuaiWechatBusiness
0x041b820c8750276618160bc56d7463082406bb9b.sol,0.5.16,FreeSexToken
0x041c97dec69a87c91dd45086446d552b6637b2f1.sol,0.4.24,YesCoin1
0x042ab1e1a158dc9e6cd9012d5c12a4d6f0aad734.sol,0.5.15,YamAutomation
0x042c5509e618d901df9750772b51c8f168599877.sol,0.6.0,InterestRateOracleContract
0x043c52c8ff76c088646c8d2630eddf1a8e33ba4c.sol,0.4.23,DSSpell
0x0442bc99441f55244131cc13a2e717c493ddbf01.sol,0.4.16,ERC20REV1
0x0444113cad736b6452c824c642fed8a4df1c4a34.sol,0.5.12,EtherBuy
0x044dad5c0da888c93d8244261b67bd431b47ca14.sol,0.5.0,APRWithPoolOracle
0x045A03F82F52A4aB975B05C62b7264E61A9ce182.sol,0.4.24,Allocations
0x045c1185bf419d1476f6cab089050e270e994628.sol,0.6.9,AccountWatcherV2
0x0463d394d383f8e56561120ff00834fef8a5afac.sol,0.5.16,FixMarketPlace
0x0466Fb3AEC9c9BFc87ae909FcB531e917Bb48230.sol,0.5.12,SevenToken
0x046ed2df4e9165fb3d7c7a3f5a161e53291b7fbb.sol,0.4.25,WVD
0x0481d19cdd6a12aa2f85b4a46a31d1d17ba33543.sol,0.5.0,Registry
0x0485a423c0b8ff2f5aa2ec35a32d1c67a2e99b6c.sol,0.5.0,Synthetic
0x0487fc87df11933ace3c3dd98e287fd53c2109b4.sol,0.4.23,BusinessAlliance
0x04918f1071594af602f937f6a444b5f5787786ed.sol,0.6.12,ADXToken
0x049E4D10C1B7280CFED5B0D990e39F9c54529A32.sol,0.5.12,DssSpell
0x04a2045f76e890a6430b5fa66ab2b3bac59ce51c.sol,0.5.14,lexCHAI
0x04aa51bbcb46541455ccf1b8bef2ebc5d3787ec9.sol,0.5.0,yWBTC
0x04adfd46590db157a20d88e6d10b783617aadb7e.sol,0.5.17,PRESALE
0x04bc0ab673d88ae9dbc9da2380cb6b79c4bca9ae.sol,0.5.0,yBUSD
0x04c6daf9c3fea6ac055d20f76ef88361986366eb.sol,0.4.26,UniswapTradeExample
0x04cb6f27815b15d8d8d7ee149c34391cf2fe1e1e.sol,0.4.26,BancorFormula
0x04d23f2b1867e66320ec8066005b6da27031c200.sol,0.4.17,NRCToken
0x04D4a97995EfE3E26A5AF389a4af82732964Bd31.sol,0.5.7,RebalancingSetTokenV2Factory
0x04ef8121ad039ff41d10029c91ea1694432514e9.sol,0.5.0,yWBTC
0x04f595cca0c090c39d1026b7b7938574171f215c.sol,0.6.10,CBL
0x04fa0d235c4abf4bcf4787af4cf447de572ef828.sol,0.5.0,VotingToken
0x05007434b72a5e99348186f45fcd3660917da683.sol,0.4.24,NightlightToken
0x050954DaA56e930c4f54b9C51F3A482B88E859aC.sol,0.5.0,PNT
0x050cd4835b08babfc6ff92187971b3253e92640e.sol,0.5.12,DSSLeverage
0x051096b73b227f63a0c8f863b436e9a74faf1bf8.sol,0.4.18,CyberSecurityNetwork
0x0527A51566984Dba53110557E1daadDd4972fd85.sol,0.4.23,MainToken
0x0534384a98fcfb9cf0514706f02c6697f0e40bca.sol,0.5.0,HEXAutomator
0x0545590d1ce8a60db943f7cf64f60cca44895da6.sol,0.5.15,CustomToken
0x0545ccf9b65f97953168f2c08cf47646b6f80ac5.sol,0.4.26,AUD
0x054bfcd07b64575c23c0045615b37b297e2e2929.sol,0.4.16,TokenERC20
0x05509f5c4680c2b0e1aa5fcb961d595264c0ae13.sol,0.5.13,XBullionToken
0x055C59fCC1c49a84e94f89dEe42732614B0CC2dE.sol,0.6.0,ConnectSBTCCurve
0x05632408ecf267fb7acca9050a53413737bf4f65.sol,0.5.0,KyberNetworkWrapper
0x0563fc575d5219c48e2dfc20368fa4179cdf320d.sol,0.5.0,PreCoordinator
0x056a6724266920649540c169d8446ecffca25473.sol,0.4.12,Token
0x0577c56880592d11635d3450063ef773bffc60f6.sol,0.5.11,PartnerDeployer
0x0579335fBA454Ed617504F1374bfF0C68B4a11d2.sol,0.6.10,KabazonPoints
0x057d35a858d6350d10f714785baf5c07703dbd4c.sol,0.5.12,DssSpell
0x058d492b9de7fb2e3ebd87e64fb279f05f9b3837.sol,0.5.11,CheckReserveSplit
0x0597eaf957d896a5751aa35324bf24e1d9bc0f2c.sol,0.5.0,ycUSDC
0x0599e0f94818b0e7a2a0a71d64fe822526e11a3d.sol,0.4.25,ZaoWouKiCoin
0x05a8b94cd607d5d611ff71161623f815535a4c73.sol,0.6.0,BrandContest
0x05b884c671c0bf558b7cc4dcd451c389db5ea4f4.sol,0.4.18,Token
0x05b8cb3F1f1F46cEAE3187c56AF5B223CF2D831A.sol,0.4.20,BATMToken
0x05b90293663ED7F853bEA436e21d167641ff96b8.sol,0.6.8,Token
0x05c31a8270de1a757a500c069fc43692b7af56cf.sol,0.5.0,Staking
0x05c52fe877ec143631bf0523b9485301bc2d7c5b.sol,0.5.11,LLS
0x05cabebf2f2ad6f021872c609345173311be63fd.sol,0.5.17,DharmaTradeReserveV11ImplementationStaging
0x05f370CA0B6c156845f73A9115F35edCdE052803.sol,0.5.16,P1Liquidation
0x06061dc51270e7fea229e17fd17af5ecf822b23d.sol,0.4.23,AuraToken
0x0618aa7ba1519ef1ce01db2024854128ed27d3ae.sol,0.5.11,Emclassic
0x0623a68E698154813fA96CAC04fC4141901378e2.sol,0.6.0,Resolver
0x0624db56899e6554df01a40905a57bb183482d5d.sol,0.4.25,Lottery
0x062b203190c5c9419a474bdc80f89a5671e0eebd.sol,0.4.24,UtilFairWin
0x063b3791c5b377b40c05a5b1003c6a5a965a4e53.sol,0.6.9,ChainlinkLENDUSDCPriceOracleProxy
0x065ae34771aa010747dbe375dabaf02c0931d778.sol,0.5.11,RaffleMarket
0x065b50f909fd1d2dbe0440aada05277fcadef0b6.sol,0.4.25,Bank
0x0660d16ceef9d5a42910c336a5c2fbc419743bf0.sol,0.6.0,ConnectInstaPool
0x0669f97be1948804FdA3CDD745F9eAd2356aECef.sol,0.5.12,ERC20
0x0670e207ccc46c18fc38cdb3305c5a0e889eb4cd.sol,0.5.16,StableAMM
0x06741096ef84fd751b0805a96583123b5cb11540.sol,0.4.25,Recipient
0x0684045ed6282eaff4f75061bb82c74210840327.sol,0.4.24,ERC20Token
0x068C202B9A91F6e8cF4c2b584D82B219070e7A11.sol,0.4.26,SmartToken
0x068d8c19cf10bc4a69f6c4a9ae9a48f6e251f3ed.sol,0.5.16,ShareholderVomer
0x06915fb082d34ff4fe5105e5ff2829dc5e7c3c6d.sol,0.4.26,ConverterRegistry
0x069b2fb501b6f16d1f5fe245b16f6993808f1008.sol,0.5.12,DssProxyActionsDsr
0x069fffc959953c84ce56011322bf2550e37167fe.sol,0.5.0,PaymentMaster
0x06A7689149cf04DacFDE555d1e1EAD7dD7370316.sol,0.6.6,AccessControlledAggregator
0x06a8cf8f54f04094a266a49f4886c578dc42b548.sol,0.4.24,TimeLock
0x06a8fee7a607c5c887f5f0672f7d8849583ddcc1.sol,0.6.10,iCollateralVaultProxy
0x06af07097c9eeb7fd685c692751d5c66db49c215.sol,0.5.12,Chai
0x06be577e3a6cc2cfaa6140b7d2e8a5ec61887439.sol,0.4.20,PXSToken
0x06cb7c24990cbe6b9f99982f975f9147c000fec6.sol,0.6.0,InstaPool
0x06d22ffd78e7fc7cf72801037afb995521a8d7f0.sol,0.4.24,TTTCoin
0x06ec2d284764c510816e2433f5106fa6d7a77fb9.sol,0.5.13,GreenEnergy
0x06f183eff1cad7aeffe93a88145dd9f6266e6835.sol,0.6.0,Monument
0x06f321e9a70d7c1fce735fd0a312dad7083b6a66.sol,0.4.19,FireToken
0x06f3c1f0d8a444e22f6e7013f318b39cb6f82529.sol,0.4.25,TokenERC20
0x06f50C56E8a5EC54B7890af2234a968e5244dA63.sol,0.5.12,ERC20Wrapper
0x06f65b8cfcb13a9fe37d836fe9708da38ecb29b2.sol,0.5.0,Token
0x06fe76b2f432fdfecaef1a7d4f6c3d41b5861672.sol,0.6.5,AdapterRegistry
0x07066d358437a91dd71d712f55949fddb9882ba9.sol,0.4.26,DIFI
0x07105e188cdade87a6b40dada29563877e63ac95.sol,0.5.0,CurveFlash
0x0724592f32edb14e4ec76c2914afdbcf4dcf95c0.sol,0.6.10,Flag
0x0727e6688c3cdc4177beb65fa6c6670830d7e4d7.sol,0.5.15,STARGRAMToken
0x072B5669721559546bF484E4eC76087704B0d4A4.sol,0.5.13,UMC
0x07342ab4971a9d6fd688a26454c6a474ddf881c2.sol,0.5.16,StrategyBalancerMTA
0x0739311a9725779f109706b48a56763a8ae8fe50.sol,0.5.17,RiskOracle
0x074544d3ab4026f7b4f107a3f5f320fca9c5709f.sol,0.5.10,overflow
0x074b513b348bdc586d953ac8370a1f62d841f404.sol,0.4.25,SafeMath
0x07527da90551e05ccc7a6ecf7305e046b17cb8f7.sol,0.5.17,LexGuildLocker
0x07534500d6A28D775F652280C3961813D2A9Ec0e.sol,0.6.0,VasaPowerSwitch
0x07658107cf02559a307cca6f2e63991387d479c3.sol,0.5.2,FastExitHandler
0x076c5c977938839914dbceae1643858721ba020b.sol,0.5.13,BlagaDaru
0x0771f75378f8240cea81694f4d400598645b47e2.sol,0.4.23,MainToken
0x07759C39BbC1F88CA6b61B5EF500472Ca606DF89.sol,0.4.24,Delay
0x077e6EeC6aBdf8dCCf7e3A4235F9B479489C6aF9.sol,0.6.4,AaveDebtAdapter
0x07974eb2ad95291691ba3ae80b6cd85c343bc4bc.sol,0.4.19,QunFaBa
0x079b4b239032992d7e5e8b0e3f385569cfa8de8b.sol,0.4.18,QTAAR
0x079ca51f7f7bca4b971eb8b6f826d0933ac2bb79.sol,0.5.0,CfoCoin
0x07aBe965500A49370D331eCD613c7AC47dD6e547.sol,0.5.16,PerpetualProxy
0x07ad822645bee327cbd99592ae9017996c75569d.sol,0.4.18,NormalToken
0x07af5fdf6c018b6afe2ef859b034a583f3e85efc.sol,0.4.26,Trader
0x07b1f172268e1737c3176b50033dcbd7755284ee.sol,0.5.10,ZTokens_ERC20
0x07bca5ab0a86e72148f367e152b89e5def206f7e.sol,0.5.0,Tst5Coin
0x07bfc43a4aa4913cf9f301485326cbbab57d813b.sol,0.4.24,SafeMath
0x07D6A3b7a345576a22B63470c1cBdf133179257C.sol,0.5.0,SafeMath
0x07D80fcb60Ce598257B176549d48C1D628933b49.sol,0.6.10,MultiRelease
0x07e42d9dc1471f9c3c823f1786cca07ed6180197.sol,0.4.20,ERC20Token
0x07e80474e6F1690770Cd5337885661A1e6b7Dcd1.sol,0.5.0,APRWithPoolOracle
0x07ee93aeea0a36fff2a9b95dd22bd6049ee54f26.sol,0.5.12,DssProxyActionsDsr
0x07F56574eE85a0CCB64D29dc1ddff2cA32778dbe.sol,0.5.12,RecipientWhitelistPoolToken
0x07F81230d73a78f63F0c2A3403AD281b067d28F8.sol,0.6.0,ConnectCompound
0x07fe4b3ec7bb07ccd901de0bc1f01e3e3d2949a1.sol,0.6.6,LockTokens
0x080d24749e4032300b82353512277c21d5aba69e.sol,0.5.14,UniswapProxy
0x081f5489a66d3c75d615040fddd64d9ba1e74e76.sol,0.4.24,Natretix
0x0821f21f21c325ae39557ca83b6b4df525495d06.sol,0.4.24,Aggregator
0x08399ab5ebbe96870b289754a7bd21e7ec8c6fcb.sol,0.5.0,Token
0x083ff667415ed1be3bbdc847c829cbebe38c6140.sol,0.5.0,Counters
0x08411AfEb66c909F57d84FdcC5dD6DF5AB7062BC.sol,0.4.24,BTCFeed
0x084ad5467c3fcb89af53c74124ab202af012bcc0.sol,0.5.11,DharmaLocksmithV0
0x084da5a9c0e3f086532b98d8568432349b89d9df.sol,0.5.0,FPT
0x0871dc08604619e7ded70bf4913a50ef320b54a7.sol,0.6.0,CryptoToken
0x08a07bbeaa4677cf74927b98dd09fbc8f4f3f80f.sol,0.5.17,StrategyCompoundBasic
0x08a2e41fb99a7599725190b9c970ad3893fa33cf.sol,0.5.0,SpaghettiToken
0x08cb672f09079926727a2365384a916b5a605e36.sol,0.4.26,Trader
0x08cc5a88ce4a0d047ba21c523240c2b8d1ac4474.sol,0.5.17,TokensViewV3
0x08d88845df68222fc8a1e631ab1817f1660766c5.sol,0.4.20,NIUNIUCOIN
