0xa6572b1c064becdb3b72d71bda2779757a976841.sol,0.6.0,DropETH
0xa657c9247701b2befcb590614b2c2d66b7460323.sol,0.4.16,EightCoin
0xa661099523ebd060a7dcc9a5c3884bd2d35f15af.sol,0.5.17,MysticMolochSummoner
0xa66a5f51667da71179c23db79a58c16193dd84a1.sol,0.5.11,LibfxToken
0xa67462ff3314c682277771ae2bbcec08877c877a.sol,0.5.0,NNCProjectToken
0xA674F17a211fB2436908dd6C995EFb5e737cdE62.sol,0.5.2,ValidatorShare
0xa6781b4a1ecfb388905e88807c7441e56d887745.sol,0.4.24,Aggregator
0xa689dcea8f7ad59fb213be4bc624ba5500458dc6.sol,0.5.7,EBASE
0xa69858f49385060371beb872c39d2f90b7a26e03.sol,0.4.24,airdrop
0xa6997af40f2f87125ba490e0c539dc7bd37381bd.sol,0.5.11,RipgaleToken
0xa69B107791b8D0dF8c317dD9533260826C11F80C.sol,0.5.16,DedgeGeneralManager
0xa6d5c720a9af5a405dfb6b9f44fc44fab5d4a58d.sol,0.6.0,EZY
0xa6db1c7becba1af1dbaf92e68192fc0b474320e1.sol,0.5.17,RiskOracle
0xa6ea3b9c04b8a38ff5e224e7c3d6937ca44c0ef9.sol,0.5.12,GemJoin
0xa6f897fc27b91fb3ae4819ce3430a203c878f74b.sol,0.5.0,Transfer
0xa6fad2ced78f50e07071faa6db7b62d94a643d01.sol,0.4.20,ERC20Token
0xa6fbdc9dcd77cb96a35d68f14912a735f80b11e6.sol,0.5.0,yCurveZapv1
0xa6feca56c0ddaf5865c967c93cd158bf5b04d6f6.sol,0.5.16,DeBankToken
0xa70fb3483fd2c1149fdc2424cca8aae4451f2ac4.sol,0.6.6,TransferHelper
0xa710c994d03943d3f5346a9139c9a61363224c6d.sol,0.5.12,DssLaunchSpell
0xa7135d0a62939501b5304a04bf00d1a9a22f6623.sol,0.5.8,StandardBounties
0xa725ea3fca286dfbadb185ce065edb479917ffd0.sol,0.5.0,yCurveZapSwapV4toV3
0xa72e909fa123b3d0ed1f8b4607440ff1f2c87030.sol,0.4.24,DncToken
0xa74d03419e4535cf43d87518d34a7485cd911ee6.sol,0.4.24,BCT
0xA75453c61AdEA4db0a52AEDa47880f055bD3aF12.sol,0.5.0,DevMigration
0xa7565a3e2d0044b8bc887bc6451f6e70ac551462.sol,0.4.26,Simple_FOMO_Round_2
0xa7662d496c3d12a6c2e66c5690b9f128ea7a3605.sol,0.5.11,SetUserSigningKeyActionIDHelper
0xa76942d04cfbbb7a3f20687ac1d11d150185f38d.sol,0.5.12,BTZ
0xa76ea705783b595b420bb36f196540a2ed629673.sol,0.5.12,MatchingMarket
0xa7705ba697c1afe0429be6bcf8192af1ba8768a9.sol,0.5.11,Ethskytrix
0xa770bd94b3e3fca33a69e6897a35e158ef4939cf.sol,0.4.24,NKCLM
0xa78a974b487357ad5c17a072dfee4d31b839b331.sol,0.4.16,HOT
0xa7902bc8c455a4d6ea77ebf784cc230818e6b3e0.sol,0.4.26,Trader
0xa795c8aa9fFe42705eb61CFF387D5cF2d781dcf7.sol,0.5.0,OmegaToken
0xa79958571d55749898292f09366ce2b7c2f89b74.sol,0.5.0,SRC20Registry
0xa79b2c8eb39dde841bd1981c48e012eff156ba5e.sol,0.5.16,ShareholderVomer
0xa7a5c1058194af8f00c187adb7fcc0c95f1c6c2d.sol,0.6.11,SpaceiZToken
0xa7aB0d82Cabe45347bC2601Ce9E9C8e513c4Cd3b.sol,0.5.13,OrchidList
0xa7cca1ab4ea8cba3b90786b30aa39d626d7544d7.sol,0.4.18,WrapConversionRateEnhancedSteps
0xa7d1f4d82dfb8aed1f83d0fb4a3978aca890c5d5.sol,0.6.0,MotmansCoin
0xa7d38fbd325a6467894a13eefd977afe558bc1f0.sol,0.4.24,Aggregator
0xa7d768ebd9915793393f117f8ab10f4a206875d8.sol,0.5.0,ERC20
0xa7d77697427f2569de74f077728bd28ef4f94ccc.sol,0.5.17,LitionVesting
0xa7d779c9db310a3cb281448dd1db7da8adcb335e.sol,0.5.8,WMVToken
0xa7e4689645eb58bfe4d0658cd21d9db715f11320.sol,0.5.12,MWT
0xa7e5225336C147eAdb3455423a01f8677C562c75.sol,0.5.0,BoosterPack
0xa7e8b6973b48ca3affa85e9a525c2936f0d20df6.sol,0.4.25,MonetaryModel
0xa7f70670ef938fa9af0004767c9322bca05911ac.sol,0.5.14,ClaimTokenFactoryMaker
0xa7f7ca4c2eb9433d7495120bef13798ab427517c.sol,0.5.7,InstaVaultCompBridge
0xa801b6808c91abb5e026161c683b8e3baac4f1c9.sol,0.6.9,AccountWatcher
0xa806af507d0b05714cd08eaa0039b4a829016099.sol,0.6.11,VetherPools
0xa81600350ad1b6118ffef24dbc68c9635af549af.sol,0.5.14,LXCHAT
0xa81b07da1a6d60a53de91bebfac2b9367840b8fd.sol,0.4.18,EMJAC
0xa81cf084b75949c743f519f44a9b39f0e821ff75.sol,0.5.13,TokenSwap
0xa81ff1d830266932f41e214966bdfd4704aa7069.sol,0.5.16,yDelegatedVault
0xa8252b81be007b23c293248533f444205bafbfd9.sol,0.5.11,SafeMath
0xa835508eeefb7a4b4174fcd5a91e0caa38791216.sol,0.5.17,MolochSummoner
0xa8526d6ba36cf911a7892703e6baf98ae95c2375.sol,0.4.25,SafeMath
0xa854184bd106ec2529f9840bdf2512ffdae71515.sol,0.4.19,MyToken
0xa8574cd1921910deb8bf8cd3773ad34e61949027.sol,0.6.9,AccountWatcherV2
0xA8692c55aAb501dA3931DF536aD4325F5aF4a75D.sol,0.5.12,DssSpell
0xa869d7a09c6d5ef7ddba11529e26c6dd7480c6d4.sol,0.4.24,MOJOCRYPTO
0xa87b716932df803b8e403bb1fa44c0e781752f38.sol,0.6.0,InterWork
0xa87e10608f8daea3cca24588ccd479d4c3bbdbbb.sol,0.5.17,Moloch
0xa888643d9284c02ef149308aed7cc8517e02fac4.sol,0.5.11,BTALToken
0xa8892bfc33fa44053a9e402b1839966f4fec74a4.sol,0.6.7,ERCToken
0xa8918ab23c42260f9e2e7b928a121443671410ce.sol,0.4.21,SourceDataVerification
0xa898af554d84e8467845825c38806f84bc9e231f.sol,0.4.19,HLC
0xa8b0279acc96efebd09955ad8240b2d30b53055e.sol,0.4.24,XMDDexChain
0xA8b919680258d369114910511cc87595aec0be6D.sol,0.5.0,ReversibleICOToken
0xa8d23C6A13Bd878Cf5e1492c9D05294546Ea64Fa.sol,0.4.23,MainToken
0xA8e44bB386766f597a22fCdC14d82a9C700dfb70.sol,0.6.1,hashelot_dayrings
0xa8ec2d57f7859d9d7c1f71bd99faf6a35440e1e3.sol,0.4.25,TokenERC20
0xa90c43e0d6c92b8e6171a829beb38be28a0ad073.sol,0.5.0,EGORAS
0xa91b8cc272065c8b24335630e34684278eecc974.sol,0.5.0,SafeMath
0xa9206e4e269fae224c5140f7c3ae1dab458369d8.sol,0.5.12,EventRecorder
0xa9303976884a5ecbed0e771243b36547542f86a2.sol,0.4.20,BebPos
0xa93cba277729786084649f74eca1230f746522f2.sol,0.4.24,ForeignBridgeNativeToErc
0xA943b542D1d5683d3454bD0D7EE86C48F36eCFd5.sol,0.6.6,KyberFeeHandler
0xa94dffc127be00ce33889fff47a1ca6ccf1ef488.sol,0.5.1,MindsyncRewardPool
0xa950524441892a31ebddf91d3ceefa04bf454466.sol,0.5.12,Vow
0xA95e2a0e3B7245046Df254C6eC0C35126216984A.sol,0.6.0,StaticConnectBasic
0xa95ed3ef99d2e3e92d4fd77e29db74d6c5bf6aa6.sol,0.5.0,Staking
0xa961672e8db773be387e775bc4937c678f3ddf9a.sol,0.5.0,BalancerHelper
0xa982b2e19e90b2d9f7948e9c1b65d119f1ce88d6.sol,0.5.12,WOMToken
0xa98dfead53e38670af03486f5e4536ed436b033d.sol,0.5.12,LockTokens
0xa9923971e41228da736cec1e6fbb4670d96d4955.sol,0.4.25,SANTOQ
0xa9a88f8bdffa157c7a0d6e82e27e5f7164daf8fe.sol,0.6.6,AggregatorFacade
0xa9cdf0d2896657f192c673008a4ebb991af9bc22.sol,0.5.11,Smartlevel
0xa9d8dc2ce593390efd717a04f2bc0203351774ef.sol,0.4.24,NKCLC
0xAA12232bF1C59038C07281aC270DB8E8474D6A66.sol,0.4.24,FoxTraderCoin
0xaa15a7f4b2fb806c8eb7567fd742eb9fe546fac4.sol,0.4.25,TradeCoin
0xaa223512f7482f4e893bbe80e1a597c90aa204de.sol,0.5.0,Lockup
0xAa296ECA3C01fcC70EB621D6d2bA0292Ff58555D.sol,0.6.5,PoolTogetherTokenAdapter
0xaa2b1a311c88968b254f3e97b59dfbce10f38931.sol,0.4.25,FlowerP
0xaa2c570e29942f87cf59e621c28f980f62ff0966.sol,0.6.8,FoxInvSplit
0xaa324fd51f04b8083e161e182cfcc5d1ad647193.sol,0.5.12,STO
0xaa33eb7399bf102b7048edb50f19e74f857f71a0.sol,0.5.11,CheckReserveSplit
0xaa4f62da5bc621bbd2b59a9af598bc2da71e6414.sol,0.5.8,LiteSigFactory
0xaa5465aea57f365506149a5e995bbe51d8856b94.sol,0.4.26,ETODurationTerms
0xaa567ec215c286784f4349610da20b518b466198.sol,0.5.17,TendiesFarmV2
0xaa58f29dc4228309fe1e2b17b9cfab51b7fc39b2.sol,0.4.24,WQB
0xaA5bBD5A177A588b9F213505cA3740b444Dbd586.sol,0.4.24,Exchange
0xaa602de53347579f86b996d2add74bb6f79462b2.sol,0.4.26,ZipmexTokenProxy
0xaa70c6b14128790aee89b274cffbe5a0b275e4e4.sol,0.5.11,DharmaSmartWalletImplementationV7Prototype1Staging
0xaa74b0f33cab1b291980532bc5e0057e10adb2a3.sol,0.6.5,CompoundAssetAdapter
0xaa79b0c8455ca04c3733de0ce412f4cab5d3ac0a.sol,0.4.25,UDEFI
0xaa8d58caaf9842f267fea43e21bf376ccbc4e91b.sol,0.4.24,ERC20Token
0xAA912F203DcC1f5b6F862c0e0dA3254Cfc08A1d9.sol,0.6.10,TrueGBP
0xaaa657644d274a8a6ddd16b8270886b2abeef01a.sol,0.5.11,CurveTradeHelperV0
0xaaa91046c1d1a210017e36394c83bd5070dadda5.sol,0.6.0,InstaPoolFee
0xaaaf40aecb4dd88a77fc9f6dae1de34da5f18c94.sol,0.5.0,MetricsGroup
0xaabc0c7bb8b05333e0448aa483a4bae558cfaea1.sol,0.4.20,BebPos
0xaac2497174f2ec4069a98375a67d798db8a05337.sol,0.5.15,PoapDelegatedMint
0xaaccaab0e85b1efcecdba88f4399fa6cab402349.sol,0.5.0,AKAP
0xaadddf0a0d872b9d8c742279c938db58e17153d4.sol,0.5.0,TokenDistributor
0xAafF21aC2aA892DbCA01D8543db87725E097B78C.sol,0.4.23,KBHToken
0xab0cae983e07c0614a06d08b43e00814365cceea.sol,0.5.0,SSITToken
0xab1cb6a9467b77b9451c1c61140fb34494baffdd.sol,0.4.23,AtlantisSimpleSwapBridge
0xaB2FBC97BBcD0AF4F7c5BBc0AA95933255aCb784.sol,0.4.25,FASTPAY
0xAb42b0D4638ee1bf4eb4b369Cd2d196dD7f8f2C3.sol,0.6.4,AaveTokenAdapter
0xab43ca296f7dae6673b6ded9d0b2886bd196bf84.sol,0.5.0,StableAMM
0xab4a12ae82497159f90af30a4c2b1143700c7125.sol,0.4.24,ZhengHeToKEN
0xab53b3906398897f5c4161bfe2ba61d302f00218.sol,0.5.0,TokenDistributor
0xab5d44cb18b863592ab444ce2da1f054bb6b0d4e.sol,0.4.24,GoalTimeToken
0xab6a6fc2e029e58502311d5537a27dd32fa5124b.sol,0.5.10,ZTokens_ERC20
0xab8513802ee8d1958f04d181926bc33e5030d478.sol,0.4.25,DMEX_Trading
0xab85a15b941ede9e4b4f536ea1406c8171644706.sol,0.5.7,CompImport
0xab89a337ed77004937cb635ba5bb5d63d5b272ea.sol,0.4.25,RetricToken
0xab8a38e7d0003275093f391da84e418c1da43a97.sol,0.4.24,StandardToken
0xab96730d3cea1685dbf7451022826a2a5bd306ff.sol,0.5.0,LoanMover
0xaBa2BC503c275142dd89dAb076fe65b67b3a4fEe.sol,0.4.24,ECC
0xabbcfde58fbe4e35b2dbf4a5dd70d50d2b50510c.sol,0.5.17,LexToken
0xabc571d108040f8b13b8f31c80810c17cd293232.sol,0.4.24,DUODUOToken
0xabcc93c3be238884cc3309c19afd128fafc16911.sol,0.5.16,MassetValidationHelper
0xabcd4160ba014a4a58673636a83dcc25fde9e450.sol,0.5.15,SafeMath
0xabdaa531dbbee0741b4084b7d1c90716c9920496.sol,0.4.26,flashIt
0xabe00DaE9B74cFAbfEF306E59D14914749E647A1.sol,0.6.2,Deployer
0xabe580e7ee158da464b51ee1a83ac0289622e6be.sol,0.4.23,MainToken
0xabe6cb9a23202d54e70eb38202ea285294efb4f7.sol,0.6.3,starkminer
0xabfd235c6ff1b3e6b52e878f06130e9ac1b2ade4.sol,0.5.1,CROW
0xAbFEAef0c4A42B37Fe298edC472e8798b26AB2b0.sol,0.5.13,MyToken
0xac02030d8a8f49ed04b2f52c394d3f901a10f8a9.sol,0.6.0,ConnectMaker
0xaC14B70adBf42bedE4E4c7Ef67E8CB618b0D4506.sol,0.5.16,P1Orders
0xac163F20362A320633433D13eC8949Cc01a88108.sol,0.6.6,AccessControlledAggregator
0xac1699e45a39ffabf3cb0c3977bad35765eecf9d.sol,0.5.0,PolicySet
0xac1fd75fef38c854cf86611bc66e102981c264a1.sol,0.5.0,CompoundSubscriptions
0xac2b03d9b0870a88479719b11a526318e2f0193e.sol,0.5.1,FckDice
0xac34c76abc6ca0e9b04d46b7e24137d70c65ea87.sol,0.5.0,NRN
0xac384422f1123740cc670f6f6fa866b8bfaf8a98.sol,0.5.17,MysticSummoner
0xac38a8fab074fd1a99b02c26b1c0156fb6a4bda9.sol,0.5.0,yUSDC
0xac51e74bd668f1fe7cdcb86279131a32cd7d530d.sol,0.6.2,CountryRestrictions
0xac59fd3a14439352a08597be67e94c1b609224e4.sol,0.5.10,FixedSupplyToken
0xac621a2ed9d7efdabe4343d4f00d55bea30f6b08.sol,0.4.26,LiquidityPoolV1Converter
0xac78eae6abbab0fee684425614bf694547eccf7e.sol,0.5.4,LOAPROTOCOL
0xac7e326c2e66161fea0a6dc31efba564b9164b04.sol,0.5.16,DAIHub
0xaC8227E6708Ad3110CedCE6bbC6aDbBC8e7237cF.sol,0.4.24,Pet
0xac8491258d2d93228e8b49aac2e332a96f04e56c.sol,0.5.10,_0x
0xac88291b18b1232fe12c7c3add6dcacf7b3d2e85.sol,0.4.26,CTC
0xac97262883f44bbefbcd5e077f0d538e2e6f1da2.sol,0.6.0,P2pSwap
0xac9749c854b31bba3b3e71b30fdd7aea4fcc0db9.sol,0.4.18,FightBackCoin
0xac9bb427953ac7fddc562adca86cf42d988047fd.sol,0.5.12,SCATTER
0xaca4b18ddffe150955021be023771e4919153f04.sol,0.5.2,DSToken
0xacb2f5280e3615c18abd38ba8ba24dfe99a0da93.sol,0.5.0,HelixNebula
0xacc7c70c6390e51641b10b1817461d0a42b23f6f.sol,0.5.17,DharmaTradeReserveV6Implementation
0xAccE090ABee68402A2FB8E3Acbc31b58a9341466.sol,0.5.10,Collateral
0xacd43e627e64355f1861cec6d3a6688b31a6f952.sol,0.5.16,yVault
0xacd746993f60e807fbf69f646e42daeda63a4cfc.sol,0.5.0,iCollateral
0xacde447a4f3516b732c06b715044e528475ae1b4.sol,0.4.25,AuthorizationDataSource
0xacdf425bf4c2bc8dfe024752b3f1e52ba050b3ca.sol,0.5.0,AdminUpgradeabilityProxy
0xace02b9be2e12d65c03bf1a4c3cb3c96d99446b3.sol,0.5.11,BonusToken
0xace621e2510f4026913310b6ec604095992dd8bd.sol,0.6.0,AntiampleClassic
0xacf2966d627b65a3ab53fa0dc90121562260de29.sol,0.5.1,CTC
0xacf2a1b2b4688a5543a5b4978265ca7145ffb4db.sol,0.6.9,Heart
0xacf67d1e1c833da0f0892e477795b35a726a71a8.sol,0.5.8,UniswapWrapper
0xacfd10b53392c1879df4f8b9492763b48a64aa38.sol,0.4.18,CACPLUS
0xad0cd12638aeb1f7f620f61ab8b6d793df706074.sol,0.4.24,BCCToken
0xad1cd0a72676dbb08848f5d4119a5f4b2e91e82e.sol,0.4.24,DFWToken
0xad218d31d19ef8681ba35095f597917cd040f759.sol,0.4.20,tipscoin
0xad2aa3c57570ad9811ba8ee90316f9c73f78035a.sol,0.4.17,CLN
0xad2f6762e2cb2bf6412522b194648fe33f80b496.sol,0.4.24,FnxToken
0xad345eb2e446412d0c29de94a8ee49c36290d1dd.sol,0.5.0,Cryptid
0xad37fd42185ba63009177058208dd1be4b136e6b.sol,0.5.12,AuthGemJoin
0xad412acc218777bc129871f37bb2b278c48f085f.sol,0.5.16,Dex
0xad54cdfcac45238a5d07bdf6f28e3fc974614a2e.sol,0.5.13,TRANSFER
0xad56d069b0c3e361ebcdd6f5511cfbba8fae80a1.sol,0.4.26,TokenERC20
0xad5b189e64f3d972dec81f286b6101782ad37943.sol,0.5.17,LexTokenFactory
0xad638296f8348a9d72d5fbecd7b7d941d2889083.sol,0.5.0,EternalStorage
0xad6a8e94f5e603b3dbbfac0a24e597a92e23666b.sol,0.4.26,FairDice
0xad7f2125c05837b0985e1aa3ba76dded2fd6d59b.sol,0.5.8,DMLToken
0xad839849a8f366fb6d3d5d028a074ef80f3bb902.sol,0.4.24,EthereumLightning
0xad90096d3ed2747e51371081d7709d01dc5beb38.sol,0.4.11,DigitalNationDollar
0xAD9044488a6f7fF7a76Fcce10B9caC2894d5f6B3.sol,0.5.10,Bloom
0xada3756cbeb133d518ae099614cf3c4c817571b9.sol,0.5.0,iDAIZapSwap
0xada6193d19ddadba8318443757f0d922d3b25178.sol,0.4.26,TokenERC20
0xada6a78010a452ce9362e83303cf23580df63c22.sol,0.5.0,AccessModule
0xadab1712af894ddd5c637143a0451bb27dbfd087.sol,0.5.11,OPET
0xadae61eaab45ac109c068e18e723d5f0436beea1.sol,0.5.10,Token_ERC20
0xadafec29c5abcbff3adf40f093ee4c4c57013f66.sol,0.4.16,TokenERC20
0xadbbb02e20c44779e87f7ea90c47c9a7a8a93fee.sol,0.5.0,BitCrystals
0xADc92d1fD878580579716d944eF3460E241604b7.sol,0.5.4,AccountStorage
0xadcc785d2f82d9e6f5bf796d07d6f9c6bb0bf8df.sol,0.4.24,WrappedBIND
0xadcd4fde447c10df243c01828a6298958e69a3f6.sol,0.5.0,ETH_ERC20_Curve_General_Zap_V1
0xADCffd0F6d92139D99e10ED35559EDFb1Fb9c106.sol,0.5.0,SmartexOracle
0xadd27120b57d9bd0cea29876168a01e3e904131e.sol,0.5.11,POVToken
0xaddc4986e9cdd158c3bf27d3612b288af3345ade.sol,0.5.12,CheezyExchange
0xaddc925e5580e00896ebf127282929647fc1228d.sol,0.5.0,yDAI
0xade00c28244d5ce17d72e40330b1c318cd12b7c3.sol,0.6.12,ADXToken
0xade4838a332b559bbca33527fa04b3807507666f.sol,0.5.17,Moloch
0xade562b7f1344b325f4bd802139b0bcd6768b1cf.sol,0.5.7,DolomiteMarginTrading
0xade84da51b67cbe9002c85b7422c86d78a52f0d2.sol,0.4.24,OMAToken
0xae006c796095f09dce55293486d57579bdd207c8.sol,0.5.10,AlethenaShares
0xae15b334a9fd56e41519cfa2c9351b1cebaf1b6d.sol,0.6.6,OneSplitInteractiveAdapter
0xae1ff698ce46a7607dde1261e59762125b838626.sol,0.5.10,TokenSwap
0xae2207541de25a2eea7dfb41e87e1e144b4dc47c.sol,0.6.5,LPiETHAssetAdapter
0xae2be130a73d282b36a54cb77675900cf6d9f62b.sol,0.5.13,SafeMath
0xae2c6f78812a5a0261f9bbd6da544376b5f575d8.sol,0.6.6,UniswapV2PriceOracle
0xaE2D09D7974a933c6dDC06b8039cF09783f4bAe8.sol,0.6.0,address_make_payable
0xae384c6e68f5d697d65ed43fd53ef5ea3288f536.sol,0.4.20,SafeMath
0xae38d4a9edf2023f573501471b3799fc263f8841.sol,0.5.12,ETHERA
0xae3a6d3f9cf372aa63a9b5d2388b3f0ef18e49ed.sol,0.4.18,CreditLawnFinanceCoin
0xae3aeb3ba06790bc2190b38cc968de8ef6356ee7.sol,0.4.23,Globaltradepaymentchain
0xae4b58848a676cc48299bf84acfce64561aeec60.sol,0.5.12,PitchSwap
0xae4c306ce6641e1276c57473f2c2953841f0856a.sol,0.6.12,ADXFlashLoans
0xae5a363b170aa6417cb9f64df51195c34b188f9f.sol,0.4.24,FoToken
0xae5e04966230ee46a630542422135f470fb0e890.sol,0.5.0,PersonalTokenFactory
0xae61b0d0a562e5c1daf9c1ded4a8fd6a770b639a.sol,0.6.5,CompoundDebtAdapter
0xaE67F3af1b30D73CA4D51678a49f1449b30ceEDc.sol,0.6.0,ConnectCurve
0xae690cf07c85bfb2de29ab32080c0ea182ae82b5.sol,0.4.19,REBITCOIN
0xae6edd381095e5c110a274ffc80871c72949795a.sol,0.5.12,DssSpell
0xae77773ad930c2b5be41ca224cfb5b28711eb394.sol,0.4.26,USDA
0xae82a35174b665881c52a6dec6f743676d1ed1dd.sol,0.4.17,LMCToken
0xae89e62bf335b8b4ebebfb4eae3fa2c6ae946a6b.sol,0.5.8,InstaMcdSwap
0xae8f37f0e8ad690486bfa2495113d7e94b7a7ba6.sol,0.5.0,APRWithPoolOracle
0xaE94d1F83D37C920a4C686cdC8659ae4D68cD0Bc.sol,0.4.23,MainToken
0xae9db2c94fb56baa2584969515971b897355ce2b.sol,0.5.0,DJJ
0xaea8e1b6cb5c05d1dac618551c76bcd578ea3524.sol,0.4.25,SGRToken
0xaeade605d01fe9a8e9c4b3aa0130a90d62167029.sol,0.6.0,CurveExchangeAdapterSBTC
0xaeb0162aa17165708210436e72462ecfa344ecd8.sol,0.5.17,Moloch
0xaeb330ed69bb596589d102ef6a21fef9a09c780e.sol,0.4.26,FairDice
0xAEb524170668cd866D82D29d4392bCE27134Bd38.sol,0.6.0,Resolver
0xaeb8ce03eb55a8fc0bab96898df4a0c5e11dbeec.sol,0.5.0,VoteCounter
0xaecfa2c0f4bad0ecee46dcd1250cd0334fe28bc0.sol,0.6.0,ConnectCompound
0xaedcfcdd80573c2a312d15d6bb9d921a01e4fb0f.sol,0.5.7,Vault
0xaee0ffb690b37449b7f1c49b199e1e3ec6084490.sol,0.5.4,Burner
0xaeec749ef06bdc879594f6d77d22eadb84e5d827.sol,0.5.17,ZOMBIEDelegate
0xaeee5103b4b4be04ddd35a3c7ba54a8cb984f196.sol,0.5.16,CryptoZR
0xaf0348b2a3818bd6bc1f12bd2a9f73f1b725448f.sol,0.5.14,LexTokenFactory
0xaf0dba1d4f9107c59c317b4388c0a54b70ea0acd.sol,0.5.2,DimpleToken
