0x11eba93a0a852fd34002f5411e1663cf864edb8b.sol,0.5.11,Morality
0x11ef34572ccab4c85f0baf03c36a14e0a9c8c7ea.sol,0.4.24,Aggregator
0x11F77714EaE329F57b07b55dc2C43B7F2b7F887C.sol,0.4.23,CHEEUR
0x12034f265c1dc4a0f638f55159ae184ea16a01eb.sol,0.4.25,PaymentQueue
0x12330dc239ca6c353c37842126fa7d08ba5b3d06.sol,0.5.0,CurveExchangeAdapter
0x1235f3f2bb5f69bceb5425cdc83cb1163190d9bb.sol,0.5.17,ShuffleRaffle_v2
0x1250d1f474c802524f130031c2072add53aab696.sol,0.5.7,Hashimotochain
0x127b47d30d293afe05F3E17E4966ED4109d4BB30.sol,0.5.12,DssSpell
0x1285fdbf7719723e263332423a445c139ee489ff.sol,0.5.0,SafeMath
0x128cebf594864f1f0f396cce577457895c6b0856.sol,0.5.11,InternationalMonetaryDigital
0x129208c666f9362e4774a9ea912915a04271a889.sol,0.4.25,BTEST
0x12a7e9e733480483ac5269212347934371d1a568.sol,0.4.24,Aggregator
0x12b7b9d1461f4aa1e713911ecba47a6d04327af6.sol,0.5.14,standardTokenFactoryMaker
0x12dace5707185d19325d16e3a7a651d3207c354f.sol,0.4.24,NKCL
0x12ef4d13ab43ba4de1be7cc8385c6e9242aa42c0.sol,0.5.13,KauriStaking
0x12f8551a516085e4cef5e2451d54ede7d24983cc.sol,0.5.0,CompoundBasicProxy
0x130da3e198f092fe2a6e6c21893dc77746d7e406.sol,0.5.15,ERC20Token
0x131bea5c6679b9df528de29ba9b8f91ced3919af.sol,0.5.0,CompoundSubscriptions
0x131f983da6fabf20869f5ace3516a23f28b46204.sol,0.5.2,Blacklist
0x13240b97c40D7E306cEDf3adc9cB057CeC74c361.sol,0.5.0,UniSwap_ETH_MKRZap
0x132AF8C63C2df58Fcf3db95C6374fEef40DD3582.sol,0.4.18,KyberReserveHighRate
0x132fCF76CE9D616C2f05B5eFBD44aCB2157edB3F.sol,0.6.0,StaticConnectMaker
0x133834219045ed0cf692619d63abcd251e6b1ca1.sol,0.6.0,MostExpensiveToken
0x13691B76C26630075e9Dd998c4ebD62394274d34.sol,0.6.6,AccessControlledAggregator
0x13699f2d9ef79b2bb884f7aa4f9852a7821c026a.sol,0.4.18,LZDCrowdsale
0x1369dc10c8a15f81ebfa3f589f293db1b9e81212.sol,0.4.21,StandardToken
0x136d22179f83b04d3857922655393a41afc2669b.sol,0.5.0,Robot
0x137a2417edb173e43ccc246dc76dfeb5281005cc.sol,0.5.7,MetadataStore
0x138b7f40727d04c8b3492002196bd300f2bedc72.sol,0.6.0,McdInfo
0x139a2102336b62ef29d7208ba771c35583188a8b.sol,0.4.26,GiftOfCompoundRegistry
0x139e56b9ef46bbb061bbeff0f7f0bb6f41c40d55.sol,0.5.16,StarkWare
0x13a399fe6c5b38b247e1477016f5fc7c3f6b3ccb.sol,0.5.7,GozePayToken
0x13Aa9807Fb67737F9E99c5BF466ab5529607cd1a.sol,0.6.0,SubscriptionsMigration
0x13Afc26B2EBCa96521c47326D32ca620d8aB9e07.sol,0.5.0,Multicall
0x13b9fbd6d642db0c9f54f58b21abca7e8cac48de.sol,0.5.16,StableAMM
0x13c1542a468319688b89e323fe9a3be3a90ebb27.sol,0.5.0,StakingRewards
0x13cea6116941c33789f0d357f22fa972ace64e4f.sol,0.5.7,GCTransfer
0x13cf6d36d4754bec83ddd76be123ff8b96f28264.sol,0.5.0,lockFunds
0x13d3045021c19d8e2480be22e4552b2b527c8966.sol,0.4.25,ExchangesAuthority
0x13d8c338d8ca621d357fb246e5e1f0d769012fa9.sol,0.4.26,GetPrices
0x13dfa8e094764e43f539351df393be6ba4a3012d.sol,0.5.0,StableAMM
0x13f37d9ae81b682425a8f80c44d36a87af834c61.sol,0.5.0,punkDetails
0x13F6a2cbAC2D71a8068D8E9776a18b0c3602E1C1.sol,0.5.16,AIRO
0x13f6daa69a85d072ee9302ca37533a4db2c354e8.sol,0.6.2,GratitudeDispenser
0x13fba4cbacd7ce05c50fa0960904c357908f512d.sol,0.4.18,Airdropper
0x13fbbea6f440c2fa56ff8f90ff984118a2df0500.sol,0.5.11,ETHGIVER
0x1407596cf00c5afd7ef06210ea8937e923f98372.sol,0.5.0,BlockonomiToken
0x141234fd0042d83aa03ef72f0208a6ce36103ae9.sol,0.4.11,Woocoin
0x14160d16306280875bbdc8130c269961eb00137f.sol,0.5.16,TimelockGovernance
0x143bc913c564ccf8be0e312a11ec0374005d0544.sol,0.5.14,ETHDropFactory
0x1442821f263c8fce77391ef691c83bdad318c569.sol,0.6.10,iCollateralVaultProxy
0x144ed0555269628049f76da2adbdcdf3aa488e0e.sol,0.5.0,CommitReveal
0x1457ef45c753e2675a409537250b66b3d0cadbad.sol,0.5.7,AGT
0x1458a13c925e385921585fc6dbba4e7d71bd1ea4.sol,0.4.12,SNC
0x146645fbc468ad34464240cd494e4f4cd84a120b.sol,0.5.0,CoinRepublik
0x1468279ED9EC554E836a954897Ebddc4E366a10f.sol,0.4.17,TetherToken
0x147f9ed33db23b5b27b1ace29e12b42e512c1853.sol,0.4.18,OrderbookReserve
0x1480c0cED06097C75BFfd7681741da5fAFA58917.sol,0.5.9,ERC20BridgeProxy
0x148176d1915d0F427aA215962a0e1946291ceC70.sol,0.6.6,AccessControlledAggregator
0x149e42662e99330889664eee7b474d9eedc40a12.sol,0.5.15,ERC20Token
0x149ed4e2f0baaf23d6373c3ad69f208130081c27.sol,0.4.24,MedianOracle
0x14B1D2F2Fe09E88245c4F6Bd4F21269d0C63b98f.sol,0.4.24,AddressBook
0x14b3ad912dabbd1938c3b7333065f3efdde9ae42.sol,0.5.14,MemberDripDrop
0x14b42553a871e17d4d4b85ded7cb4338191bda57.sol,0.4.25,HGOLDtest
0x14c15ed361328bfdac4be3dd2b745bf58f45c78d.sol,0.4.25,SynthSummaryUtil
0x14ca41eecd7d81d5d13098586c0d2314eba285be.sol,0.4.19,JUSToken
0x14ca7c9916c787458883433e8a0bb57c49a2026b.sol,0.6.10,ESCToken
0x14Cb2fdab641AF08BdD1EF4edc4Eefa4C751DD83.sol,0.6.1,XcertDeployProxy
0x14d2137de6511ea90ed5efc69dd8d3c3223f2d8f.sol,0.5.0,GIAToken
0x14d91bd5ca07d05d39fcebded9d9a770ff54fac2.sol,0.5.7,master
0x14d9444f6b9d55caba5d73f15bea947695c11c82.sol,0.4.24,Leopard
0x14e21d305238768bcf07ea985def1b808f4620c9.sol,0.5.8,InstaMcdMigrate
0x14EeE554Dd47E1812d4dE1B450bC47EA3cA6565D.sol,0.5.1,EthGame
0x15055424b064d8206e4a43f4f447daf68f43218c.sol,0.5.15,TokenERC20
0x150c7856bea3b6cdcac0013dc3d6fa50fffaa35d.sol,0.5.11,FissionPool 
0x15231f21a6d599ef470593b0c42c278084cf293e.sol,0.4.25,ModelCalculator
0x15243152b6A65500e1f2aE87bE8383C987d2b148.sol,0.5.0,GDC
0x1527C9E9e806978A3826d4F79d2eeB7A7499AB33.sol,0.4.24,goter
0x15327de692b0d0036d81dfef52aa446b9e85b7c2.sol,0.4.23,Typhon
0x15353f4826c570c68977947c349f7a658905b294.sol,0.5.12,EthexLoto
0x155d5ce952c4131e346358efce66faccdd96b9a5.sol,0.5.17,DharmaTradeReserveV2Implementation
0x1563901f2e20195a481d8b5db49c71a6a65610fa.sol,0.5.17,StrategyCompoundBasic
0x1564d040ec290c743f67f5cb11f3c1958b39872a.sol,0.5.7,InstaPool
0x157281acff48cbfe8d7363e89c8445b98757e212.sol,0.4.24,LEGA
0x15881560b103a310fe371e18e3269c01bc214c8f.sol,0.5.0,Token
0x1597e31e4831284a63ff9e98faa70b16612a1ac8.sol,0.4.26,flashIt
0x15B3fc06a3931474FEC51479c75B7d9A1C4fBEb5.sol,0.6.0,ConnectCurve
0x15c41b6e5541d4c31334b5339975a163d1ec27b5.sol,0.5.14,ETHDropFactory
0x15c4adfef5cc542cf75552d1d7f74931a5a72a1d.sol,0.4.26,TokenERC20
0x15c9dd08fb16331b9749a8d7d16bcd71c985f190.sol,0.5.8,CC
0x15ea86a02e4bfb523d83ae089bf1ab359ccaf13d.sol,0.4.26,GetPrices
0x15eabb7500e44b7fdb6e4051ca8deca430cf9fb8.sol,0.4.23,MainToken
0x15eb734c0a51b620acf918e96de9b45b6346307b.sol,0.6.6,PROOF_2_5
0x15f8afe8e14a91814808fb14cdf25feca4bd835a.sol,0.5.16,StrategyBalancerMTA
0x15ff72a9fa7a2094363b4c619f87bff1d3cd597d.sol,0.5.4,FixedSupplyToken
0x1600c5502e7e94cacf73c124331cfa3e20add40e.sol,0.5.0,RicoinERC20MintableToken
0x16021275ff18a05970dd504d2c1ceea235e35006.sol,0.4.18,HTLC_ERC20_Token
0x160A15bfD79F092360d07200bD2dD67Ff1e3ab55.sol,0.4.23,MainToken
0x160e39149a9913c4ae334c4c657943afabc052bc.sol,0.5.7,InstaMakerCompBridge
0x1637d405f61a6c6aa54d0a28fab85b7ea9e81932.sol,0.5.0,MCDSaverProxy
0x16444cD77015f5890D269E1249920eC6d307c69B.sol,0.4.24,MainToken
0x164b13ad1a91b13978cb9876acad9907ac5d5143.sol,0.4.26,SafeMath
0x164f0C960c164F8988a556B4EB86d3a696b8E7f0.sol,0.4.24,USDollarHKex
0x165440036ce972c5f8ebef667086707e48b2623e.sol,0.6.0,Graph
0x1655f5e479341abe17a9e89a20c3c3594c8c02fe.sol,0.6.0,FumbiStable
0x165dcad2c856c9c5938b0f1ce83e61f84887b8fe.sol,0.5.2,ALIEN
0x16626b413f95fa5468D78b875824055134c8936C.sol,0.5.12,Spotter
0x167915E976B422E5B83DBAdcfb9dbb302fc25F55.sol,0.4.24,Santa
0x1679e9d59dc30834955a05feafb67ac4396c0448.sol,0.4.24,Elrond
0x167d9c8c4690194baf3443e11ca281a4f79f8bfe.sol,0.5.17,ChaChaCrowdsale
0x167fcff0fdb89394534b20114f93400c3568e533.sol,0.5.14,SecurityTokenFactory
0x1685c94af73f78c1f9843d65d1f1381c101617a1.sol,0.4.26,BDWX
0x16924ae9c2ac6cdbc9d6bb16fafcd38bed560936.sol,0.4.24,Aggregator
0x1692c3e022a4d20e017040a96d6c1a900cf3f634.sol,0.4.19,ExRPiToken
0x1693E8Fb942FEf17A1A5D78c239104a454B2b32b.sol,0.5.8,BlobsCoin
0x1698a19d84fbcbc2135040eba463d4f4d642512c.sol,0.4.18,HTLC_ERC20_Token
0x16d4f26c15f3658ec65b1126ff27dd3df2a2996b.sol,0.6.6,TransferHelper
0x16d649fa41a0a2946cf2f8eb580f9681d951dee0.sol,0.4.25,TokenERC20
0x16d660fa5312907b519d0ca3385d065fdc64a441.sol,0.5.0,Bank
0x16dbc51579f130eebbf33afab170ffc8e26d2aca.sol,0.6.0,GetVotesHardCapFunctionality
0x16de59092dae5ccf4a1e6439d611fd0653f0bd01.sol,0.5.0,yDAI
0x16ded60111a2888d115112f0b8ae8561b9f168b5.sol,0.5.0,EthercentToken
0x16e6ffca042066d3f56c5ea890dd67b2231ee061.sol,0.5.0,AllocatorStorage
0x16F0a50305c6aCf1A44A3DAa225531e731f39A9F.sol,0.6.0,InstaOneSplitResolver
0x16f48e9fad3d831fcf5bd198267882ac31773fb0.sol,0.5.2,CENTTOKEN
0x16faf6680d515c96d3400016bb32868e2a0e635f.sol,0.4.20,SafeMath
0x170411a2d872945ee8c59e4ef5c3402ebe2a221c.sol,0.5.0,yCRV
0x1714efcc8b8a6d9881ce76453ec8385c6fe95e47.sol,0.4.24,_0xCatetherToken
0x171664573e3969874DBa31c35082151Ea4f181F3.sol,0.4.23,MainToken
0x17254eEabC33644ca5E8326a43F6c4d0ADd96Be1.sol,0.5.0,TokenProxy
0x17366bf0bfd8db99b372c5d4d6841dfd9f8db084.sol,0.4.18,TRF_Token
0x173f5f648b18cf1c7f6aac66a35bf462539f3b27.sol,0.5.17,SmartWalletChecker
0x174b0b72ca036b0b64f190ed83630751195d3362.sol,0.6.6,AccessControlledAggregator
0x175e67fbc136566b97dd4de3b74b7b130844e465.sol,0.5.8,PointUSD
0x1781b6d62f10dc5192152b6acf34c565001cd2c9.sol,0.6.12,sendEther12345
0x1783e90a19bd0629e754a20e93fdde933a7f0289.sol,0.5.0,CompoundLoanInfo
0x179747c6812bf1dcd1b3486027595a98055da059.sol,0.5.14,SwapToken
0x1798ef54afaf392e7e683090c25e777f95b73de3.sol,0.6.0,dropToken
0x179e31fb25e433441a2839389a7b8ec9c4654b7b.sol,0.5.2,SynchroBitcoin
0x17ac4cC32696987CEa1737343188716b1D827E7B.sol,0.5.16,P1WethProxy
0x17d67119a65d3de86384226efa9a18e37b01a691.sol,0.4.18,DeflexCoin
0x17e093034a51a69f766c073ef52e2917997bd2d7.sol,0.5.0,TokenMintERC20Token
0x17e6bd94778A6a509D62507DF37D60d1B23E225d.sol,0.4.24,TokenBalanceOracle
0x17fd63e548af0e7686ec0e291e266c1df4e3c656.sol,0.5.0,MCDFlashLoanTaker
0x180599d1Fe39909c63Ee9C37ca815252D6752dCD.sol,0.4.24,Everzon
0x180e0cfb1b74de8f99cef66ddf68959187908f4f.sol,0.5.0,CurveFlash
0x180f0e433be3550f93bc1842bb2b6a3af96dfe1f.sol,0.5.0,DydxSavingsProtocol
0x1834a8258bf405b79e2dc23968f4e74a20b889bc.sol,0.4.25,CMBCCoinERC20Token
0x1848e646Bba45174f4044443719Db6E5E6Cf5D66.sol,0.5.4,NftTransfer
0x184DBc267F7956E5445cc9Eda49f769A10C5e365.sol,0.4.16,MyAdvancedToken
0x185192235b703b9dfc6afb8e5d4005f170aad68c.sol,0.6.0,GasRetailContract
0x185479FB2cAEcbA11227db4186046496D6230243.sol,0.5.4,AccountCreator
0x186106d8369591fACD3D80124B6e4f5d0F2f9418.sol,0.6.5,ChaiTokenAdapter
0x1864Ff44b3f94732b1dEf2502383FE138C636444.sol,0.5.16,Proxy
0x1877ef648d116De7889F84392d5c5F31f8A990a3.sol,0.5.0,SmartexCrowdsale
0x1879BEE186BFfBA9A8b1cAD8181bBFb218A5Aa61.sol,0.6.0,InstaPool
0x1891e2217401e69a8c62b2ee65c347df02542223.sol,0.5.16,StrategyBalancerMTA
0x18a7a4c15e5ecf3fde929534cedef7f4e8cfc237.sol,0.4.24,Stablecoin
0x18b4633d6e39870f398597f3c1ba8c4a41294966.sol,0.5.10,MedianBATUSD
0x18ba3f12f9d3699de7d451ca97ed55cd33dd0f80.sol,0.5.16,P1Liquidation
0x18bdc736b23ff7294bed9fa988a1443357c7b0ed.sol,0.5.8,ForeignBridge
0x18c210013ea6cbe99b2dacdc9cfcb6e07458f0ca.sol,0.5.16,ShareholderVomer
0x18dbb1b6a74087527036f2f95c7e186e2854ecd9.sol,0.5.2,IPOS
0x18e1cecb7277b0f19869911d44160ab9e0317b55.sol,0.5.11,RipgaleToken
0x18fe2ed05b78fb98be7e232975529ade3ebefd57.sol,0.4.26,randomregisteredoracleExample
0x190f2386932cf9c8bc593a9a0e05bab1406fecb4.sol,0.4.24,FiatTokenV2
0x1916d5b167d6b63e1947d04ae5d443fb87807831.sol,0.4.24,Constantinople
0x19214422cbc01ad29719170c47aec402a7a48657.sol,0.4.26,GiftOfCompound
0x1929768c55da174c8e14838a12229392a663875d.sol,0.4.23,BCO
0x1950BB2f0732A78B98AdaB118791B997A39bB29b.sol,0.4.25,UsdtERC20
0x1953D641aD8b2d060ceE858065c3883Fe5Cc7C2a.sol,0.5.0,SRC20Factory
0x195a23c7072f3ffda9cfe741bb2240c91df2eb26.sol,0.6.0,VaultResolver
0x195fe41613673b88d0d21844c5b37f1afc7f7df4.sol,0.5.17,YearnRewards
0x196e71b72f8b4b740369f7422fd721e12676500a.sol,0.5.1,WORM
0x19730c08c86d37668402096f6aeb5d30e7a20b50.sol,0.5.12,LockTokens
0x197e90f9fad81970ba7976f33cbd77088e5d7cf7.sol,0.5.12,Pot
0x19816294969ec8745a402133bf7c256c02eeabc9.sol,0.4.20,ERC20Token
0x1983894a01de535f71e4d5e8919cafb049db6f25.sol,0.5.15,Lock
0x19861be55c2542cbe76b90b665f21883d39f08e7.sol,0.5.0,DeepFeedToken
0x1992b427df3ee6c679bc7d977cbb14432c583fef.sol,0.4.24,ILOVESYS
0x199f7fcfae24c413897be8ab5477950847cd3f0f.sol,0.5.11,DharmaReserveManagerV2Staging
0x19ad62792135c4407bf18db41ef1911c540671d8.sol,0.5.0,GAMTToken
0x19b57d7e23fa2753261cadae7b5287d17bb83033.sol,0.5.0,MetricsGroup
0x19b6424c58afcee6d0cb954d4b8d44b9b5e9cc09.sol,0.5.0,yTokenRebalance
0x19c0976f590d67707e62397c87829d896dc0f1f1.sol,0.5.12,Jug
0x19c5a48eba1f50d63054144c62ff11665c91e805.sol,0.4.21,ZXLToken
0x19c5b5ed3e2ea28667324f86a02a080251d40e41.sol,0.6.0,OneProtoResolver
0x19c74d3e235902919cbd4627f6200ec049ccdb0e.sol,0.5.11,DharmaDaiPrototype1
0x19c8ac33cb42c67ce69bcf4e52466a955d46f866.sol,0.5.0,WindsCoinToken
0x19cb01e9b5cf2c992d7b04a0cdce73b9531f5797.sol,0.6.9,SDCPStaking
0x19cB2c0213D9b8B4F1bCDaCE51Bc7e5Dbf973cB0.sol,0.6.0,McdAddress
0x19E1d193A448bD13097EFC2aea867468726e67c5.sol,0.6.0,address_make_payable
0x1a0e3f71e3b9544212d717fd0a9008b7a9d5f30f.sol,0.5.12,Pot
0x1a0e82b03130b4fdf8cfba3c41dd7b5e3749ec96.sol,0.4.23,FlyingToken
0x1a2558d86dc6da6ee6a56d6ccc857e0c44499c67.sol,0.5.0,SRC20Roles
0x1a2d7c2b22a0b6ce314dcbc30ac236303303defa.sol,0.5.0,IDRTW
0x1a41781a8ba04f5818c91f62a1ff7df5e6cffc38.sol,0.5.0,yCurveExchange
0x1a44a855030651f427c45964616c48753fd22723.sol,0.5.16,Coinosis
0x1a4766c5fa8b9ed7582a3161b6a5e14832395ae9.sol,0.4.25,GODGame
0x1a48be4caa967ec77033de5ddf25f0ac7735d3b1.sol,0.5.17,EthexLoto
0x1a4f5e02a128c729829951ac917c5361512ff6aa.sol,0.5.0,BTD
0x1a59c5bb473c734e7050e9ef26f93c98184b3e6c.sol,0.4.16,TokenERC20
0x1a696C27be494BadDfa63A8ff1C37366F526c669.sol,0.6.0,StaticConnectBasic
0x1a6b3812e6e1cd07cadd02673e93fecfab242ec9.sol,0.4.25,OwnedUpgradeabilityProxy
0x1a6c9414d687115df1b9335ec1800bdcc0e934f4.sol,0.5.0,LoanProposalsModule
0x1a76BB1504FEBab3582ca6Df510696c2eC64c9AD.sol,0.5.0,SRFX
0x1a77f3c831af5c109f7269e4de735efd2c915aa6.sol,0.4.24,beetMaxToken
0x1a7d50b73acf1d2b4073ca5f94890a3c05c01401.sol,0.5.12,DssIncreaseDelay24Spell
0x1A915888faAB504C0afCeC5d4041922fb3630812.sol,0.4.18,Y0Ct0
0x1A9D70BC996e3a6d6f59369c347F6F0e6C178581.sol,0.4.24,TORGNT
0x1aa155889bc41857a7574aaedb095d40d6892d0b.sol,0.6.8,EtherBillion
0x1b05ef368c84ed2466e80b793a30a887688e8ea1.sol,0.5.0,GoodLuckToken
0x1b10e71a1b41b74ae555134381a5e1f6ce81e693.sol,0.5.11,BestOneToken
0x1B118c419Ab9bEED0d211c9d63F740f6d2628B04.sol,0.4.20,ERC20Token
0x1b144cf7658a6dd0a0c9ca41c53216bb83c4f403.sol,0.5.4,BKRW
0x1b14e8d511c9a4395425314f849bd737baf8208f.sol,0.5.0,Discount
0x1b30a057e4211bbd45db5ff6477cfcb625d512f9.sol,0.5.16,XFI
0x1b4052d98fb1888c2bf3b8d3b930e0aff8a910df.sol,0.5.17,COM
0x1b596db0d33a3104b01e707505f97f84a828f82f.sol,0.6.10,iCollateralVaultProxy
0x1b5f4ada1f35059f3b66a9b022f46ed6cf8d7d13.sol,0.5.17,MolochSummoner
0x1b658ea9aca2b761f96c5c707c3336b0a4700098.sol,0.5.12,DyDAIImpl
0x1b65f5d2aac34ec551dca6aaa327bf237a67db66.sol,0.6.12,SmartWolves
0x1b73aea1875a0d603fd06cbc41f06d1eb2f9e3ce.sol,0.4.25,Exchange
0x1b76d0364e803fb94c1d5ca9faf55f05ee494731.sol,0.6.0,UCN
0x1b80c5d3a76176c7119558a6b4b250a6421e893b.sol,0.5.8,PiggericksShop
0x1b846e9159104430775e1852ec7ac6a1b4760783.sol,0.5.0,AaveLiquidate
0x1b8e12f839bd4e73a47addf76cf7f0097d74c14c.sol,0.5.0,vUSD
0x1b980e05943de3db3a459c72325338d327b6f5a9.sol,0.4.26,MainToken
0x1b9cf2bDaeCD0c597391943f3ff8ba771A692D41.sol,0.5.12,MCDAwarePool
0x1b9e48382704889dbb38983935a2917b123f69ce.sol,0.5.0,MajaToken
0x1ba995d9b839417e82710fedd2a936f0bea4e3c6.sol,0.6.6,ImitationGame
0x1bc0e13113d4340d8ae4d594aed8b7054797056c.sol,0.5.1,SealToken
0x1bca809593f99853a42ea8d5f1b78ee6186f30e2.sol,0.5.7,UniswapV2MakerBroker
0x1bD0826e9ab9023399AbF6844E690024eae49D13.sol,0.6.6,AccessControlledAggregator
0x1be5895fa928d271d4a1ede465bff091c91cef06.sol,0.5.12,CryptoTitties
0x1bE5d71F2dA660BFdee8012dDc58D024448A0A59.sol,0.5.0,ycUSDT
0x1beCC315E044E8ee8898011609E63F8259d3B124.sol,0.6.0,ConnectOne
0x1bee615efe1e17e36a064a47c375b10ed2af5ef1.sol,0.5.0,CompoundFlashSaverProxy
0x1bf2302694b58eae6d7778ef44a1f1928bd77687.sol,0.4.24,TrueBurnableToken
0x1bf7e34dcb621ae2efa48aa71c704f7c2144e6ab.sol,0.4.19,LYT
0x1c08714404a9b450cfdf5e5f11e38bfea2c5ab19.sol,0.6.0,antiYam
0x1c0a9a8Fc9182B82dC69866C80F4Cfe0D483c510.sol,0.6.12,MonetaryPolicy
0x1c153badb7e54abcdcb65f0a09fcd6f10de36aa3.sol,0.4.21,TMC_Contract
0x1c1811b20d9b10fb04813a48396939e324051094.sol,0.4.24,GiantSourceChain
0x1C2349ACBb7f83d07577692c75B6D7654899BF10.sol,0.5.4,TransferLogic
0x1c4823024627c978f758a4f2f67d7eae94838b04.sol,0.6.6,HegicPutOptions
0x1c4b7282cce720cb184c3365bb6b9f75e332bdd8.sol,0.4.26,PlaceholderEquityTokenController
0x1c503f1544500c05da80cd326d97342f2b13a732.sol,0.6.0,InstaIndex
0x1c5361730f8579dfd8ac5ee1c93f4e182820f876.sol,0.4.25,Exchange
0x1C5857e110CD8411054660F60B5De6a6958CfAE2.sol,0.5.7,Reserve
