0x807468b1Ae1f2EE24Ab9D8553DCfe7420Cb8515e.sol,0.4.21,StandardToken
0x807dd46f267b921efd4e3a92734a77b2e7a177ea.sol,0.5.7,Falcon
0x8081749f7f049d0b7e32bb33decad9eed96693d5.sol,0.5.11,InternationalFinancialAsset
0x8084db66552b505cbf18359cb4ead0fb059c65d8.sol,0.4.26,ZJYB
0x808b1bc9e8fdcd05fa2427b92173395bb8992c62.sol,0.5.11,DssProxyActions
0x80904e09e4735e5c88745204e367cb1fd755a11d.sol,0.4.16,TokenERC20
0x80956127A4f4729BfaD0c18cf38DfAC73620d8a1.sol,0.6.4,DyDxDebtAdapter
0x8099df55b14898d00daee938d6131678bda1d34e.sol,0.5.16,ShareholderVomer
0x809ccf986464bbd278d94fa87b6e832e6d6acbb4.sol,0.6.9,ChainlinkLINKUSDCPriceOracleProxy
0x809D7d3ffBEEC809C02AA4eD40BFe193C1Ecf3c4.sol,0.5.8,TokenAuthority
0x809e3b9d5bbbfcf106afac4658d72d72c32e4100.sol,0.4.23,CustomToken
0x80a603401bc2a9b84bbb1b3275d4a65d54381d79.sol,0.5.17,iETHBuyBackV2
0x80ad36be194afe4e43037bd1618933e226d0c0d9.sol,0.5.17,JEO
0x80bf9169f4c7bc84344fbc75b026dd57252d9a0c.sol,0.4.26,USDNTToken
0x80c28b0c4c436530bc6801038086f0c422a1fee8.sol,0.6.4,CurveTokenAdapter
0x80cea1e10bc05c65e7ef29e24e5808a909122b63.sol,0.4.24,Controller
0x80cfbe26cca322411f9f005d25ba54127618fcb0.sol,0.5.14,LexTokenFactoryMaker
0x80d0f44bf75ec3e591ac137ac4b88989bb43a006.sol,0.5.0,WinStar
0x80d25a2e190224849d165151debfe4e6a3f446a9.sol,0.5.0,AvodronToken
0x80d5ad7bbf5f45017c9c432fa25900b8ea6bec61.sol,0.5.15,JasmyCoin
0x80dDB6404e022fe98961d6CCaf401077DB920824.sol,0.5.16,FlashTokenFactory
0x810908B285f85Af668F6348cD8B26D76B3EC12e1.sol,0.4.18,Token
0x810d470894e6a6207b7d01ba22049301e645c408.sol,0.6.0,SEAuctionMaster
0x81142267f927bffc6dba200a928c376fbf6675a8.sol,0.6.12,Distributor
0x811a7f70d12fbd29ec494edc75645e66f5fcccfc.sol,0.5.4,BaseWallet
0x81246a3f5fab7aa9f4f625866105f3caffc67686.sol,0.4.16,mkethToken
0x8129bc22779b79ab69fbe872b6ca5518d6df3585.sol,0.4.18,_0xRPMineableToken
0x812ac0eaeb422efa44eac670aa2246a25ecfa017.sol,0.5.0,DistributeYFI
0x81428219ba5faee2afbe1dbe26ba5e47aab1ed45.sol,0.5.9,GodsUnchainedValidator
0x814459fb8756a087c5A1935FE2FEdd6997494Be0.sol,0.5.11,Euphorium
0x816ca379ca59661f41d8ce8d03ac79f91449640a.sol,0.5.0,SurveyResultValidator
0x8172a4bac1e193afbd0e9d8e1900bc7f61041dd8.sol,0.4.25,Dinkey
0x8175b3552c25b1b0c04e64b4358ce886ab3e9f0c.sol,0.5.0,TokenMintERC20Token
0x8179d350fffc69a8b256e781adde8a1bb915766e.sol,0.5.7,InstaPool
0x818046e2a5e2076f81405f2b0cd8f629027db288.sol,0.5.0,StableAMM
0x8189eb9370ceee0b98d83cc9bd152f98991122e3.sol,0.5.11,Cryptoman
0x818b4009865698be07044746c8146c71974b59d9.sol,0.5.7,KyberPriceFetch
0x81994a37cbb3b4e5663c0b85ca94403373083918.sol,0.4.24,DCT
0x81ad9e3cae1cb76c564a1a95890aac6f94025cb5.sol,0.4.20,BebPos
0x81b6fcd31779c2ab75c6a34f24675551c0da39a2.sol,0.5.0,yDAI
0x81cb2e9adacbe8bce31a3f81cc0a0d925787dbde.sol,0.5.16,StrategyControllerV2
0x81fed69cf8182742cce88214ed8b166f5150dfc4.sol,0.4.19,IPEC
0x820f8524ee9a5d69c9e9da07f22c7170a714af28.sol,0.4.24,BITCOINPREEFER
0x820fdda87a6fae864d3da0c2d9819b9e50a87fc9.sol,0.4.11,SUNToken 
0x821bB0e3c8Ca07e428C600befa9B67DD4620973F.sol,0.5.0,HnBExchangeToken
0x821c9362cf6dd9997aed484d38f6b4fd6d8dd2ae.sol,0.6.0,CurveSBTCProtocol
0x82273518bcC77E5F1992Ee0090929B1556aDED37.sol,0.5.4,ArgentENSManager
0x822b62a95aa21497e69d53e8b794db6bac90da73.sol,0.4.24,AMPLGToken
0x822d7b7f27713598e7e19410257e80517916032c.sol,0.5.12,StandardERC20Token
0x8233cf0aa615b553af723aa61336b1c41ab1c822.sol,0.6.0,MigrateProxy
0x8234c8ead6625488925f18510f892fafb5308eee.sol,0.5.6,XetherSicboLottery
0x8237f0121daE145bfeC1B09c13fBD4f8B68fD0cD.sol,0.5.16,ShareholderVomer
0x823b56c714449e25bf68ec66fd30925cf7588e52.sol,0.5.16,ShareholderVomer
0x823ef516dff06186eee732a96963051287363963.sol,0.5.7,KyberPriceFetch
0x8240b601d9B565e2BefaA3DA82Cc984E76cB3499.sol,0.6.0,InstaKyberResolver
0x8255d6f2c09b64a1358ec465e0314392b500bdab.sol,0.5.0,CabGoldToken
0x82619a31ab374f4b3d0ef8a74d8dc84d6a5c751d.sol,0.4.17,Coin98Token
0x8272b2cba64d44d1519e135cf17f41f536c248ce.sol,0.5.16,EthToDaiTradeHelperV2
0x828a729d2f3978b8b1966f350fefb16422b76d98.sol,0.4.26,CHN999
0x829ed6d9e4afa8b42d8bcb5f16650bd42348f1e6.sol,0.4.18,Gohellogo
0x82b83577444af0e665624bb24c5f27a95ba4603b.sol,0.6.6,LockMyTokens
0x82B91DFe95f94B5FF74f3BD628E2B06E20256Efc.sol,0.4.24,ELE
0x82bbde965a73cc4535b8de32e6951603ca7a118e.sol,0.4.24,Yapcoin
0x82c5720cb830341b48ac93cf6ff3064cf5eb504b.sol,0.4.24,Aggregator
0x82cB92281a7297EE79dcE738022FB0c112E9C42b.sol,0.4.24,YapCoin
0x82ec308679ac2cc2a77ad09aa60b8ace42c9a2c2.sol,0.4.18,clover
0x82ecd135dce65fbc6dbdd0e4237e0af93ffd5038.sol,0.5.12,DssProxyActionsDsr
0x82f25d2edc3dee8be852021cc1c2c4dfef333d91.sol,0.5.7,Crowdsale
0x82ff91671baa663cdc724e6769b0751daa88b18b.sol,0.5.0,OasisTradeWrapper
0x8302fe9f0c509a996573d3cc5b0d5d51e4fdd5ec.sol,0.5.0,StakingRewards
0x83076a2f42dc1925537165045c9fde9a4b71ad97.sol,0.5.12,MedianKNCUSD
0x8313675d1405f3f7aee3da9d63e0bf5c30c75832.sol,0.4.25,ALTESFINANCEGROUP
0x832b3198e486581166d120845b55cca93b7e4442.sol,0.5.0,OneSplitAdapter
0x833e8e3d15a2e275548f81fef74c6d46e28b4c9c.sol,0.4.25,Flower
0x8342228044fd5dc6fcf6b1c9a466da83dea28ae1.sol,0.6.5,PieDAOPieAdapter
0x83489f69ae8644605056fe93e460843c1e22e4a7.sol,0.4.18,Rybit
0x8382ADf670cb280F2f318bC2446be3860758aEF4.sol,0.5.13,GramChain
0x83899e5c4dd660be20d51469fca5f90f2606df3a.sol,0.5.0,AaveLiquidate
0x838d8e11b160dec88fe62bf0f743fb7000941e13.sol,0.5.17,KriosGIGToken
0x839961692c56270b73538F9906f8736fC1DA4fA6.sol,0.4.24,CHALLENGE
0x83adc38cd82041353a475389d885edf36fd50503.sol,0.5.17,LexLocker
0x83b214752caebe6016947b15b2e5535472a9f8fd.sol,0.5.0,etfToken
0x83b82ec65a82f44133f5ee26b2f956b95733cf0b.sol,0.5.0,TokenProxy
0x83bf846c65a139549d4abc1e9736c66b8bebe466.sol,0.5.0,PolestarN
0x83c2e0e3b5328e599a3cba95d97090fa7d0fde8b.sol,0.4.24,ForeignBridgeErcToNative
0x83d000d26a82e283a2785d71f0b16aeb7be5f632.sol,0.5.0,CrowdsaleToken
0x83d0d842e6db3b020f384a2af11bd14787bec8e7.sol,0.5.16,GuildBank
0x83e1c295a5842ec1254ca4ad278047eeba3ee2ea.sol,0.5.0,HEXAutomator
0x83f798e925bcd4017eb265844fddabb448f1707d.sol,0.5.0,yUSDT
0x84183ee15616c221b611e8ec3229c0d8617a47be.sol,0.4.24,AVideoCoin
0x841bf85262bd9b3cac568a57c1cc6b81e277de14.sol,0.5.0,SaverProxy
0x84297cd541e4a947515b283fcd71f874a6ab782e.sol,0.5.0,Staking
0x84350f52f0930a8f660d1c743d7956270073859a.sol,0.5.0,EquableToken
0x8438c06260b613b34b6d6f6c7f57281959466000.sol,0.4.20,BebPos
0x843a35972a9ef805733489b1d5b0e678cb2f25d7.sol,0.4.19,LOVEBusinessCoin
0x845d6a8401f467852dd27802ad5803e12e17fe9f.sol,0.6.4,SafeMath
0x846741e80f5c19630c8052d2e688f082601d6711.sol,0.4.24,KapDragon
0x84759d8e263cc1Aa9042ff316F0fD148A7C5cb12.sol,0.5.0,Invest2Fulcrum_iDAI_NEW
0x8478952d8412dce7aaf06e751d28c6a05d91bd28.sol,0.5.14,ProxyQuery
0x847ca18cca4c1db110c7ac3b0fa07e14661e0b07.sol,0.5.17,DharmaSmartWalletImplementationV9
0x847f5abba6a36c727ecff76784ee3648ba868808.sol,0.5.4,DappLogic
0x848bcb77c97d449312ece071cd999e5f0d30f849.sol,0.4.19,TokenMCT
0x8495312ec8221366de50367a1188e6b82f07576a.sol,0.4.25,SafeMath
0x8496865d44ea69540aDE7262621469DED2517815.sol,0.6.0,ConnectOne
0x84a260de7e8b75facd51ee77067ca5f0eb3f49b5.sol,0.5.0,TransferRules
0x84a4eccb81a1fd0867c7682e2c85ffef4538a2f4.sol,0.4.25,SafeMath
0x84Aa05BfAA2B3cfa3449a1B85171a13f03A18B1D.sol,0.4.18,PRIVTOKEN
0x84afe7390a3a19ac14352fe7b580d7b3ed008eb2.sol,0.5.2,SimpleRestrictedFDTFactory
0x84bc0c6e8314658398679e59c4f3271de71c9278.sol,0.6.0,CompoundSubscriptions
0x84d1b1b0d4cce17c7517e67f87c702099bd882b8.sol,0.5.0,CrowdSale
0x84E06Aa4008d1BbD2747783A06e1a58feEf9D29a.sol,0.5.0,NANOTOKEN
0x84E42CF61A1e87F1DD2b11da9A2831C8745371D9.sol,0.6.6,AccessControlledAggregator
0x84e563334b706b5D823b0e0a62A724Dd932Ee6d1.sol,0.5.16,SavingsManager
0x84ea0C39bF68289763F5f8e2D01F888FCa358111.sol,0.6.9,CryptoETF
0x84f411093aed2e88e3d7f62a457cf77b3032ff2b.sol,0.5.12,DssSpell
0x850071a17ca0ad917f6b018066193dda23419748.sol,0.4.19,ERC20Token
0x851be0d936cb611d2cab3c3963338288445c1e52.sol,0.5.10,Zhey_ERC20
0x851F61280295837588373fFdc3d3315Ac085119f.sol,0.5.12,Vat
0x852408aee89d06c3f28d6caac9fae4a10cb241c6.sol,0.6.6,RewardsClaimer
0x8537550aceCCEF73Af7b05c83e25e80f2531C964.sol,0.6.5,SynthetixDebtAdapter
0x8559b5fecc877574726f6add16dd8f5dd24950e6.sol,0.4.18,TribeShares
0x85609AfE45eE16e52aCB33b8AD103531fC959647.sol,0.6.5,ERC20TokenAdapter
0x857d4bf18a80f03d3d11f438825cd3d0aa0d9d68.sol,0.5.11,RoundsManager
0x85867d7a86b4b51b5ad898a59b0ccf3379dd70a5.sol,0.5.7,Obsidian
0x8592b4504b4ce7ebe7590a6aac0e3c3fb6b8dbbe.sol,0.4.25,HEICToken
0x85a24b2e17648e0584a7160f40932112c1773adf.sol,0.5.16,StrategyControllerV2
0x85a25f18ba56163450d597e521c7a79f552c93d2.sol,0.5.17,iETHBuyBack
0x85A2f1B3174669349c9256447c4Bf8A95493a9CA.sol,0.5.11,Divvy
0x85b139445d14d4fa1b4e619ed84af0c04e5291d4.sol,0.4.26,Trader
0x85b31f87f9f144f067991990aaff1dab12eade32.sol,0.5.16,EthStation
0x85c0688cd6a998bf7a650e1407fd3606c6ef360e.sol,0.4.18,Token
0x85c6835c9907c8e37e922269fb4fe96afeaaa5a5.sol,0.4.16,CIT_Token_Start
0x85c7cd541296637e4d3bfdd26de544256ce5eaa3.sol,0.4.26,PremiumFeedPrices
0x85e27a5718382f32238497e78b4a40dd778ab847.sol,0.4.26,BancorConverterRegistry
0x85eBa557C06c348395fD49e35d860F58a4F7c95a.sol,0.5.13,H3X
0x86097c2bfd566cd07470a59da3ba9df8df77cfd1.sol,0.5.12,KriosToken
0x860a8c64cbc7f9aac11428ef8df989f5770cda60.sol,0.4.24,SEC
0x860ec43521fd4e41d77b4c3c4045a8ccc7b2ad79.sol,0.5.17,StrategyVaultTUSD
0x8615ba28d7d66aef9069119b5f27653ef05eb574.sol,0.6.5,FrommCar
0x861a2250fcdbe57041289623561d5d79585df5dc.sol,0.6.0,ConnectCurveY
0x861ddab4df1fd63bbf65230d0519accf58e6245e.sol,0.4.24,Token
0x862c9a66872e60dd2107507c0da3f16939f59634.sol,0.5.0,SNXLinkClaimSaverV2
0x8632963c81e5a4bb1f28ebeee6a70a1a92b0384b.sol,0.5.0,GasTokenRefundModuleV2
0x8645b4B64569719377Ef890A0fE5D2d61e6f2F95.sol,0.4.26,UniswapTradeExample
0x86502dbc83be3890ceb9c38da50e2d89ebaad87c.sol,0.4.16,ERC20Token
0x8652e64f09a8758284994d701b67fa29e7439fd4.sol,0.4.25,JPMeijiTetsubinPot
0x865d490d561dc25b628d04987c80f2a90459285d.sol,0.4.25,Lottery
0x866900d67579509c73430d4745039dc1486109d4.sol,0.4.24,SodaPoint
0x86690e2613be52ee927d395db87f69ebcdf88f27.sol,0.4.24,PAYZUS
0x8679f1f00725c3b02918604438a5200b0acf7584.sol,0.4.26,USD
0x8686b7d8a9c10f53819ed2a8e3aac0cedf6fa9cf.sol,0.4.11,EMC
0x868ec7f5c90d61bb254415ff1c391d107bb5ce13.sol,0.4.26,UniswapTradeExample
0x86a7adc5fdabaed0a5fc00f6af82543f2524937c.sol,0.4.20,ERC20Token
0x86Ab844a067094eC2c5a4badE21fcf2aEEE32122.sol,0.4.26,SafeMath
0x86ac75909d3dfd6fd0d88d3bab92700af5ca2a68.sol,0.5.0,Staking
0x86c486d29fcb9ed23c904a9408b3ac7a87a20dc5.sol,0.5.17,StrategyVaultUSDC
0x86d53ee93c3f2fdbbb163cbf4dd09b8841de24f9.sol,0.5.0,RariMine
0x86da61ac87dd776eb6c1d8ea048a2e1e1a2cd2ca.sol,0.5.17,SafeMath
0x86Dd3002BF215082Ea43b0Bd2fD595EcE4341880.sol,0.4.23,MainToken
0x86e132932566fb7030eef19b997c8797de13cfbd.sol,0.5.0,MCDOpenFlashLoan
0x86E4Dc95c7FBdBf52e33D563BbDB00823894C287.sol,0.5.2,RootChainProxy
0x86e90722af401fec5fa103ce036dd82a2574f85b.sol,0.5.16,SwapperFactory
0x86eee0422322710866af89e9cae3f7383d55310a.sol,0.4.24,PAXImplementationV2
0x86f25b64e1fe4c5162cdeed5245575d32ec549db.sol,0.6.4,BalanceScanner
0x86fd9f5988a4d2335d37a0daece48069ae2f3432.sol,0.5.0,WithdrawTokenProxy
0x86fdf1de8daf6b6134e7abdf0061ff200d296129.sol,0.4.25,GH2
0x871e6ba1a81dd52c7eeebd6f37c5cefe11207b90.sol,0.5.9,Retainer
0x87320d07dec4c99e31722c1175929e6b6639083a.sol,0.4.24,RestaurantMarketingPlatform
0x8738391c5a2b79e067b5f9ea6cf97b3243543df1.sol,0.4.25,OracleRateApprover
0x873b3118bcbc05e46aa1f22349b7875f5a45f4ea.sol,0.5.0,CompoundLoanInfo
0x873ee7eea500a75896fa8187b274100bb2b3b7eb.sol,0.4.18,MinerCash
0x874b42866aaeb6a38a97bc3df7da1ff85d3ba910.sol,0.4.16,HOT
0x8763fc303a5c3698776ef63c190c25d29eb4698d.sol,0.5.11,ERC20Token
0x876b75fac0f1b9c659dfa60201bb13b5aba13edc.sol,0.5.0,SafeMath
0x8770afe90c52fd117f29192866de705f63e59407.sol,0.4.24,Aggregator
0x8775aF59e4bbd8cD90F3a5FAe330BD270b850c64.sol,0.5.17,CasinoCoin
0x8783a447fc4e0810c1f815de572a33a0a07f3303.sol,0.4.26,MSLD
0x8784e79d4a357a9a790e209625902fc81b552323.sol,0.4.25,DeployGatlingGun
0x878dc03554bd716c39e05e6fa086eda2f4400e97.sol,0.5.17,DharmaGasReserve
0x87968386134a636b3000c26a4b15126d41bb8962.sol,0.6.5,CompoundTokenAdapter
0x87A94fC3Aa8902d6Af104Ae22DABfc72c2A4da57.sol,0.5.17,ZIMBIEDelegator
0x87aa50a33899fb292f910c9464f66a68aaab729a.sol,0.5.11,DharmaUSDCImplementationV0
0x87b7282b91d58997490a4adf1dfdf0c195a4978d.sol,0.5.0,iDAI
0x87c48b167bb02cc88487ce6dc12f5e56cd49676a.sol,0.5.16,TimelockGovernance
0x87CFEA02C8322653a7335C6f72Be19ce54ECbFb5.sol,0.6.6,AccessControlledAggregator
0x87d0ca581aff3fe2581d0460ecd7bad8ab795611.sol,0.5.12,ExchangerToken
0x87dc0e4680b84199727dfb7db667af80e040bae0.sol,,GBPOUNDSTABLECOIN
0x87df44b808d2b816bf0f19302923dccd40569d45.sol,0.5.12,LockTokens
0x87e0b38710cc65309914f1751c09f7c4b686ac09.sol,0.5.11,SmartWalletRevertReasonHelperV1
0x87f5d2243c2a2ae2d8934626739df6c5239d14ad.sol,0.5.7,RingSubmitter
0x88046ab50a87c60c572aaa94647dc42bdd18810d.sol,0.6.0,InstaPool
0x8809eb84b4c334E5Af581bC36CA378BeE9D62a37.sol,0.5.0,SVET
0x880ad65dc5b3f33123382416351eef98b4aad7f1.sol,0.5.8,CompoundAdapter
0x880baa57d56832102bc7e6267827b934872a953f.sol,0.5.17,UDBToken
0x8816b2fb982281c36e6c535b9e56b7a4417e68cf.sol,0.5.17,StrategyYfii
0x881b06da56bb5675c54e4ed311c21e54c5025298.sol,0.5.16,yWrappedVault
0x881c72D1e6317f10a1cDCBe05040E7564E790C80.sol,0.5.16,StakingRewardsWithPlatformToken
0x882bd868495323dd7d903e2ad69ef0b1f7d8853e.sol,0.4.18,ERC20Bridge
0x882fb3461dabc1f7606203e27d11a7fa378c5f02.sol,0.4.18,FixedSupplyToken
0x884ddbb5dc6c2cef77d3e74c6ccca315797d655b.sol,0.4.23,MainToken
0x885c371ea6afbfa6cf5af4c27bca650dabb3809d.sol,0.5.17,DharmaTradeReserveV12ImplementationStaging
0x885f9ea107ce7794632ccc457b784463d0514979.sol,0.5.0,COMPfarming
0x8868ff4893113193313465A0Ccc5F1bd370D7751.sol,0.5.0,SafeMath
0x887c21b357adbe3cb54b99ad5b607086e2abe6d2.sol,0.4.16,TokenERC20
0x88998329c7fc71e52a375b9a85614bbea9c7a33b.sol,0.5.0,Staking
0x889b46f79ac052619eedba2dd058dcdcfcfcb5ef.sol,0.5.11,CryptoDecade
0x88b02acdea36255166fee91d5e6c98b8fc4c9983.sol,0.5.0,Lockup
0x88c450a651ac1aaeeee6cfada225e34a67892ccf.sol,0.4.25,SynthSummaryUtil
0x88c7b1f41dde50effc25541a2e0769b887eb2ee7.sol,0.5.0,Market
0x88C9A54DCb55EBEa4026efBD69695b15516018a8.sol,0.4.25,SafeMath
0x88F65097BA6E10F25E93bf41987f9416BBB303eB.sol,0.5.2,StakeManagerProxy
0x88fa999e81b62989fdeeb4a9426433c67caca1fd.sol,0.5.0,Airdrop
0x890275d5797963678bfff0944776C1646144830e.sol,0.5.0,WithdrawStorage
0x8903ba715af8dcf6ca25c7ccac5cdbc7ee56b177.sol,0.6.8,Token
0x8905ff67286639c5d4414267731f3e0e850b6b46.sol,0.5.7,CompImport
0x8920ab172362e42fcf576e17432359de1b1e463d.sol,0.5.7,ConstantPriceOracle
0x89212effef6420a9011f062a2673cf44ef413bb2.sol,0.4.26,CRYPTOCASINO
0x893b52e96f3230abd23fbe48ee408b7a1a4b7e30.sol,0.5.1,EthGame
0x893c64765D8C16A4Df737038355aDB20cF54cB63.sol,0.6.6,TimeLockTokenEscrow
0x894ced16b2710b90763e7daa83829fec7ebd31e9.sol,0.6.2,ProxyHub
0x8963b689f4bb50c4cf562db351d8267afd7b2cb6.sol,0.6.0,EtherHives
0x8966d1475f08c3529c719f2eaa03f79024032426.sol,0.4.24,MaraCoin
0x897cd4a0a7a80dd8a5b6b19f42eb6270a7fb23a1.sol,0.4.16,OXO
0x8984c65cd82c319c0502c2668a32f450e17c2a06.sol,0.6.4,SynthetixAssetAdapter
0x89954cc43cf6e31303725e6b10a40074f6b567f5.sol,0.4.16,RightStarCoin
0x899c22a6b4c538e37612332f276481c016963d3d.sol,0.4.25,ETHConverter
0x899c965ed50d1FAE58538B8D7Fc965973631D5cf.sol,0.5.0,PsycheToken
0x899f4ee077f83a7747e4ccec8ee7aa74831a1de3.sol,0.5.0,USMT
0x89B6dDa81ed2eBB5DAD7D4cC3F870a7C00B4e641.sol,0.4.12,CaptureTheFlag
0x89c805541f024b8c4b3dd784c3f4a8818996838d.sol,0.5.8,McdResolver
0x89cebeb968bc84e5767c3963c74d6a455d88d086.sol,0.4.24,BiCoin
0x89cf2c569bc7dfb047083572794e560d0f668f70.sol,0.5.12,Token
0x89d386ecf73aa803028ee9fb8188c428ebe4a382.sol,0.5.8,InstaMcdMigrate
0x89ddcbc074ab765737322948f269edf0b20d13d2.sol,0.5.12,ExchangerToken
0x89f3d002225fbcbe4a6ce29218ac4ec727051d87.sol,0.5.1,FMF
0x89f4d59797199b84447f8A2F7eceb0BEf962A9d6.sol,0.5.9,CryptoKingdoms
0x89f9749ce943281b8c65fec7f15e126f8cf4edb1.sol,0.4.15,DepositGame
0x8a0586e9c99b1596af42abf80b469fce321e8bac.sol,0.4.26,ERC20Utilities
0x8a07e9996f0d88d515abbe3a483ab0f986e8d6a5.sol,0.4.25,Token
0x8a204a8b16b641fcb1a651c75cbbf927802ef63e.sol,0.6.1,LockTokens
0x8a33b9d723472869e815a6af0d40ccf2925d37bd.sol,0.5.0,ProxyAdmin
0x8a5419CfC711B2343c17a6ABf4B2bAFaBb06957F.sol,0.6.0,InstaMemory
0x8a5ad873a1a615001acc1757214f67e1ba145cc9.sol,0.4.18,HEARTBEAT
0x8a65ab17324c155fac3e46ad33e9553d9165a252.sol,0.4.24,SCN
0x8a68277a6345011ed116a4f0931b30c6ba128b7d.sol,0.5.10,MZXTH
0x8a7DA5FE29F33F5C053D46CB79086cDcc24aC610.sol,0.5.4,MakerV2Manager
0x8a804207a7ed15935f62654527187e4bc8ae4cdd.sol,0.6.0,QuantaNetworks
0x8a904f0fb443d62b6a2835483b087abecf93a137.sol,0.6.6,EnvatoToken
0x8a97381a9d17492a24764c399b7e8c96e519fb26.sol,0.5.8,burntest
0x8aa1b6d4005b69a7c41ab1ab3b6d86d9a3bd093a.sol,0.6.0,DFOBased721
