0x49ffd53f49c833c05eb025ec14156303174e9e59.sol,0.5.0,yCurveExchange
0x4a008fbf74c4fef109050ed692e11e25fa57f31f.sol,0.4.25,Mutual_success_Concept
0x4A03707a1bfeFc2836A69B1A6A6bd752270041A9.sol,0.6.6,AccessControlledAggregator
0x4a038f20cc1bf603e57dff6b2840c392c5df4834.sol,0.4.24,SmartChain
0x4a0eedf6e95581cda46a767e612e83731c0cd418.sol,0.5.7,WNS
0x4a0fbdb3bbcb779f22cd7874d3005c2882a63462.sol,0.5.12,LockTokens
0x4a15d42f6973827352412731344ca4895ea85939.sol,0.5.12,TransferCheck
0x4a27c059fd7e383854ea7de6be9c390a795f6ee3.sol,0.5.17,Create2Deployer
0x4a3232cDE9670E5214F6864089b70F7426729DC8.sol,0.4.25,Fomo5k
0x4a43f3eea43f4f283ef20c8d4f63f4bff646b961.sol,0.4.25,waterBreath2
0x4a4fd2D0368685A9C4243b6c83EF69373dD5c118.sol,0.4.23,TemplateCrowdsale
0x4A5025D943dcC6DB2E1D76eb46aAF2d647D5562C.sol,0.4.23,KOLFund
0x4A5139bfDe7aA604806Dd967d03539EF5d4bDF85.sol,0.4.23,MainToken
0x4a557cf8be48792cc1425f27dbcabf00ed7fd86b.sol,0.5.11,Burn_Ownership
0x4a58ad311da0baae55e23380c84c85e6fff9abb9.sol,0.5.12,IFL
0x4a5b9b4ad08616d11f3a402ff7cbeacb732a76c6.sol,0.6.6,Flags
0x4A75bfa5B740263e88655a3e1e78892bfc7b036a.sol,0.6.6,AccessControlledAggregator
0x4a8c4b77221ca1e82A61cE91Ca603e4c9CB7181F.sol,0.5.4,SimpleUpgrader
0x4a8ff60fd09478198f1c76ff58f94c1cc09729ce.sol,0.5.17,DharmaTradeReserveV3Implementation
0x4A9D21B46810F69A02ac2D61f4bF1963DE82700d.sol,0.6.0,SimpleReadAccessController
0x4aa8a69d141d3315c100516390bdb63c2f3af291.sol,0.6.6,KyberRateHelper
0x4aab76C4442DB9067a35aC9212e3f31128E2Af6f.sol,0.5.12,StokrCrowdsale
0x4ab524df43bec3cb130024c5196db0915c61f40c.sol,0.5.0,InflationToken
0x4ab5a8ee12e3d1b11a9541add1dd96c46f60da05.sol,0.5.13,REGISTER
0x4ac126a176d4691e855ee9a57b7e3783bb911046.sol,0.4.13,EVVToken
0x4ac8045b319e763c184514ac255a3ee88e220019.sol,0.5.0,Stabletest
0x4acbbb40527018e73efb04eff5af8873c4b61385.sol,0.5.11,CheckReserveSplit
0x4adc65bca055b390d8eaff37a7f7e11fe572da66.sol,0.5.14,cTokenKyberBridge
0x4ae4862348bf909197bfb9abaf21ad8ace42d046.sol,0.4.23,LightEnergyEcologicalChain
0x4afc15f130988ae375895ba33bd31baa8a6ac300.sol,0.4.25,Testnet
0x4b0a1456db1e3a767b89f4e2b72f1614160fa04f.sol,0.5.0,MCDCloseFlashProxy
0x4b1af6c07e806f6a7b71a4a9f1504421f002e771.sol,0.6.4,SynthetixDebtAdapter
0x4b1b08313a290adf97d36a6f41f42bb19e368d6d.sol,0.5.16,DistributionRewardsProxy
0x4b205ad9e4a2669cf9428c1a5f72ca17976f0167.sol,0.6.6,MonetaGiftBox
0x4b368266adb3e159affe3f6fe85b8e0f789323c2.sol,0.4.16,TTS
0x4b3e82b8e548bbeae915f7c710d24f1afb25c140.sol,0.5.16,Whitelist
0x4b45a2e49c90df7bc77062ad13708bc29db6468c.sol,0.5.17,ERC721Asset
0x4b46e37f032d0802291dd890acd941ac167ed61d.sol,0.5.12,DssSpell
0x4b4b7f495c372f08cb2be3d10fe1551c2ffa3880.sol,0.4.25,DAR_Token_Concept
0x4b6a7ea2d830cbedaa96df6c8f76d0453b01b9e9.sol,0.4.26,Trader
0x4b6f9a7187736181e3233a1d4a41f7f6fc4d6c80.sol,0.5.13,Switch
0x4b765ca2049a79ed70325e9074f16aacd9e63807.sol,0.5.4,GovernanceRegistry
0x4b7c9eace3d4e5fe951a68308e056d8cd857c183.sol,0.5.12,ETHERALIVE
0x4B7CD34229D2DA4B7220a45b6068D90EA873611D.sol,0.6.0,StaticConnectMaker
0x4b807cf48e49d86bbbbbfc07d9c48719a7103f3e.sol,0.5.17,MysticMoloch
0x4b8089530256ed39b3a3145f72928389d7c8ae92.sol,0.5.16,StableAMM
0x4b833755b90e5bbffef6b8c569b17720582bff5a.sol,0.5.0,lexDAOPersonalToken
0x4b86181abcaefc008b561e27c0aee64bb5eb8dbe.sol,0.4.24,ForeignMultiAMBErc20ToErc677
0x4b922507b808d3895c2213a2b4c4720756b4d9e0.sol,0.5.0,BridgeFlashLoanTaker
0x4B970903A1692ad958A2264E587aF7Df03c33fA9.sol,0.5.1,mushroom
0x4b97a977e5b094c38c57eb3fe2bc14688a2f781c.sol,0.5.10,Funds
0x4B9C13e932dE7597997D2F75e03616CBA5413511.sol,0.4.26,Trader
0x4ba012f6e411a1be55b98e9e62c3a4ceb16ec88b.sol,0.5.13,CyberCoin
0x4ba1bf0cb44c2d3c192251ef482b3be59867c62a.sol,0.4.26,ZipmexTokenV1
0x4BB7a9C1D9937CcC051FEabCF8e39e258e08f38D.sol,0.4.22,EDUBLOCTOKEN
0x4bc9968c5e947b4867a4db28022c78d12a3c419e.sol,0.5.14,LexGrow
0x4bCD9B34560a383fFadEdD4887e05bBA3009080B.sol,0.5.12,DaiJoin
0x4bd01086859265d7c32cb2b921d79e75eb1b9116.sol,0.4.26,HKD
0x4bd22737812e4412879aacf0b400131e1ee0a4a5.sol,0.4.24,Controller
0x4be1afc674a2f4056f6c5189f938f3083dcbad14.sol,0.5.16,yDelegatedVault
0x4bebeb0e302c8d25d342d9a6ab19a547bc141794.sol,0.5.8,InstaDydxImport
0x4bF6E7291dc01A41ec88A23D4921152E7d1E31D4.sol,0.5.12,DssSpell
0x4bfca64260215db06d76db3c7fcda68cfe82545d.sol,0.4.18,SeventyNinth
0x4c0fc6c8acf92638184741ca17ec9e71d8ee6909.sol,0.4.24,NKCLM
0x4c131366246b50017f3eed0bd82fa77c77a7aa9d.sol,0.5.12,Flipper
0x4c14114c107d6374ec31981f5f6cc27a13e22f9a.sol,0.4.24,SToken
0x4c14ed0b3cac97939053be31150bdbb6f1ddbca2.sol,0.5.12,DSSLeverage
0x4C19596f5aAfF459fA38B0f7eD92F11AE6543784.sol,0.5.13,TimeOwnedUpgradeabilityProxy
0x4c323246367ee4051a6743bb2d97d1db1b0eb578.sol,0.4.26,FairDice
0x4c4b2f0d065c6d207ee18544f3277af3c4a14c77.sol,0.6.0,customDropToken
0x4c5e03065bc52cce84f3ac94df14bbac27eac89b.sol,0.5.16,MassetValidationHelper
0x4C63a12717ad0B87984eCbB3C97fff0E8edB7b66.sol,0.4.18,SetStepFunctionWrapper
0x4c6584ddcdfab7110c7b1be47749bde8edc9c0c9.sol,0.4.20,ERC20Token
0x4c6636787df21298b39d166dbf699fa0a81309e8.sol,0.5.0,TokenContract
0x4c695286debc393c038dd9fdb4b01729daaa1d93.sol,0.5.11,QuubeContract
0x4c6f4d435a939fb85dd946bae4eec9d52587f451.sol,0.5.11,WithCoffeeToken
0x4C74eeb5c7e145398A13971Bd96bAf75377b4108.sol,0.5.16,FlashToken
0x4c75e5a69b3fd89e32c08344fab8c688938bdb5c.sol,0.5.16,Euclideum
0x4c7b965c22562ba4cd06de4177afc09311f0bf03.sol,0.4.18,MagicCoin
0x4c82179078846890fb6e85b765d75e1a095688f0.sol,0.4.24,SamoToken
0x4c84e5b48cbacad5dbfa28eebb75637b3707dee8.sol,0.4.19,COIN
0x4c880deb2e600eb26e8ab49803fe43e2a93198a6.sol,0.4.23,MainToken
0x4c8a1BEb8a87765788946D6B19C6C6355194AbEb.sol,0.6.0,InstaList
0x4c969A8Fe3e79Ce8AEB9f40E4406385A36c11112.sol,0.4.21,simpleToken
0x4c985a5a02a70e78f9c4474e73120884562c852a.sol,0.4.18,SetStepFunctionWrapper
0x4CA9123AFC43dC9dde52A57A51AFc44324138ded.sol,0.5.16,ForgeValidator
0x4ca91f13fdb0ce461d5b09b74f3094652688043b.sol,0.5.16,KEPENG
0x4ca946a2d9b5d6e505378516e4184dc109340b1c.sol,0.6.2,AggregatorFacade
0x4cacf3dff9883849768bd2e6ef8060da87210c07.sol,0.4.26,Trader
0x4cb52705daebc2d68b7dfd48a960bc249c035f9a.sol,0.5.11,ErazerToken
0x4cBFE28190a882B3E1A8B42Ee0afe7f29C522ED5.sol,0.5.0,BlackDiamond
0x4cc91e0c97c5128247e71a5ddf01ca46f4fa8d1d.sol,0.5.17,RiskOracle
0x4cca21e62645b6060186f61350060405d40ce86b.sol,0.4.24,Queso
0x4cd4a73aA35Bc99ddcfC0175EBa60e365f1e2C94.sol,0.4.24,GoldenSeniorReview
0x4ced09bfdda1ca45fc00d4cb1839e36516bbcacb.sol,0.4.25,BeGamingStation
0x4cf5cf601bfd9f25c25502d47766d14fb3403464.sol,0.4.26,PremiumFeedPrices
0x4cf89ca06ad997bc732dc876ed2a7f26a9e7f361.sol,0.6.11,MystToken
0x4d03b8a8bce14ef9a9c6c3c2cad21d94e601f645.sol,0.5.17,StrategyVaultUSDC
0x4d0dc9e557818ec07c8465d351870a93dad4e6f9.sol,0.5.0,yCurveZapInV4
0x4d0ea9910b8d040794e00903905907c1a5f0c010.sol,0.5.11,CheckReserveSplit
0x4d282238020b88a6db57b103ef3eb62affaa3a6b.sol,0.4.26,BancorConverter
0x4d2caf78d4c4fb17d41754cb44e3a631b81ff7c2.sol,0.4.26,UniswapTradeExample
0x4d31997922fdf1f72e8528487221aad1f73990e7.sol,0.5.10,ERC20Token
0x4d37f925e16de458da4f60486c8296255e512b45.sol,0.6.0,VasaPowerSwitch 
0x4D37fCE35e69C0368565CcbB53d6eA7558a964A1.sol,0.6.0,InstaMemory
0x4D431047b53Db36b2BA13a3E5670C0Ec637D3DCD.sol,0.5.12,Karvuon
0x4d4e7e573e24dc2703f3dcd65c603eeb7ce9de81.sol,0.5.17,WaspFinanceLock
0x4d5aD5455C3D44C12291b8aA0b880C08d6DCF2Bd.sol,0.5.11,BBT
0x4d5d765cca7542bbf650a33f281029f2d5369a0e.sol,0.5.13,standardTokenFactoryMaker
0x4d60b0f82e8eca3910e245eeee1abcfe3705fa66.sol,0.5.11,CryptoDaysProfi
0x4d6c7bd06515e66adf7214ddca8ede4fc1c3c6f5.sol,0.5.10,Collateral
0x4d6f5dfcd69ba31bd5188b11287315b198904cbb.sol,0.4.16,ERC20Token
0x4d714Dd7E399e0Abb0b1aF54dB10998Cb239996E.sol,0.5.0,CarbonToken
0x4d728a4496e4de35f218d5a214366bde3a62b51c.sol,0.5.0,LendingRateOracle
0x4d8496b618e846140043003d370000140700aa00.sol,0.5.11,DharmaAccountRecoveryOperatorMultisig
0x4d95a049d5b0b7d32058cd3f2163015747522e99.sol,0.5.12,Flopper
0x4d96fb44b9c750269e80f2873a11b59f14b66311.sol,0.5.0,yUSDT
0x4d9d9a22458dd84db8b0d074470f5d9536116ec5.sol,0.5.14,LexSecurityToken
0x4DB45d68f31276e7EBa139e42fDf1e18B869e93c.sol,0.4.19,FusionChain
0x4db73e6dcd4065f17ff28515eebb7248ce1a6691.sol,0.4.25,JiufenSeaside
0x4dc90fa739385848340349cf5c9efd123655a7e3.sol,0.4.25,GODToken
0x4dd78b735b9399963d74c8369d12fa20e879a639.sol,0.4.26,JPY
0x4dd79f907f4d5d8952fef1efa0b5d0467c612cb3.sol,0.5.0,DOSProxy
0x4df2c7ec048f69bba12098bf71a15afeeaaf0c4b.sol,0.4.24,SmartChain
0x4df395e6bb5d46dceac7255af70034d103d9f684.sol,0.4.26,COCO
0x4Dfd148B532e934a2a26eA65689cf6268753e130.sol,0.4.23,DSToken
0x4e0281ebaa834c73b37a76d46982813a06715219.sol,0.4.26,UniswapTradeExample
0x4e03b34fde801ade87d69205dfe95807a4de3cd9.sol,0.5.0,UniswapWethLiquidityAdder
0x4e0475e18a963057a8c342645fffb226be24975c.sol,0.5.0,SafeMath
0x4e08F5595B71D2F57247eC104C1DF1b5d9df746D.sol,0.4.25,TagMembership
0x4e12eb8e506ccd1427f6b8f7faa3e88fb698eb28.sol,0.5.13,JackToken
0x4e1e54e7af6b2afc8f1e2eea35825bafcef514dd.sol,0.6.4,digitalNotary
0x4e218061cb3Ba321fcbAD5ee88fE97ea1f92Bc0E.sol,0.5.0,VoteCounterStorage
0x4e3ee12ae8d953dc8e85911a447b7b816363577b.sol,0.5.16,DecentribeIntegration
0x4e44b15a9df77ebb0f1b060ae8036c04cc773021.sol,0.5.16,EthStation
0x4e48b77320858fc33a6f1ad2f15163a3b0be89ba.sol,0.4.24,HackPoints
0x4e4e9bde91dfa6c5a6f98a8656aa7796b5cc34b5.sol,0.4.26,TokenERC20
0x4e5597fFD2e7F1418c3F6f31f9B714735a7B53f8.sol,0.5.0,Storage
0x4e57b2cddbda32a2fe721e3ff53aed56b75c2e4d.sol,0.5.16,SafeMath
0x4e5b05ce5f5e2ee2e06fdf4c41c306def4cf0111.sol,0.5.0,NativeTokenMigration
0x4e7339f6bc01899772f18397f29ad64c07d3ddc0.sol,0.4.16,sneAdvancedToken
0x4E8056dfE7124A74aCB23244e3E24110e2AF0A98.sol,0.4.16,Twitter
0x4e88e93b01007e92e617aeb60771249e76c2c0b2.sol,0.4.24,FucksToken
0x4e8c0598ef8c3d44967bd4fa101c54939ab97d53.sol,0.5.2,Blacklist
0x4e8fe652738e2138aefb8b9d62eb41ed55294f9b.sol,0.5.17,COWSAdminLock
0x4ead784006cb920965cb1b45a9f6923330a3ccf0.sol,0.5.12,AtaConstatacao
0x4eaF6dc24529C8147350ca6ca1097CDe5F9Ea663.sol,0.4.19,TokenERC20
0x4ed792a66f2b4cf51671c42137dff7f8703b0875.sol,0.4.12,EDT
0x4ef5ccb263b9d0b4472759cb8b53c8054965ff0e.sol,0.4.24,Elitecoin
0x4efa9099738d2c1b38b51b92fd78f27ea2d23fed.sol,0.4.25,ETEST
0x4f026054b9c934d92cd2db344ea1ae193a22067d.sol,0.5.0,ERC20toUniPoolZapV2_General
0x4f1721ad662351cd63c2fd7259aff9a8bd27a0a8.sol,0.5.11,DharmaReserveManagerV0
0x4F17f5b80C6635Bf971678f5CDB2404F54EaF155.sol,0.4.23,CHEJPY
0x4f1a6ded6159d06ea803b8b611c54ad8e2841455.sol,0.5.0,Creationism
0x4f1e3d5ba6cf6d3b3b82eb270fd1642bdaafcabf.sol,0.5.0,StableAMM
0x4f25e9710d006ccdce7d583492eab3d9ca24b3e3.sol,0.5.0,SimpleToken
0x4f2ab07be7ab76421d8065db36c4d042227654cb.sol,0.4.17,NICToken
0x4f2ba4b327c1558f506f65fc796ae0edf671662f.sol,0.5.16,yDelegatedVault
0x4F391C202a906EED9e2b63fDd387F28E952782E2.sol,0.5.12,SafeMath
0x4f464372d8f8a89e99ce56658ec1fd8f883394e7.sol,0.4.26,EDISON
0x4f51b25232324bfa7591768c8b1a420fa6d91760.sol,0.5.14,standardTokenFactory
0x4f565a2f91ac4bb0d09ff17918ee202b828837df.sol,0.5.0,yCRV
0x4f5f0933158569c026d617337614d00ee6589b6e.sol,0.5.12,GovActions
0x4f65C5F0F89BE0305Dd9F07FF9cD1390C614f21a.sol,0.5.0,ForgeCombined
0x4f73d0649d9f600367f03845dc234e9acfc4e2fc.sol,0.4.24,SPTToken
0x4f80965f1e5c19669e62aa3537dea5f5a0fa7f1c.sol,0.5.0,KryptonStarCard
0x4f80ae9b925fd64bed951b2213a6f945a391d847.sol,0.4.18,clovercoin
0x4f8598b7cf05e2ca0c23a29b689579eb00b6b43e.sol,0.5.11,CryptoDaysStandart
0x4f8fa002a85389e0d0c881bc6f671d77bb631551.sol,0.4.23,DHC
0x4Fa0655c09E0b5B2F50F1bd861B2d9BC63ccBBCB.sol,0.6.6,AccessControlledAggregator
0x4fc97349bfc73e6ce5ef9b827bb31e25d1b1909b.sol,0.4.21,KitianBusinessCryptoCurrency
0x4fccfd5c1793c3657fc4b283b3d2b9fcec019f30.sol,0.5.2,CENTTOKEN
0x4fcfce2cddd8114f5ddff23f8869337197b27e1f.sol,0.5.0,Torum
0x4fd191C0Fb2E241e18fdf3c1586151EBA03252e6.sol,0.5.0,BoosterPackFactory
0x4fd414c5ac6f8a17834d704ab431921ee93a4f2d.sol,0.5.15,nerveShares
0x4fd5b9b5dcc9a5d5931d007ba4ae573e760d9b64.sol,0.5.17,Morality
0x4fd6b3f680dfa951e9a6705fe7c8c8b902b26e5b.sol,0.5.0,Staking
0x4fdf373a61495ec20b6bf4d4f9e218cab8e10789.sol,0.5.11,DharmaDaiPrototype0
0x4feeaeced575239b46d70b50e13532ecb62e4ea8.sol,0.5.17,StrategyCurveSBTC
0x4ff0258545528b01902d826368246f330eeabd2c.sol,0.5.12,DssSpell
0x4ffc58eb074aadda79ce84fac178d57d09d16532.sol,0.4.23,ATOmu
0x4fff42650a1f0001214eb2f9a01a53d85bc18f60.sol,0.4.25,AWToken
0x4fffc380176a799d77c2dc898dccf7ae795eaaac.sol,0.4.26,UniswapTradeExample
0x500aae36a1c3afe3c0fc14b72913177a93057daa.sol,0.4.16,HOT
0x500b508c847492e549842438db4cfc5666b8b7d4.sol,0.5.0,yCurveZapSwapV4
0x501a9842a994ec2234e54321743d9d7c3ffc708d.sol,0.5.16,TetherMoney
0x503E3b722793d0e3d8e0DbA7D01aC55c92837a23.sol,0.4.23,MainToken
0x504b60a4133699c7056b58d3fe11ea73865a2d65.sol,0.4.18,CapitalCoinExtended
0x50592fB57426e0F914D56c3CF8d7729b97c22ec1.sol,0.6.1,ThaiBahtDigital
0x505f8c2ee81f1c6fa0d88e918ef0491222e05818.sol,0.5.11,Minter
0x50642710afee0ddf7ae8d9b0c13c745c00b1a439.sol,0.5.16,DutchAuction
0x50668356cadfb5cae006c06ed16bcffc11524218.sol,0.5.10,ZXTHGold
0x50845ca92828c65c13d4ffe128cbd4beecf81bfc.sol,0.4.26,TokenERC20
0x508846935b84434a07b5a3238d8d32b290ca1140.sol,0.4.24,MKBC
0x5092b94f61b1aa54969c67b58695a6fb15d70645.sol,0.5.8,McdResolver
0x509b21245e3bece664c79fde7aad36d82442b7c2.sol,0.5.0,PropertyGroup
0x509c4bd05a276b0be615a994a107212e2cab5d89.sol,0.5.12,Date
0x50a0ea5c75a7503866493807527a421d4e830ec0.sol,0.4.18,OlivePlus
0x50a1416246f319542949b588ad9da005e1162944.sol,0.4.25,ExoTokensMarketSimple
0x50add802bbe45d06ac5d52bf3cdac40f8648cf95.sol,0.5.0,StringHelpers
0x50BB4200794FAD114aEB1C3bDd1f7F9d72eaF607.sol,0.5.2,DAIPointsToken
0x50beedc12b63158b578ce85a2ecd069a67d69e15.sol,0.5.10,SinglePullPaymentWithFunding
0x50c6e7fe2139f5413e9e8128a84c81363c02666f.sol,0.5.0,SaverExchange
0x50d9c8ad0cdd015e4027cf88783c0abf771dfd18.sol,0.5.10,ZTokens_ERC20
0x50e4b6bb00f891e81e8a5b5886860a7aabc97225.sol,0.4.25,SGATokenManager
0x50e5fbf6f1d3151d3402b537a99f6a1a267c4a6d.sol,0.4.16,CEXToken
0x50eca9e5ed4865d25398c7f9516b04792e10d2cd.sol,0.4.24,Cykril
0x50f42033cf13f12a94431b5e6b45f55b974939fc.sol,0.6.9,SDCPStaking
0x51100bab7012573c208aa67af83b4842faa4cbcc.sol,0.5.17,StrategyCompoundBasic
0x511232281bcd64d15b08c7f78825c45968cadbbf.sol,0.5.12,Tritecoin
0x511c0d010798d2b753b0042816ad42907866bf9d.sol,0.4.24,THMU
0x513bfbc0d9f9cf4ef767570b211a13c024e499d2.sol,0.5.16,CompBalance
0x51453e14385f059c3e1ea91c8a50267ac33fcba3.sol,0.4.12,Token
0x51598ae36102010feca5322098b22dd5b773428b.sol,0.5.12,StandardBounties
0x516334aa920c5ae3897b8208952b4b35143904c3.sol,0.4.17,MToken
0x516d652e2f12876f5f0244aa661b1c262a2d96b1.sol,0.5.0,DmmBlacklistable
0x5171e86eaed4a7ca9e2bb3c8ac155aba43f025bf.sol,0.5.0,COMPfarming
0x5171f06b66479c751c0ac6d2935d2db373ca06c4.sol,0.4.26,OffChainOrFeedPriceFeed
0x5175101d17fad6921020921f0916323b953722bf.sol,0.4.24,Phoenix
0x517c777866179640ad10fdb9c305f6bfe64d9cf1.sol,0.4.24,CJHJToken
0x517F36576b8a90DdC6D036F0157531cB5bFB406a.sol,0.4.24,DotVoting
0x51826e32c322634120ef9f3f2d3b62cfdc31e80b.sol,0.6.0,LoanShifterTaker
0x51900c412e3a8a0f1e3bdfff3f7a073d023bcfbe.sol,0.6.6,LockTokens
0x51954e7045fc33413f5fe55d0bff4a7b71dba6c7.sol,0.5.0,offerToken
0x51bb7917efcad03ec8b1d37251a06cd56b0c4a72.sol,0.4.11,DSRCoin
0x51bc0deaf7bbe82bc9006b0c3531668a4206d27f.sol,0.4.24,RakunCoin
0x51bc5a1ea93ac20b1f4cb5f0187c8ff3b2d50b14.sol,0.5.17,COWSLockFarming
0x51c586e20ee54836c231a5ffab38098a6f6a3853.sol,0.5.16,BuzzyFinance
0x51c72befae54d365a9d0c08c486aee4f99285e08.sol,0.5.16,P1LiquidatorProxy
0x51c9C2475f106fD6BEd2Bd45824a9AB5B0d24113.sol,0.4.17,TetherToken
0x51d2d2079846f56382702d4a5bc16a9b90cb42fb.sol,0.5.0,TokenGeyser
0x51e2a2885a6208948a4ce92dbc7cce619a65492d.sol,0.5.0,DigitalSecretary
0x51e682dbbc7d5c6f4cb0b7b958fc3bb0670e2d20.sol,0.4.26,orfeed
0x52049f8b5403f5d4bff58c97790fde42a7b07191.sol,0.5.0,yCurveZapSwap
0x520bba6b38cd3a9d8f799685a5f782d21568210a.sol,0.4.17,Tripdefi
0x5217ab12c9bc98ff936d9e571fbc3b25cfd9f48d.sol,0.4.16,ERC20Bich
0x521a2ac7b33b09fa21a1ad7c040f4e1b5912c1d0.sol,0.5.10,ZTokens_ERC20
0x521fa45Ce25B0679a7Df4F60f78a407C4BfA2f05.sol,0.5.8,Contract
0x5249668021d5cb23f86e08c110dea0cade535ddd.sol,0.5.0,MCDFlashLoanTaker
0x525a4259435682ab0d4bb6c8f0cdee25f5b6cd26.sol,0.6.5,MCDDebtAdapter
0x525dcBa06913f8e13e215E8b11f224c091c4b370.sol,0.5.0,Lockup
0x52638106ee69532bd091cafbc55203be74f10200.sol,0.4.24,Queso
0x5267dc888e8ee974d1998c7b688efe907013ed63.sol,0.4.25,Database
0x5268ba00308c3e6bd1c4aa1e46d65eb1a4b120a3.sol,0.5.17,SmartWalletWhitelist
0x5276761e4c476f63d5d61f030c3ae53c55fd97cf.sol,0.4.18,DCEP
0x527CAF0E399F83CfBdBd2C65Fb691Ca39ad4E1d9.sol,0.6.0,ConnectOne
0x5284a0f90cd254eb0d93ca2cbd605b3be5812576.sol,0.4.26,UniswapTradeExample
0x528732d7ff76a31bd419f1d57d549d7643c02db2.sol,0.5.2,GLDS
0x529291de26bdd2e5a0b54fd4c764d1a394fb141b.sol,0.5.16,ShareholderVomer
0x5298dc3990b0a2b4b8c2364218f8e4b470bef826.sol,0.5.17,DharmaTradeReserveV3Implementation
