0x40C84310Ef15B0c0E5c69d25138e0E16e8000fE9.sol,0.5.4,WalletFactory
0x40c90ec89dd4c814e91594d7aa02e9c70ffe4df1.sol,0.5.17,MysticMolochSummoner
0x40d0e7c3b26ad790f52202d7063fd2c7e6758237.sol,0.6.0,AcexDeFi
0x40d1bf170f17c8648cd5accd1d801027c8b73019.sol,0.5.16,StarkWare
0x40d9f74124c043f27e95bcc91495ef9e53cb0591.sol,0.5.17,MysticMolochSummoner
0x40e36b09ff3eba462be5c86289b16840edde9773.sol,0.4.24,HKExCoin
0x40eed904c4e637277f82be7f0d20b2424005481e.sol,0.4.24,Token
0x40f03d575dd6ad846de86a12cda20ecafdbe59bd.sol,0.4.23,KOLCoreTeam
0x40f941E48A552bF496B154Af6bf55725f18D77c3.sol,0.5.0,Finder
0x40fec888a8a60e3812b7d8c252dd6fed72507a89.sol,0.4.24,FoToken
0x41005e0445bf15e68eab78a5c47b3cc64a4429e4.sol,0.5.12,Date
0x41021f6cd41b115825f7b025f6bb1d831dec3fe4.sol,0.5.0,HKDai
0x41025e5a1917c67e3a5813bfb2a3ba29e87a6d5b.sol,0.4.23,Token
0x410e0b1bffe0c4ad183266b58d09b3442ffbe1bd.sol,0.4.16,TokenERC20
0x411db93818dbd04d6a2bd46b8f4c4bd2e5f2fbc1.sol,0.5.0,PausableToken
0x415d809bacc2b89c428250cc75264fefae9dc8ae.sol,0.4.18,BCXTOKEN
0x416a66fefa7d91b7002576708190645775e7148a.sol,0.4.26,Trader
0x416efaad75ea7010ca1ce50297630d7f54cdcabd.sol,0.5.0,CompoundSaverFlashLoan
0x4170994b13bdf467a14b70976ebdda4e28765139.sol,0.4.19,EXU
0x417c5ec1E30D37f1d3D54A974E2F384e640046E5.sol,0.4.24,DandelionVoting
0x41820910519d0b45ef5a3df399005f2e9f98f951.sol,0.5.0,SafeMath
0x418975b174de41b4ace9734d00f0fa4efe5f279f.sol,0.5.1,Erc20TransferContract
0x418b138e75030dd8c690ee3a0f5904d070621d8e.sol,0.5.11,CryptoDaysStandart
0x419a058dca91d152d36c4c6888aafd3890ce7429.sol,0.5.11,EtherDie
0x419cc2f8fa040f4ced1ac2708b406212b0ec5290.sol,0.5.2,BountyPayout
0x41a6bfd5fc91b9822774d549674cc90512b3a54a.sol,0.5.0,BrandTokens
0x41acf485dbea7157498e2035cf4e3e728cb1aa71.sol,0.5.0,DefaultReserveInterestRateStrategy
0x41ce1fca000887044c9381b04c26909fcd7e586c.sol,0.5.0,USMT
0x41db5e244230e1e615b9302de56b06a1b152c436.sol,0.5.7,Pool
0x41e9fb94640bb8b3c766f1108ee102849fc2e358.sol,0.6.0,CRV
0x41f07be8fc32b9ec66041c225b32664437f2a896.sol,0.5.0,EgorasTokenSale
0x420eb07beff2e0d90236db7ebcbe1e52ac0a8e0c.sol,0.4.26,flashIt
0x421816cdfe2073945173c0c35799ec21261fb399.sol,0.5.16,EthToDaiTradeHelperV3
0x422b71c8881afd9d4cba9038df0e6e8f6be4f136.sol,0.4.25,JiufenSeasideP
0x4234f27fcec64c182eeea3f0421d837436df8195.sol,0.5.12,Prometheus
0x4252af67bbd8e20cdeca7e96011ec338833d8213.sol,0.5.11,CurveTradeHelperV1
0x42566cfefc853c232117eba4413e45782a72715d.sol,0.5.12,KriosToken
0x425963e06aff9cfba9c1a159bf8114a67ddcce4a.sol,0.5.11,DharmaSmartWalletImplementationV8Staging
0x425e539f5c7bba689a75ee8238fd8dcb7a82fb7b.sol,0.4.17,RABToken
0x427f6188B11c6c3Ec483cEeb44Afc99624557d66.sol,0.5.17,SmartContract
0x4281cd0885767e84d289cf05239c64ae6e81e569.sol,0.6.6,UniswapV2Router02
0x42A2Cf103c99660fBb881f00D779E2B0086b689F.sol,0.4.19,COIN
0x42ac02103b2804ca4af3dcd42babfa9ff46d88c0.sol,0.4.26,BitTime
0x42afc7798a18e7ce82aaa8965ac64b5662f954d0.sol,0.5.14,LexTokenFactory
0x42be87ab95032f26c2badccf32a7ec2f59431950.sol,0.6.0,BasicResolver
0x42c9b2908e40f1b8fd6447c35d268c0a79c063b4.sol,0.6.10,dYdXWrapper
0x42d8984bd347614579b3024820ed7a7f086d3f73.sol,0.6.0,CompoundSubscriptionsProxy
0x42dd9d44acb347bc628a364746d82dd27de40932.sol,0.5.17,TrueINR
0x42Dec4a0882756497DB9843a556a55dcd70b1995.sol,0.6.6,AccessControlledAggregator
0x42defc096a872a6cd9c50c6757422fcfc8ed4882.sol,0.4.24,UFragments
0x42ea07790394888473865edde8769be21163156e.sol,0.5.14,MemberDripDrop
0x42F21fBD1C8711b2EdD0853f98feD73E6A5d280D.sol,0.6.5,ZrxAdapter
0x42f527f50f16a103b6ccab48bccca214500c1021.sol,0.5.0,Ether
0x42f819b4cc736c89d00fb22971617ecd1f9ae0b1.sol,0.5,GTCRFactory
0x4301f78d8e8ce575ed58fbb28d51f0b18658c7ce.sol,0.5.0,HBDVToken
0x430589e576d0e1b830767574b176167db6086ebb.sol,0.5.16,UniswapV2Factory
0x430626f79ac4ecea6a4be20ad3d68965b36e0f31.sol,0.4.26,ConverterUpgrader
0x4311078b7d7afbfee7b5ba5cf00f557419f65e69.sol,0.5.0,BlockChainToken
0x43121397631551357EA511E62163B76e39D44852.sol,0.6.0,address_make_payable
0x43161a5e9d447a55f9ded00d7aa03fbfb4a6d2ab.sol,0.5.16,yVault
0x431bd1297a1c7664d599364a427a2d926a1f58ae.sol,0.5.0,Counters
0x4321a7ccea7d05e4d9bb4ff65716a107e0b5e00b.sol,0.5.11,CVS
0x43299c1debe09100deb8aa885de60d9be5e2071f.sol,0.5.10,MOGN
0x43373c89cd9a0850da64c94a0995f2214271dd3f.sol,0.5.10,_BlockProtocolToken
0x433e04b573d7c0b105586970e70e6ea612e7c4ce.sol,0.6.6,BaseWallet
0x4340b48b1a7a83a5b355ed4ce50559eeb8a91836.sol,0.4.24,BITCOINBAKE
0x43455433d54b71520adfe643b2333dc6899c53e4.sol,0.5.0,MCDFlashLoanTaker
0x43533cc6ac1286be6b9bca90114758b25d28f8a1.sol,0.5.16,PolkaCOINFinace
0x4357f5857357541272d331A32e753BA5C2bffc4B.sol,0.5.8,Token
0x435b67f0dcae34c046720de42fcdc135b8f90e55.sol,0.5.0,BistoxExhangeToken
0x436a5a792261d3d154f5d22879e2565981d03f6b.sol,0.6.8,Binar
0x437979364674d8165eb625b0611adf8dbe55de6c.sol,2,Core
0x4390080c2e047431ba67ceacb449ff2d019ff56e.sol,0.4.25,Exchange
0x439863d74dbdcc3f9c9deb51bc09002eaa81cbf6.sol,0.4.26,PremiumFeedPrices
0x43aaC7F1b47ff29d33DEC14DCAa7901D1Bb8C006.sol,0.5.12,DssSpell
0x43B45AD7a3b5FA684B8a8C9F84fA821fc16A2579.sol,0.4.24,BurnerToken
0x43bc1901bfe5f2244c7de107405321ea5ab38939.sol,0.5.0,CDaiForwarder
0x43c3983778ec88f0c383134e812c0c58a819add0.sol,0.5.16,TokenSoftToken
0x43cad9793fb8b72cadc63fd861bff2ddc9202892.sol,0.4.26,DCEP
0x43cb75be5ef49fd52adfaff0971f3479d037617c.sol,0.5.0,TokenGeyser
0x43cee9cc1d66338ee7adc2b786a46ffa2b2fdb3e.sol,0.6.0,ConnectBasic
0x43cfb95044642d65cca5a727bccf393307322128.sol,0.5.0,COMPfarming
0x43d63111a682c14e2eeed6523022ae8735c4f495.sol,0.4.15,MultiSigWallet
0x43d74a5a6e9db42123c8c7f8150b1f63a36e79da.sol,0.5.14,TokenFactory
0x43d99d54f14c64994fd9666beab6023b0069de20.sol,0.5.12,SafeMath
0x43eaa91b4222faa7222bce76dcb123fd6d280884.sol,,CompoundSubscriptionsProxy
0x43F19616c4D677771beE32c467c58621C9d67b3B.sol,0.5.0,Town
0x43f263e363c0c2e39033fcbd9982b78a42d43031.sol,0.5.2,HALE
0x4410c14eb981faca153b820b35080ec27194a11d.sol,0.5.16,BulkSenderProxy
0x4412468cd2f1677b0d1a8da26e329357b80dc8e5.sol,0.5.2,ZnrgToken
0x441e2c4eb49c00f835b9d2de1aa59f27b69f949f.sol,0.5.10,BytecoinBlack_ERC20
0x442510ba285d5390cb5385a91a380d4268e0b81c.sol,0.5.17,StrategyMStableSavingsTUSD
0x4425e0ced71bfb3c904f3eb5d1c4e7b314e35824.sol,0.5.15,IBTCToken
0x442cd37f95f8c17ab0b05753826406a643105c62.sol,0.5.0,VaultInfo
0x442e735978155ed54ab19201ec834bb519f60168.sol,0.4.21,BSX
0x44364591c6186c1eb01885e4e0501d1e223ef29a.sol,0.5.14,LexTokenFactory
0x4436e91ed4223c6b30ed23f96e9dfdd419e2e6cb.sol,0.5.0,StableAMM
0x4454af7c8bb9463203b66c816220d41ed7837f44.sol,0.5.12,GemJoin6
0x44585bbddd111dc642abb19947573dfa389a8d5b.sol,0.4.24,FucksToken
0x44597ba82e97285ffa199e0f101563f8f4e8f427.sol,0.6.0,Trabalho
0x445b774c012c5418d6d885f6cbfeb049a7fe6558.sol,0.5.8,Everest
0x44611f2f1e5fc866c06062f9ca8c2bd452d318e9.sol,0.6.0,InstaAccount
0x4464142736Cc3Fdb4568F660FE93DA16fE5e439C.sol,0.5.0,Lockup
0x447aca2591752311f66494c70bbc848f6b4f4dd1.sol,0.5.8,MkrResolver
0x44808fdf9556eaee88e13c75be0598c7e3eb482c.sol,0.5.0,PERLA
0x449c5c00ba3d28c9bed71c9022a1c227105f46ea.sol,0.4.26,EBitcoin
0x44A0Ad6e696820fA192a3dcf37d0cC55a45cBc38.sol,0.5.12,Cat
0x44a19177a4837cab0178747279bcecbebd6330f2.sol,0.5.0,Withdraw
0x44c099ca88cb2bb98a21658818ff28ef2680f3fb.sol,0.5.11,UltraSpace
0x44c23fb0d6f013b118c4d5267f8a676eefc90c24.sol,0.5.0,Token
0x44c30d0822d4d295b0a05fce2528e15857586c85.sol,0.5.7,PZMT_20_Plus
0x44d75419ca3681c5faa4b18ecfb2d078f5eb6fa8.sol,0.5.16,QRPal
0x44e2c5e4cc827116ccc9c2d858b18b8dc3e035f3.sol,0.5.0,SimpleToken
0x44e673d64b2d6834b7b44eb28a210dcc3777330f.sol,0.5.2,SimpleRestrictedFDTFactory
0x44efce81e036178770be3ee23675f13805442e37.sol,0.6.10,iCollateralVaultProxy
0x45045a31d43fe159077eae1f5acc4cc4adc35776.sol,0.5.6,XetherSicboLottery
0x4505f7ce9126acfe4f7d736ee56654a2fa782d6b.sol,0.5.0,NectarController
0x45088E0838D1d55491ebEa1b2648f6f5F378aaF1.sol,0.4.25,TRUSTGRID
0x451f8abd17bd1bf1a4bd343ab41486e571dfa81b.sol,0.5.11,ErazerToken
0x4525D2B71f7f018c9EBddFcD336852A85404e75B.sol,0.5.16,P1FundingOracle
0x453abb8b59e5609beb523d2459d4f16a548dfb4a.sol,0.5.7,GoldenCoinP
0x453F663003EDb45b8AABf06a4CA3081F6a4C9101.sol,0.4.23,TemplateCrowdsale
0x4557dd887abbb56f708e4e0addd0936b1eeeb3df.sol,0.5.13,AunicToken
0x45639d24d8E145Fe40e24A7a60cbC32D275f65b6.sol,0.4.24,DALK
0x456974df1042ba7a46fd49512a8778ac3b840a21.sol,0.5.0,Curve_ZapIn_General_V1_4
0x456ae45c0ce901e2e7c99c0718031cec0a7a59ff.sol,0.4.19,ERC20Token
0x4570355d7f40cfa95346bd54b376608ffa28506c.sol,0.5.14,lexDAI
0x4577940b7cb25d26a9d978d5cd7cea67e1a7c25a.sol,0.5.16,USDTv2
0x4581410009AbADAFB93b820a2F6Af7218c4cb720.sol,0.6.0,BasicResolver
0x458613226d24412bb0fdf1cf02bd5c5388a41dc7.sol,0.5.14,LexGrow
0x458d25123e0193838c887103fc1eb06fe14c7b4f.sol,0.5.0,CardERC20Wrapper
0x4599836c212CD988EAccc54C820Ee9261cdaAC71.sol,0.5.0,Cryptid
0x45a4c285bbe1ab8494ca92eac49b1484505601ba.sol,0.5.8,InstaMcdSave
0x45a59cf7985817036a500cb77707137af7a5b429.sol,0.5.11,DharmaDaiSummarizer
0x45ad2ecc645bea6f317825b339341b518954994d.sol,0.5.0,ERC20Distributor
0x45B7A724DaDb55fAe51319184Ad6e2323287959e.sol,0.4.25,SafeMath
0x45bB943f763411dedEcc6890657F94ED061b73C8.sol,0.5.16,P1MakerOracle
0x45c971eAB8941bA06E9F9E2E1D6C040A89225600.sol,0.5.0,MetricsFactory
0x45d0251bc82b0d383006ca536fc580db113eb4d7.sol,0.4.23,MainToken
0x45d53985ec681fe869ea0193c4103dc5f995b336.sol,0.5.16,chijin
0x45f24baeef268bb6d63aee5129015d69702bcdfa.sol,0.5.16,YFV
0x45f2ab0ca2116b2e1a70bf5e13293947b25d0272.sol,0.5.13,ROOT
0x45f415b29c3702bd314a3b0c3fa10bd0b1e7f613.sol,0.4.24,NETLINK
0x45f6e8aabe595ac6e7586c0872a4b5eb4663ce52.sol,0.5.17,StrategyBalancerMTA
0x45fe41a38747ebc258e1edab52cb099b44e18ebb.sol,0.5.11,CryptoDaysStandart
0x4607cde2730cd1389c665d02f5a7b09e680f9bdb.sol,0.6.7,EthPro
0x460c84f33f63f9ca1fb73d95fd508e4c9574e85c.sol,0.5.12,IntToken
0x460DE59c7768e7ff17939F01Cb84F965c4E88266.sol,0.6.6,AccessControlledAggregator
0x46161c679c55333c3156f55246c1eca7b568642b.sol,0.5.11,DharmaTransferFacilitatorV2Staging
0x46218adEDfe50a6e9c9334FD40419b5624A65594.sol,0.5.0,LockupStorage
0x465021f80c7ce7560d14c5bb3f96946ec7d27870.sol,0.5.0,Resolver
0x46547369b7694d31407c6990dc83510c9d14f0f2.sol,0.4.16,MyAdvancedToken
0x466001229309c76dcdebcba8685fa622608a1640.sol,0.5.1,Token
0x466115f92352898beff90187a1adbaae3f582de4.sol,0.5.0,SafeMath
0x467223c2ddb9c08cc4c8fdb83d9a89837aeba70b.sol,0.5.0,StandardToken
0x468642837f80a69facdcda83930022dd17374c1c.sol,0.5.16,UQ112x112
0x468ccb675dd868a6b89d124e696838cb8a3c2ed0.sol,0.4.25,TheParkSceneP
0x469b5fef2d3e83c51915505530fe432abc62d6f4.sol,0.5.7,CompImport
0x46bb139f23b01fef37cb95ae56274804bc3b3e86.sol,0.4.24,Aggregator
0x46bf7827d6d89f7dda700eff0e863bd0293612d6.sol,0.5.0,ReversibleICO
0x46c4e79ac9e39bcc1687c9b8f5167d235a80a74d.sol,0.5.15,UniswapDydxExchangeWrapper
0x46d52bace05457929e1cd84c9efcee0d2156555b.sol,0.6.0,SimpleWriteAccessController
0x46dac43ca95e316ef2124b1a4dd7806e93106c42.sol,0.5.7,LockDrop
0x46db11d5f887fa2c8e2466ff5a1c5dcb84bd6451.sol,0.5.0,CompoundLoanInfo
0x46ee4a41918413a877f6f4125a8771f63e258753.sol,0.5.16,SwapperFactory
0x46f4e420c75401494a39b70653f4bbb88ad2d728.sol,0.5.0,DeflationToken
0x46fbd2893da3e7f6811a138bf6214e75a7956c7f.sol,0.5.13,ScamAlert
0x46fca52c9510ae98392c3fb63839955bccf8ebad.sol,0.5.16,MLM_GCG_crowdfunding
0x4704697f1390d1d1d7c898094bba44b53e9fdec2.sol,0.5.0,TokenMintERC20Token
0x471b080effb2bc6fb33c8c6fe6ce1ab46f9f522b.sol,0.5.0,HashTimeLock
0x472c31697633daCd24C4674b4571d4A393d54870.sol,0.5.10,NEST_NodeSave
0x47380216253dc9d50fa9de32948c2d3aae00de2a.sol,0.4.23,SegestaToken
0x474956cf9fab3f5792d4ab86ad6d59db27748ec2.sol,0.5.0,Lockup
0x474b0b39f6558732c177dd459013a7ad1d6c55dc.sol,0.5.0,Tanzilcoin
0x474Dde66cE65a9279F070fd27b01ce1AbC80d5e2.sol,0.5.12,Token
0x4754c6c935de7861daf614cf9886e6d1538adfc6.sol,0.4.16,ZiTCOiN
0x475d10051a23f66552b0720f3f146900d3989753.sol,0.5.14,ETHDropFactory
0x475f1a89c1ed844a08e8f6c50a00228b5e59e4a9.sol,0.5.12,GemJoin
0x476ae277b5c5dc199F82C681989b8021fD9d8D50.sol,0.6.6,HegicPutOptions
0x477346300A354B06E5c91980bc81506a9eAA26d1.sol,0.5.0,Token
0x47809794073fcc29a03fa0d6d6ed39368edf3c44.sol,0.5.11,Fenix_Easy
0x478bd74b40715a91c81870dd5dfb9837e5d88853.sol,0.6.0,APOToken
0x47950243599abc758a01c04b4f13c8ffd0fc7266.sol,0.5.0,Grist
0x479c4e4fd7801c08438f2180cf724c6236013b28.sol,0.4.18,Token
0x47ac1f5127f6629bbe8bf88ee402bf027f8a7624.sol,0.4.25,RedAnbu
0x47b2223eb33ba465abd6d4f9f2883c0932bc4b20.sol,0.4.18,WTether
0x47bef29a73f5af37ed666f9bda9aae1c554fc163.sol,0.4.24,PLAT
0x47c4ae9cefb30afba85da9c2fcd3125480770d9b.sol,0.5.16,Certification
0x47d9d899bFb70CC53634e0Cd7eEa105217aD1649.sol,0.4.16,TokenERC20
0x47ed1c1f5eb13324af438ae004c62915532b1f10.sol,0.4.16,CreateCodeToken
0x47f0622de95ed6fc707ee8eecb967d79d84ce344.sol,0.5.8,CourtPresaleActivate
0x47f5fd811ef75c8f0823ef675401641eacf8d6a9.sol,0.6.2,LimitsDMAndCountryRestrictions
0x4800f49f1574394df0939ca78776bc898432851c.sol,0.5.11,SunMoonToken
0x48030c8236c20dc09c60b4c39d17afd3c2882e0d.sol,0.5.11,DharmaTradeReserveUpgradeBeaconController
0x4806bbe781dc11b5f8f45be532c32e85573bc13f.sol,0.5.0,VoteTimes
0x481b1a16e6675d33f8bbb3a6a58f5a9678649718.sol,0.5.11,DharmaTradeReserveUpgradeBeaconStaging
0x4834684cb1b52be205d17c7f46e01b7a2bf71b73.sol,0.5.0,Donavan
0x483fe5eda435ac9e718cc61a13595154c8b66518.sol,0.4.26,DEFi999
0x4845028d1f4392b42c7abf72f668f14f9916c122.sol,0.4.26,Trader
0x4846c6837ec670bbd1f5b485471c8f64ecb9c534.sol,0.6.12,Staking
0x484f804f80fb8dca7185da7ad62009ffdf07a933.sol,0.4.26,Trader
0x485be770a7a1c3bbf286a2136bd045cbf37b5317.sol,0.5.0,PostCert
0x486f9805f082e77a094a17a830cdf2ede00cef0e.sol,0.5.11,SetUserSigningKeyActionIDHelper
0x4875f222bc8bbdcc2466c1f7ed3c841128c77ccb.sol,0.4.24,ABCCoin
0x48778077c1d618699256a979cbd3324493552913.sol,0.5.0,MCDSaverFlashProxy
0x48783486ddD7fa85ECa6B0C4AE8920Bc25DfbcD7.sol,0.4.24,GoMoney2
0x487C3DBBEE2f67Dc8C6eB06Cee6f0Cc2501c58C7.sol,0.5.0,TokenMintERC20Token
0x4882279E0A7963429A42564E1469BC79202B296B.sol,0.6.0,ConnectCurveY
0x4882a9178f81921d0f035ddf2c6e5cc4d040ae7f.sol,0.6.6,DSSResolver
0x4885e94c05bac06cddd23fd7414578884d2691fe.sol,0.4.26,flashIt
0x48916a2b11fa7a895426eedf9acf2d70523b1677.sol,0.5.12,DssJanuary31Spell
0x489f666b5626a60c1f61cbeafda0905ac3eb2fd6.sol,0.4.13,UGF
0x48acc9ccee8b3581325fdf5171a997b02e95f781.sol,0.5.11,Microsponsors
0x48b553caa30178c346d517e593fa4469b7186aa1.sol,0.5.16,XFI
0x48d1986a5b96a06305aa21bd8fedd812126ccaf7.sol,0.5.8,InstaCompoundMigrate
0x48d24cbac004546bcd6bc233ab1529147c123857.sol,0.4.25,RateApprover
0x48d2d7bbdc7a7bcb74eb077d442724dc28fbba7d.sol,0.4.24,SafeMath
0x48d55f3D0DCD9f988b846b0C7B455Bb0b818D834.sol,0.4.26,Goeth
0x48d62a8137e73437df6e9715f82f292f0dad1b2a.sol,0.4.23,ATOmuCOIN
0x48dadf22FdFE3738f31087DA8C8b40dfB0F0019a.sol,0.4.11,UpgradeableToken
0x48db4a6838ecda59a355fa831a4bbbd5fea4aea2.sol,0.5.7,CompImport
0x48dcaa53d38792ff0c4f4353bcf7cd64718f7047.sol,0.5.1,uiux
0x48e687205d3962c43891b8cde5a4fe75fa6c8d7a.sol,0.6.0,AddressWhitelist
0x48e82e3b34057227e8185d60d7ad6a4f124f7ca1.sol,0.5.0,GasDiscountDeployer
0x48f2a1ace132e00757bb72c872059e2597b2f5c5.sol,0.6.5,LPCurveAssetAdapter
0x48fe6259a971b243cc16f16f4c22e55fd94a3a8a.sol,0.6.6,TransferHelper
0x49229c3902d49be6443e01c0251b02780397ab1a.sol,0.5.17,map
0x4922a015c4407f87432b179bb209e125432e4a2a.sol,0.5.2,TetherToken
0x4926865d7773504264f0c234851d159067ec7f12.sol,0.6.1,DappTokenMock
0x492a8d808fb1a7e713943a3becf86e9f63db1d11.sol,0.4.21,TianTianPool
0x492e5f3f01d20513fc0d53ca0215b6499faec8a0.sol,0.6.0,InstaUniswapV2Resolver
0x493bc72e7f6cac101fcdc3a4568b94ab270c3dce.sol,0.5.4,FixedSupplyToken
0x4948ec49695972806746264b0a4f9606ecbe9354.sol,0.5.0,MotherFuckingToken
0x494f240998de04c87a979303be8bb4152b477e31.sol,0.4.24,SAPToken
0x494f347fd736ac7cb9411e0c030c58939f6817da.sol,0.5.10,ProxyContractForBurn
0x4967fe74b03873c163281732a05aa4058fe11803.sol,0.4.24,NKCLM
0x4969B4EC3951dBC83bd1cb89323A03e39317Af27.sol,0.4.24,Life
0x49739039b72066bde4af3f5405afce843e7ff836.sol,0.4.26,UniswapTradeExample
0x497559ddecd57028990d6df58eff962b493829d8.sol,0.6.4,NameFilter
0x497c36d9e6e39b3abc339f856565029532fad63d.sol,0.5.10,Loans
0x4980729f4db4649d1575e8579079a3e4d30f37cd.sol,0.4.19,CBCToken
0x498c0cd51be543068287c2302ea0f67889ad13b3.sol,0.5.10,KarlBenzContract
0x498fe2cedf12e1c6ffcf875735ddab27c4005146.sol,0.4.24,TokenX
0x499346e4232c392253f6f74aab0ae1f57825105f.sol,0.5.0,yCurveExchange
0x49ac1450142b6a02fb4fab678d0961a5e39588cd.sol,0.5.0,Allocator
0x49bdb39a10e89cdeac430edf2d4e9da56f4bb7db.sol,0.5.1,afalos
0x49bdd8854481005bBa4aCEbaBF6e06cD5F6312e9.sol,0.6.6,KyberDao
0x49d743dc7f0aafda02a736ecdcce174e9cae6261.sol,0.4.25,LightningNetwork
0x49dad56e3f85b50b8926435f526a5941d33d62ae.sol,0.6.0,Interoperability
0x49f9d76642a88e09b9665b7b2efb47c298bdc27b.sol,0.5.16,PriceChecker
