0x08FaDac1e47e92c8C01D590147208bDA84594dB3.sol,0.5.12,Imports
0x08fc68b7e0d5bd5133949052a2f8e9d1a72bc596.sol,0.6.0,EtherReceiverMock
0x090559D8630Da8e87066ED6A30C86daa03386346.sol,0.5.0,King
0x09186cd35eb543a7644420eb097888700f710501.sol,0.5.0,GasSaverDeployerV1
0x091AC882E57b89e071c8B153be3Aab668A80303D.sol,0.5.0,Town
0x091d135528fe84130d40759238cc3fdb7ac3e876.sol,0.4.24,ACH
0x0936921033fa797ca46db4a06a977c346f181832.sol,0.4.24,DFS
0x0937d6d444d1df39e1411556e1d95b709b0b8ded.sol,0.5.12,RunDice
0x093bc4c8918522f09b4c2a31cf9ab2556de694c8.sol,0.5.14,LexTokenFactory
0x09403fd14510f8196f7879ef514827cd76960b5d.sol,0.5.16,PerpetualProxy
0x09426f3089496863fd07ac903c45a30bda4a27e5.sol,0.5.13,Axion
0x0946e36C2887025c389EF85Ea5f9150E0BEd4D69.sol,0.4.23,KOLVote
0x094b7737d0a3a5c6922e768725ca178c96bd323c.sol,0.5.0,CrowdSale
0x095925A67EDE4FE0D794f7797342528B98C7DA15.sol,0.5.10,P2WSH
0x095e1837cac538d5f08040b4f7d0f26d38d46dc3.sol,0.5.0,AllDropsOne
0x0962544cd22c60b8f648edffbdfae73e047c90a1.sol,0.5.8,InstaDydxImport
0x09626373d21e915387a29b80ff0082997f16d027.sol,0.4.26,Trader
0x097e8a763fa037d741740af72976259ea315fe3d.sol,0.5.3,DharmaSmartWalletImplementationV6
0x099bf5d2fe677476a84d986eaa92e8cb6c80eeb1.sol,0.5.16,TheMoonFinance
0x09a72eaa8a67e804df4a8a5c72625f93c3c0dc45.sol,0.5.0,Szechenyi
0x09a8f8cba6ffcebc57e4a0ab9110f6bb774b4c97.sol,0.5.11,DharmaDaiImplementationV0
0x09ab0089e07dec0ba71153cd818c44bd29562129.sol,0.4.25,MEYToken
0x09aE3312CAaA337c74E117F71A5D2a09eC77Ad79.sol,0.4.20,ERC20Token
0x09af99b655e39b0469782af86502694a1fbcf2be.sol,0.4.24,OxHKDToken
0x09b456e567f7b7b4e8ce80e2b69d76e4fed96bea.sol,0.4.26,Trader
0x09bf2b2b497f67560e15a8445f967d79c176ea86.sol,0.6.2,IdentityRegistryStorage
0x09c9653644cef86aea1b25718228a03c80ef683c.sol,0.5.17,MysticMoloch
0x09cc6b1d5dffa56e42cc374d451c4b3007e03cf8.sol,0.4.19,PoPAdminElectron
0x09cd826d4aba4088e1381a1957962c946520952d.sol,0.5.17,DharmaGasReserveStaging
0x09f6102ee4c007e96a23083a7f6db07075e67f64.sol,0.4.18,WrapConversionRate
0x09f7e85973c81f8df7668a3c187f6b1bed71a1b7.sol,0.5.13,FixedSupplyToken
0x0a04dee16983ac783115c797dbcca0744c76577f.sol,0.4.25,Token
0x0a202d2e821655c15ff4830445a155a9ee3d509c.sol,0.6.2,WhitelistedAggregatorProxy
0x0a2539a614E28ddDD02ebF396D2611B4f7d552FC.sol,0.6.6,AccessControlledAggregator
0x0A294e9B3Af4c3579ea6584F3e26914b2DAa72Ca.sol,0.5.8,MultiSigWalletWithTimelock
0x0a3aa27c785d424aa979a04df0d4b1546b0337b6.sol,0.5.0,CO2_Recycler
0x0A3ec7050884F00B5D9b11131De59DCed0fAFeDB.sol,0.6.6,AccessControlledAggregator
0x0a4938e03d6f7475b3789cae879f7a0369bc8e45.sol,0.6.8,FoxInvSplit
0x0a57ea1b0152858a4b07b1ee8548a86f49189256.sol,0.5.14,LexTokenFactory
0x0a5f3b7a25fe312dfb6b41fdb2a73108de13e337.sol,0.5.2,DSToken
0x0a6bb2770450f8bb7cc0b42ee859ac7f9177010d.sol,0.5.8,SplitSwap
0x0A6f0C541Be542c098B7Ee03C9C634f20BCf8422.sol,0.5.8,MerkleDrop
0x0a7008b38e7015f8c36a49eebc32513eca8801e5.sol,0.6.0,InstaMakerResolver
0x0a7493f31a23Ff79Eda30B12e6BA49f011B06e36.sol,0.6.0,ConnectMaker
0x0a87b2379637ebcd743fd5c23ff1c5731556ef84.sol,0.4.26,MONROE
0x0a8bb241c3026f7c0a02535aa05917c444073796.sol,0.4.25,CloisonneCansQD
0x0a9308e51504365675fbfaa59f236bdf20497d5c.sol,0.5.8,Jamiecoin
0x0a9be65f9d2c294d665f1d249179219a396dddfb.sol,0.4.25,Withdraw
0x0aaed3c6da9373b5075f39b66bfd1e564b31a6a7.sol,0.4.17,TetherToken
0x0ab09a24f79961a5da0bd81a9d7e37aeb2cbafa4.sol,0.5.7,CrowdsaleRambutan
0x0ab1618d0e8883345bf216004b61e90ff6319165.sol,0.4.23,SPT
0x0ab2851cf7bdd6309c8507ea5cc52e2ec3ece8dc.sol,0.5.16,Proxy
0x0aB346a16ceA1B1363b20430C414eAB7bC179324.sol,0.5.0,Sponsorships
0x0ab3c1e0ba8efa4422b0b26869583b596c2c96da.sol,0.5.17,OpenCourt
0x0ac7bD7Ae9d4eAbe2c50400cd9c1aF349deFf495.sol,0.5.12,DssSpell
0x0addedfee0e8a65c9a60067b9fe0f24af96da51d.sol,0.6.1,PEG
0x0addedfeedb9f23397fee42df51fc73cb6f2ceea.sol,0.5.11,PEG
0x0ae4bccf0167c8b70c96a64a3c1f9803241a722a.sol,0.5.0,yCurveExchange
0x0aecd42aa7b31c7d0195d85d1fa4d141a1e073ac.sol,0.4.23,LKCToken
0x0aed8ec79de38868c1070f0cbc33c4e670ca9b04.sol,0.5.0,SafeMath
0x0af22413307a8d42240d22cbca7236c91b49075c.sol,0.5.10,ShareholderCWT
0x0B082543Ef388d30a54cDF0A68b07422916855f3.sol,0.6.6,EACAggregatorProxy
0x0b1236c818898c397588e358c812277fa15ea61c.sol,0.5.0,TokenMintERC777Token
0x0b15e9fe6a4c83573502d75a2743f9aca1d04945.sol,0.4.26,flashIt
0x0b250cf4599e8c277b39527b6c995d2afe87135e.sol,0.4.25,AUTOPOH
0x0b2d2b5e550f77ee125d3898ead74331ccf1da76.sol,0.5.11,EtherDie
0x0b3761b97c21a2e6dd9beb2b4c691bee68e8a1fa.sol,0.6.6,DemaxBallotFactory
0x0b3a94b47e35a5feeec974034a98482f9f929a1b.sol,0.5.11,CheckReserveSplit
0x0b4D742d52EE0C4391439f80822B26fDF1ad6Ee7.sol,0.4.24,DAOFactory
0x0b71bb83d2814633f7dfeb9cb5c4c2e63be215ed.sol,0.5.0,MessageBus
0x0b79d476dac963bf4d342233ab129ab833077627.sol,0.5.10,ModeneroDb
0x0b7ce605b3f485c1b78653f4051ec667b1ab0c5d.sol,0.5.7,CompImport
0x0b7d947978290fe4fb7e3cd0ec590c56b065299c.sol,0.5.16,OnitContract
0x0b7f3582bdA7275B10E2c39f494b1De78Bc002e6.sol,0.5.17,ProxyERC20
0x0b837386dc303f54c7ca687be52034ba35aa40f5.sol,0.4.25,HEX_Gold_Classic
0x0b92d017039be6c73386b117dac5953d074795e7.sol,0.6.0,MigrateProxy
0x0B96eDCBF6C4a96b672034F12BAdF098de6eA26C.sol,0.4.23,MainToken
0x0baaa0a55db50b1b3b0de82a4dc097b321fe9f7d.sol,0.5.12,DaiJoin
0x0bb4f50d431942986941a68721fe8b8f0b9fe051.sol,0.5.14,DoubleHands
0x0bb7db697567178c590efa64a7dcb2ce6213768c.sol,0.6.0,Camouflage
0x0bb8286ae679348402cdf13329e9d211ee795c55.sol,0.4.24,BFDX_LEO_D
0x0bb9196a14403d9494bd2464cd78714bfc54a4e6.sol,0.4.18,NEWToken
0x0bbad30a2c895e6e14f9735dc481fd37da797920.sol,0.6.6,UFragments
0x0bc529c00c6401aef6d220be8c6ea1667f6ad93e.sol,0.5.16,YFI
0x0bd17f5ef335fe2478f22e7b354d392294a9d828.sol,0.5.17,TermsOfService
0x0be2ea1062e62632edb47772b8970ada04acd387.sol,0.4.24,FairWin
0x0c000CfF69BF683Ef84b9fC7634E19606f402823.sol,0.5.0,CollateralReserveInterestRateStrategy
0x0c07d664d645849f537a6376848a22b39a73f080.sol,0.5.10,RampInstantTokenPool
0x0c17fda052f0d0f1530fcecb71525ef607a4d1e2.sol,0.5.0,MetricsFactory
0x0c1f5107ad9dc9e4125f3af94f5c93dbadce99dd.sol,0.4.24,Egold
0x0c24c236f169e7c832909d1c226a5cd20e858322.sol,0.5.0,Voting
0x0c2c119843276882b98773cb7791c29ca3c660b5.sol,0.5.13,CASHBACK
0x0c2cb8a4fe69b6507720d7668c965639e0fb6ff6.sol,0.5.8,Inbest
0x0c2dcf13ba0fc7a1bcd235d3f9037aa0ab7c43cd.sol,0.4.24,ECOINV
0x0c2e3bbc4646c872a3F5A745D2902aFFda82C58a.sol,0.4.25,FlashXCoin
0x0c3f8df27e1a00b47653fde878d68d35f00714c0.sol,0.5.8,WhitePaperInterestRateModel
0x0c473428f2b58ebcde4e76e6019501d01c7c2f24.sol,0.4.25,IntervalIterator
0x0C4892Ce724698205a03AE8167436Bb39d5E4D9B.sol,0.5.8,Token
0x0c55c364d30be315c44c8b911d769c9530016937.sol,0.5.7,Spas157Coin
0x0c5739865ba70b1d2722720e3bdfdd36632cac8a.sol,0.4.18,BCXCOIN
0x0c65c147aaf2dbd5109ba74e36f730d081489b5b.sol,0.5.0,UnderlyingTokenValuatorImplV4
0x0c6b695cc5e6c9202b2957a2be0a44351d2abea9.sol,0.4.18,TokenRegistry
0x0c74f22130c985fa02e7105d6095fb782e9eb08c.sol,0.4.25,Exchange
0x0c7D5ae016f806603CB1782bEa29AC69471CAb9c.sol,0.6.0,ERC20
0x0c93b616933b0cd03b201b29cd8a22681dd9e0d9.sol,0.4.25,HGOLD
0x0C9e046e22a04Ce91B6036F3f7496A4FbD827260.sol,0.5.7,AbsDAO
0x0ca0d1d286bcd99d8c48b3ac71269b793b45dab3.sol,0.4.18,AQUA
0x0ca20940fa860e7959ee946ecde5a541cdf19d54.sol,0.5.0,StableAMM
0x0Cb46B9595678b2C4331274d8904803E48A9430f.sol,0.6.0,InstaAaveResolver
0x0cb6f0a13f25afb4adef19736a7eb338dc52333e.sol,0.5.16,TotlePrimaryUtils
0x0cba6362faB37698738715823c840984F410f670.sol,0.5.16,SwapperFactory
0x0Cc709CFE5B7818D3D374Fb86244ba5a1A1Daaa1.sol,0.6.6,HegicPutOptions
0x0ccb37c2a1262500eea0689a6f1248a5a0c45b17.sol,0.4.16,COVID19Token
0x0ccf221b86b941fc92a39e35ac146e3effea07b5.sol,0.5.11,DharmaSmartWalletImplementationV4
0x0cd07a9953c5f77990280bce10b1c82529960fa2.sol,0.6.4,DyDxAssetAdapter
0x0cd57d43cc275cec1a2660ca145e87c664e4748e.sol,0.5.1,ApClyde_token
0x0cD87747CbE5aA0462E58b4645d74DDDC6B1983d.sol,0.5.16,DepsUtils
0x0ce9a40746e404f31e49ae6269fc1ab550dc815d.sol,0.5.0,Discount
0x0cf02a00d6c89f1af9a7de8bfa8380cf78eb26fd.sol,0.5.11,CL
0x0cf067e39ea05a451487650d2ef3cf8ebbf6b960.sol,0.4.26,UniswapTradeExample
0x0cfec3b9516e22b63dac89926b84ba2ae31895ba.sol,,HKDOLLARSTABLECOIN
0x0d0394e57d5b9f6e02dbf317030a3d3c28c13823.sol,0.4.25,DeFiEtherFund
0x0D05716BEE41A480583CdAD45e4Ce6b0C8e008Ce.sol,0.4.21,CocolaToken
0x0d1ba07d3eb0ae02999a4dec7b71ddd7b9e0431d.sol,0.5.13,Staking
0x0D255d76348D497790761E2F532fd1869Cb74eE1.sol,0.4.23,MainToken
0x0d26363a3a78315f440a91ea4af7838d21bd08be.sol,0.5.17,YearnRewards
0x0d2bb9d68dd4451a09ec94c05e20bd395022bd8e.sol,0.4.18,CRYPTOBUCKS
0x0d438f3b5175bebc262bf23753c1e53d03432bde.sol,0.5.17,wNXM
0x0d44b84032feec4326f1ebe03194c5cc11038c22.sol,0.5.16,XTINVESTING
0x0d4cd2c24a4c9cd31fcf0d3c4682d234d9f94be4.sol,0.5.16,StakingRewards
0x0d50fbf0774339417ac43427b238897352a31ff1.sol,0.5.10,MedianBTCRUB
0x0d54d0f1c1f5fe7a525713b85f36de8fb6014046.sol,0.5.12,AuthereumProxyFactory
0x0d5ec207d7b29525cc25963347903958c98a66d3.sol,0.5.0,CompoundSaverFlashLoan
0x0d69755e12107695e544842bf7f61d9193f09a54.sol,0.5.16,SynthSummaryUtil
0x0d6be86059bd7aeb31ddcd04e0488353c6752d5e.sol,0.6.0,FOMOPOOL
0x0d732E6b3d0D32887f3d65fFA0aC50444A501306.sol,0.5.0,SkyToken
0x0d79fd7448046bbb1d5ef0424667f4298c6fb884.sol,0.4.26,CPEXToken
0x0d821fd932bb054da9ddc73008e217eb5a0506ce.sol,0.4.26,KobeBadge
0x0d92a9798558aD0A9Fe63F94E0e007C899316c14.sol,0.5.0,SafeMath
0x0d92BFe502B38fDc1f3eB019EA9998Ff44818CCC.sol,0.6.0,BasicResolver
0x0d932921814b416b9170390669b63fc5c50cebf9.sol,0.5.17,Burn
0x0d9f987eef64adca538b569bd446ff9be30b9580.sol,0.4.16,TokenERC20
0x0daea70a07883ddc4a0d9ecf7bcf550f92e9cda6.sol,0.5.0,APRWithPoolOracle
0x0db084f8ba9bc1176fd9b43e664072ad660bc61a.sol,0.5.0,AaveLiquidate
0x0db48625082ac890fc1da425dab91d31754a9da4.sol,0.5.0,ERC20
0x0dcab3aaa2c8b251a50eb4eb6002f6ae51598aaa.sol,0.5.17,LexTokenFactory
0x0dd491854a19ba0e48d824eb179026463e218790.sol,0.6.8,Lionshare
0x0ddfbd0c3712ee4bef3af90efc5ffae6c757bfe3.sol,0.4.25,IUSDT
0x0de2a05c8a3f25651c7fe0fdad821aeec916f7fa.sol,0.4.18,WrapConversionRate
0x0de67f5f78871082489c0c44a8c17e117b3d212c.sol,0.4.22,SafeMath
0x0E16923571c50a48B4F9b3B8319606ef8D6106ae.sol,0.4.25,online_wallet
0x0e16e0d6215823be2438fab764307ff7d4d7cb3e.sol,0.6.6,UniswapV2PriceOracle
0x0e17cb7bf27d06614c06f882b2d492c9403cc7a6.sol,0.4.25,Testnet
0x0e26b2dc8ef577baf50891eac94f0def59b5da16.sol,0.5.16,EthexLoto
0x0e29e5abbb5fd88e28b2d355774e73bd47de3bcd.sol,0.5.16,Hakka
0x0e2EF074C1a772f93D57E199d3570daB67a37BF2.sol,0.4.23,KOLFund
0x0e3abf45855fbaa1afcc3b33cf08b3915bdcda96.sol,0.4.18,Rainbow
0x0e3d1baadd3842f86558abce38348c377bf1f352.sol,0.4.26,ERC20Utilities
0x0e3f6315c57d300a33b16b566b4fc95404f895ba.sol,0.4.26,YSM
0x0e414d014a77971f4eaa22ab58e6d84d16ea838e.sol,0.5.12,RealitioProxy
0x0e46a64b037e67eeeda2f0a9c939b0c39af08fb5.sol,0.4.24,ARFONE
0x0E573FDd3c5acf3A74F1775b0F9823a1a0E2B86B.sol,0.5.13,XBullionToken
0x0e5ad274d1fc232555286246be0bad3affb2f4cc.sol,0.5.1,BOMBFINANCE
0x0e605600f9b4b6762498c941fee0b32976cb5e9b.sol,,EUROSTABLECOIN
0x0e6ef0dd5e8fbf52e02e31dd40000ff290d4e4e9.sol,0.5.0,FlashTokenDyDx
0x0e8c6F144e0327F4FfC38277B2Fd8C5A7C5476e3.sol,0.5.5,GunFactory
0x0e9a0fe317da6c0ca0e1600704fea16211dc2c06.sol,0.4.24,BeardCoin
0x0eADd31db1D0f367a54Eff9E4c76bEB4f121E729.sol,0.5.0,Town
0x0eb43ce1708f415dfb1734a3f69a89403011a4c1.sol,0.5.10,ZTokens_ERC20
0x0ebacec7645b488ee477eee35902a42482e548a5.sol,0.6.0,CompoundSubscriptionsProxy
0x0EbDB778b88D73B2C513B53849724d8F30363Cc2.sol,0.5.8,UniswapWrapper
0x0ebe1a9cbf4e27d507a5f1b51cc308b727d956c6.sol,0.6.10,TradeReserveEtherReceiver
0x0ebf6382f828255a565bf2c61938fa49cb3b922e.sol,0.5.16,Ribera
0x0eda49f22f70a34b4c190ffddae22995ad6237f1.sol,0.4.16,Register
0x0ede3f2e140c5ff535eb38da975cc71862d4a35c.sol,0.4.17,DBUBPoints
0x0eed488853d116944e0c07dfdabe8dfee12061a1.sol,0.5.14,$USDAI
0x0eef70ab0638a763acb5178dd3c62e49767fd940.sol,0.5.0,TokenGeyser
0x0eF3b2024ae079e6dBC2b37435cE30d2731F0101.sol,0.4.23,MainToken
0x0efb068354c10c070ddd64a0e8eaf8f054df7e26.sol,0.5.11,DharmaTradeReserve
0x0efbd54c0aac9bc939a159e09f6713d941bb4a57.sol,0.6.5,BancorTokenAdapter
0x0efbee61adbc1fcbb483e11440710db4b4e6902b.sol,0.4.18,TokenMultiSearch
0x0f13c2946b4ee4e185ac0d5fdd4335295d0b08d7.sol,0.5.17,StrategyDForceUSDC
0x0f1b2a4b049e69e651d9651072a5d6e44a030ae4.sol,0.5.11,EasyPool
0x0f1e33a36fa6a33ea01460f04c6d8f1fac2186e3.sol,0.5.0,CompoundBasicProxy
0x0f2E4a70D3a0392F59E5fe4Fd778ef1155E7702F.sol,0.4.24,EcnToken
0x0f33564f9a24923c93beaa8aa8b11f3d0a1760fc.sol,0.5.11,TokenSwap
0x0f398a2daaa134621e4b687fccfee4ce47599cc1.sol,0.5.12,Flipper
0x0f449ce32456fbd823b7ac5d162826cd34c48784.sol,0.5.12,DssSpell
0x0f4A3F5D838211e9658D6F9bfF5B177a090B9876.sol,0.4.24,ETHLimited
0x0F57f7Fd130762B7aBb2118761C31E6fFB4A89eA.sol,0.4.19,YJYToken
0x0f5eb292ae3822f13b1479e37ffe3fff795d220a.sol,0.6.0,InstaCompoundResolver
0x0f6a47a1b9a16b7ab16a39d94c14b06f3e2c66a3.sol,0.6.0,INSICE
0x0f7ad062479bc90934a23aa6ba75a72aadf4c349.sol,0.5.0,CompoundSaverProxy
0x0f7F961648aE6Db43C75663aC7E5414Eb79b5704.sol,0.5.3,BOMBXToken
0x0f834cbb9c7f8e1ddb6c415e00f91a991adb587e.sol,0.5.8,Eth2daiDirect
0x0f8cb02ea4535796f40f2497c8165ecfe91c1a11.sol,0.4.15,MultiSigWallet
0x0f9be3f5f6f68bed70b65d8e7a9644f081c719cc.sol,0.5.0,yCurveZapv1
0x0fbb80c8e0b77e7522a5dbcf9f5e3fe6892844bc.sol,0.4.22,RANATOKEN
0x0fbfbc1929052f0119439ca1e8184b9ddedbe1e7.sol,0.4.26,Simple_Options
0x0fcda6f268d0c09cdfffe6bceac5233ac2367889.sol,0.5.16,yVault
0x0Fd0Ac01AA46178F37f2848ed201b6Dc92B77494.sol,0.6.5,CurveTokenAdapter
0x0fd1021a603b347bfafdf028b56b993ca652c034.sol,0.5.16,BinaryOptionMarket
0x0fd43c8fabe26d70dfa4c8b6fa680db39f147460.sol,0.5.0,ViewCallGasLimit
0x0fda41fd05cdd7e0482590cce00a7c0aae5e7244.sol,0.5.0,MCDCloseFlashLoan
0x0fe124A7666F63ba8E0A460c64E3bf739bC259d8.sol,0.6.10,TrueCAD
0x0fe4f2398fc9d1186398461dff126130bef11a6e.sol,0.5.0,Counters
0x0fe9f4baec06f1c287f7f6c5f7e65a66c135b809.sol,0.5.0,Staking
0x0ff21bd630103f1bc22c47040ba0a00b63941d7b.sol,0.6.1,DepositChecker
0x0ff619128a6661a4d766cdd853fb3c3657940081.sol,0.5.11,DssProxyActionsLiq
0x0fface3faadd46fdbbc8ed9b8626168475d9c2a1.sol,0.5.0,Antifascisttoken
0x0fff6438a6f75bed346c05743eb299d7ea280020.sol,0.5.1,BOMB
0x10096f63bae5de8b3c0fe597a2e33bac477361c8.sol,0.4.26,PremiumFeedPrices
0x100f3f3d01f48b643574eca0d12258f5c5bcfa9f.sol,0.6.6,TokenNetwork
0x101D8b63A081dFfF2B1364864345b7F071b052ac.sol,0.5.10,SuperMan 
0x101dd6f1f5e396f6ab87407df637cce814e24a9f.sol,0.5.17,TendiesFarm
0x101dfbd91120aae48fc6e8d007cfec5ac4953dbd.sol,0.5.0,yCurveZapSwapV4
0x103675510a219bd84CE91d1bcb82Ca194D665a09.sol,0.5.4,TransferManager
0x1041e9267f46193a2a0de511c4eac47da5201f43.sol,0.5.7,CompImport
0x104312cfa88b77304127f8033e4efa926ac5dacf.sol,0.4.25,tissueBeta
0x1043bcef83f3575ac0b2360f6f20c2aa86fa4cf8.sol,0.5.10,DispenserAdapter
0x104a479d2D0BD0b9beF6C6AFC9d248cB2aA58F72.sol,0.5.13,FractionalExponents
0x1052382f04f1f20c277ee4c328777ee314b3c238.sol,0.4.26,UniswapTradeExample
0x1058368ca5fdaa770b5e86a19ec484feb046c3aa.sol,0.4.22,EDUBLOCTOKEN
0x105864c320d2F7DbCF849A17D018B34df84D50cf.sol,0.5.9,TokenSwap
0x10633216e7e8281e33c86f02bf8e565a635d9770.sol,0.5.9,Dvision
0x1064ab99dfe2562449a5f54f71415327c2b1e95a.sol,0.4.18,Token
0x10819fae72282b9a594e34c647a7bc446ef4ad2e.sol,0.4.26,CryptoFun
0x108be4b0666eebcf327cca3d374a8a6a0e7ce5e0.sol,0.5.10,BCHPleaseDb
0x10a468375862b96ef6b70b337ccd839f4b816c74.sol,0.5.0,SafeMath
0x10bFdCc77E998Eb849a18c79b880F8b9BE06Ad83.sol,0.5.16,ContractRegistry
0x10c4827cfb13218417d0eaa1f0ada9cdb436ca8f.sol,0.5.11,DharmaTransferFacilitatorV1Staging
0x10d62d4d84c55d93d697097718dfbd929344ae57.sol,0.5.0,chaiBatch
0x10d6b05df2cf388f97c65ae1442b7736687a2603.sol,0.5.16,UQ112x112
0x10ffC65951D25698C40fD9cE2EAC2b147Dc3e46e.sol,0.4.23,BiForst
0x1101c52fc25dc6d2691cec4b06569cef3c83933c.sol,0.5.12,OracleFactory
0x11105d1fbc4c8ad6f0280a0b52b8091232fb7363.sol,0.5.13,Blagada
0x1116f76d5717003ba2cf2bf80a8789bf8fd1b1b6.sol,0.4.24,Aggregator
0x112157162bc4b655bbaf3a0b61423d205a3a5e58.sol,0.4.19,GRV
0x11218d13c92cfac1fda041eca844215662a7d96d.sol,0.4.26,TokenERC20
0x115e29615d1c10c8ddf826e4faec64ef6c1e3357.sol,0.4.18,CapitalCoin
0x116b7f564c3ee5ef1d3b84e3c88995ff48e618fc.sol,0.5.17,DharmaTradeReserveV12Implementation
0x1173641d697e03d63d44f4b508ad8010c67b9a11.sol,0.4.24,MKBC
0x1176087b46fd1c99f2bb24c40b4be89334566089.sol,0.5.0,SuperSaverZapV2
0x11828658b710a4bfa896779f8b43ec3c7e851a79.sol,0.5.0,SmartexUID
0x119a40a87f9237c2134036d378138fcf8fc38585.sol,0.4.17,PZSHToken
0x11a2ab94ade17e96197c78f9d5f057332a19a0b9.sol,0.6.6,Orbicular
0x11aab899d51f9387f2a6eef9238951da7a0c340e.sol,0.6.7,FastMatrix
0x11cbb069aa7f8fbf00c62206d1239e11dc62624e.sol,0.4.16,TokenERC20
0x11d147e8d39F59aF00e159C4b1fe3a31D58A2C66.sol,0.5.11,WHIVE
0x11d58130243604301a74394871709102a88ff655.sol,0.6.0,ConnectCurve
