0x8aaa0d145376ca595364a0ae6d2838ab9677c761.sol,0.5.0,MCDCloseFlashLoan
0x8ab56ff1b4df734f7eb0d950bd35b290c3449362.sol,0.4.18,fmlink
0x8abeb9cbe15a298393587ab60496a5cf6b67a128.sol,0.4.26,THB
0x8acc491aac833992fbc49e974428d33f316e00bd.sol,0.5.12,DefswapFactory
0x8ad1d727b1eb02910eba0f0d5626bb8d8e06051f.sol,0.6.4,PoolTogetherAdapter
0x8af6e56cc0fdcffe5e7242b18e2ca696a7c7b0a1.sol,0.5.2,SwapRegistryMigration
0x8af8aD861337456375604d482D9B9594540C7611.sol,0.6.0,InstaMakerMcdResolver
0x8b028e2fad2dc99999fb784ca9d7267981c90b4d.sol,0.5.11,DharmaTradeReserve
0x8b09300d2898c968f6cdd406bf21d5137cd6b5a3.sol,0.4.25,ReleasableToken
0x8b09f60961201ca06f6a4c42326b9cb5e021424a.sol,0.4.25,Gaxthereum622
0x8b12739df8760a67e79afbe0cd8cf113c009f411.sol,0.4.21,WJLToken
0x8b24741b56cb661b01e64a60dacf46efb0c07ccd.sol,0.4.23,AMFToken
0x8b342d2de85cd4f6e206e7b8d777029c13ec213f.sol,0.5.7,Gana
0x8b4bb59b3539642c1272a535f5646f97d922aac6.sol,0.5.2,BountyPayout
0x8b5e3cb43bcc54ff2c9e1f0d41869196309b1f70.sol,0.5.11,BullrunNetwork
0x8b62c02091fe06ae3454d3c12921b32611ba5501.sol,0.6.5,AaveAssetAdapter
0x8b64d94d42fa3c05dc8579ae9ba788e0cb35d999.sol,0.5.12,KyberSwapDapp
0x8b68424c160956c20528cff8865afd2451ffab99.sol,0.5.0,Lockup
0x8b6ffa00ee9b71fe5687e3fdedd96380c3f1caf4.sol,0.5.0,KTYtoken
0x8b799f3da4e7971a676fb616ace798f71d49cea7.sol,0.5.2,IMO99
0x8b79d1a101e1e823ceebd5f71895604785435e36.sol,0.5.0,SaverProxy
0x8b847669b2e5dd5101736e41da8ec38653065aeb.sol,0.5.0,Huptex_BurnV1_0_1
0x8b861797b3b67b8017ad7f251afff9bcf492110e.sol,0.5.2,lexDAOetherEscrowFactory
0x8b866c709bf85303abf9fb9082475c31aaf02ea5.sol,0.5.7,ETHGain
0x8B8a8A91d7b8EC2E6ab37Ed8FFbAcEE062C6F3C7.sol,0.4.25,EpayCoin
0x8B8ADD5d4c112fB6313749C22dE40Bfa9DAc1d47.sol,0.5.0,CardERC20Wrapper
0x8B90515C7a99b7Edd97702c04d1E3666281De1B0.sol,0.5.16,P1FundingOracle
0x8b98df4dff429e64e9a56fc6eebe2380c6c3409c.sol,0.5.7,Token
0x8ba56ad0e17ef0bb39c52d2c313fc328dbf3a789.sol,0.5.0,KyberAdapter
0x8bb8862e8cd17aa895516a78c39147576de7c14d.sol,0.4.24,MockAmpleforth
0x8bce0ae2d8f4560b06011aea6239c9e036fa3074.sol,0.4.24,CIN
0x8bd340320af90df3b66043887a57059bb856da5b.sol,0.5.2,MxnToken
0x8bD3feF1abb94E6587fCC2C5Cb0931099D0893A0.sol,0.6.6,AccessControlledAggregator
0x8bd61eec0319c2c6ab364bf7a8a5079be225f343.sol,0.5.0,ERC20
0x8be077228F4e8977a2366653a75C0eB3d68D86b3.sol,0.5.10,Collateral
0x8be0ec59cf66324d062e8dec33788ce77f1d72bc.sol,0.4.18,Token
0x8Be12dD9Cd9f104BF996C0166ac1Ed6f54A62523.sol,0.4.24,GMC
0x8be2701357a39b0ce77a27f38c951b0aa4810996.sol,0.5.0,CompoundSaverProxy
0x8bebbb12e26cb8327ac30b4f778cdc6d957881cb.sol,0.5.0,CSMXToken
0x8becf990c7fd45e70253a129f5473e6235086c9c.sol,0.4.24,BookSharePlatform
0x8Bf592fD4217F064327D1db45a58C66f6D297584.sol,0.5.0,Automaton
0x8bfa5470f314f1a99c3ddb67e5bdc9b12e700c44.sol,0.5.7,CompImport
0x8bfbdba9349a092d728188171089397da516b7bb.sol,0.4.16,HOT
0x8c159e3450526c96b32830a75ffa022c892ced2d.sol,0.5.0,ExpTokenProxy
0x8c1901c031cdf42a846c0c422a3b5a2c943f4944.sol,0.5.0,Federation
0x8c2c8b49a74d3d9d513df995bd0131e543c5ea63.sol,0.4.25,SafeMath
0x8c530a698b6e83d562db09079bc458d4dad4e6c5.sol,0.5.0,ERC1155Sale
0x8c53cfb77a47db60d0f325c5e54081e540808786.sol,0.5.14,Bidder
0x8c7045f4216d317ec4b346044e6c5b6235b7aca4.sol,0.5.16,FOXBET
0x8C7a85EDc740179e66b3e667533915cf6262aC5D.sol,0.5.0,SafeMath
0x8c84eb589a8416c6336f77f3ee20cdb38d01e6df.sol,0.5.5,ITerraNickNameERC721
0x8c9e4cf756b9d01d791b95bc2d0913ef2bf03784.sol,0.5.10,Inflationary
0x8cb0a2e296249e2c1b2a971bf5514904d6a36108.sol,0.4.26,GiftOfCompound
0x8cb0ded2db088affec4528eef46f4f96fecb05ea.sol,0.5.17,LexToken
0x8cb19db59a3f4574c3b0dc15239a37a95be26ef6.sol,0.5.0,CurveFlash
0x8cbb038470623ee1af2e6a4c14d9fa489afa592b.sol,0.4.26,ODS_Coin
0x8cbfa3b1e4d0668e5fd39edec8d758e155283432.sol,0.5.10,Tao
0x8cc1cfdc1c60c19a1d7c0fa3c042a4916aa79a51.sol,0.5.0,Deployer
0x8cDE021F0BfA5f82610e8cE46493cF66AC04Af53.sol,0.6.6,AccessControlledAggregator
0x8cde22e3fceb6c24a1de578a698d996e62139232.sol,0.6.6,LockTokens
0x8ce5256f14a432579f7ee608a61761e1c4af7d93.sol,0.4.26,KNZV
0x8ce837d6e4da96a25c3b2cc4c27a5e6813dd95f2.sol,0.5.17,LexTokenLite
0x8cede32bbbce5854992e151fe215f2887e522553.sol,0.5.9,TLDR
0x8cf15c200bb057dbbbb4b270b95769dff641ee92.sol,0.4.18,cartesiToken
0x8cf60f8b36b4a3ca878f4ad1f836fdd5071f7fc7.sol,0.5.0,CompoundLoanInfo
0x8d0287AFa7755BB5f2eFe686AA8d4F0A7BC4AE7F.sol,0.6.0,InstaOneMapping
0x8d088dF80A9Ee4Fbe8841273466FAC9BC661e2FC.sol,0.6.4,IdleAdapter
0x8d0E5CA0E0427743442b8c1b358C78AD4A736698.sol,0.5.2,Merkle
0x8d25a8a8d189640b56fc9ec1e70b4bb982c3cef2.sol,0.5.8,InstaCompRead
0x8d2ac4c62ac912c949022c2acb6b532816d1cf51.sol,0.5.0,Bitcom
0x8d3b67372d7c1d9682e33cd7e75330d42f416ab5.sol,0.5.16,QRPal
0x8d3b76f7ea12b779c770a6e8d440407e73bed927.sol,0.5.17,DharmaSmartWalletImplementationV11Staging
0x8d3d262fb1139d5d55d9ccbe7fff5fc45f242184.sol,0.5.0,BrandedToken
0x8d3f3568f21643cdf80a235388a334b368597ece.sol,0.5.12,IPO
0x8d4193fb3871c43c442ea17c6d9bb33d0644e81d.sol,0.5.2,ULTRA
0x8D67753914a94f84947B1AC0AD4Ae66B23494E96.sol,0.5.2,EticaRelease
0x8d6d12062af28936800e2b8193cfaf9805e0d0ff.sol,0.4.23,DigitalRhodiumDRh45
0x8d6f9a1141821e8ef3a0fceffe6e912def66ef3e.sol,0.5.12,Token
0x8d74b206f01347539b57cceaaa37f08ceef1941a.sol,0.5.7,SimpleERC20Token
0x8d754ac238836b88b1913ea42fb52264f90cc714.sol,0.5.16,StrategyBalancerMTA
0x8d7f62f76adeaf5b3013bd0de09a11c7dc91f15c.sol,0.5.14,$RCLETermsOfService
0x8d94296e7e171a98b199eca7f511311dde6a8db6.sol,0.4.16,ERC20SQX
0x8D9b51d2feb201fCD39BE4fC905Ac7ad0d14A992.sol,0.4.24,DrkToken
0x8dc4ed70ecc7ad8c97244d1e2c585f33dacda75b.sol,0.4.12,MultiSigWallet
0x8dc6ed015579167d181e86ae9c324943c7360d7f.sol,0.4.26,XanPool
0x8DE955C3715f6Eb227f1A42E028Bc8f088C5569a.sol,0.5.17,OTToken
0x8DEcc97558329A4653b3Feca8c77E77E621AAFD5.sol,0.4.24,TimeLock
0x8dfbd5a431fdddef40366be9ec729152837e4253.sol,0.5.12,ERC20Wrapper
0x8dfeb86c7c962577ded19ab2050ac78654fea9f7.sol,0.4.26,BancorNetwork
0x8e039acad407806819edb9676d25e554dd0a1160.sol,0.4.23,CoinHemp
0x8e09fe761f4eee5dac56024cc5ef9174231e5f1b.sol,0.4.24,Indoaset
0x8e10c1a0d80018354944093be9a7e2cbdd6c437f.sol,0.4.22,StandardMintableToken
0x8e1BB728b37832754A260D99B5467fE6d164c068.sol,0.6.6,AccessControlledAggregator
0x8e20ab96dc76d8c7db609654afef900c2cf432f9.sol,0.4.19,SKYUC
0x8e249174a15a453ac8f5ab4ad0302e1113635143.sol,0.4.26,LiquidityPoolV1Converter
0x8e40da34e9280e2df64fadf38d154208af3ab618.sol,0.4.25,SafeMath
0x8e45aab69795f60b693c2ad91bbe990b64a7abf4.sol,0.5.11,CoronaVirusToken
0x8e5f3abc36da63142275202454c11237f47dd170.sol,0.5.12,DssFebruary7Spell
0x8e666834be8d7a661ceb8367082b5657e99462ea.sol,0.5.7,PZMT_20_Plus
0x8e669833c68d337043dcad63fd67b27571e3e741.sol,0.4.26,SPTToken
0x8e7554d9473daab6a9f2be3284b04945eb164b53.sol,0.5.12,UniswapDappV2
0x8e75c1b1af9b7f4e987ac277875162c0eb0c87f1.sol,0.4.24,BitcoinPizza
0x8e768ed468f53843533d46ce7cd9d5675f281fe4.sol,0.4.24,INTRINSICBIT
0x8e77d6596743ed542ed8779553c6ece6a64785af.sol,0.4.24,UCF
0x8e78c55b96409ec48edb1d8984966a6d4112d96e.sol,0.5.0,MCDFlashLoanTaker
0x8e7f348c5dfabe9043eaf2e411aa3ec704c4fbe6.sol,0.4.24,HFIL
0x8e80207b67e7a3352e1624be5c13402b4c8ea8cc.sol,0.5.14,LexTokenFactory
0x8E93E2451BD578efE3f7b6c95e51B5E6644C0925.sol,0.5.16,HUniswap
0x8e956c4432fcbb0ffb767884caa27f5b513162cc.sol,0.4.26,xBSD
0x8e9c3d1f30904e91764b7b8bbfda3a429b886874.sol,0.5.10,_0x
0x8e9e5d03b9275a428840227ea2e0649d40a90020.sol,0.6.0,Sender
0x8eab91389b8fffe69c95696cf5196e4107c0b68f.sol,0.5.8,NanakShahiDistribution
0x8eadead848c3b3aad12d9e4aee698d4c5d7c7505.sol,0.5.0,SaverExchange
0x8eae9c8ed0f89d24ed160938efec35557fa73b24.sol,0.5.11,DharmaDaiPrototype0
0x8eb58b6239cc369ef8bf0bc5f41d8b5aac5f8b90.sol,0.5.11,EtherDie
0x8eb7bc0928cc0d111b8f8fdd828620dad646e01f.sol,0.4.25,TradingClasses
0x8ecff12e848c804526ce917343ebfa92c572309c.sol,0.4.23,CoinDgpt
0x8EE1020F59Aa470f5eD57484194f76665191a43F.sol,0.4.23,CHEINDR
0x8ee2a5aca4f88cb8c757b8593d0734855dcc0eba.sol,0.5.16,yDelegatedVault
0x8efe48F53265d080E191faf549f16f1ce88EAcc2.sol,0.4.24,GethCoin
0x8f00000099b16d0d724400a8012c0000a651bd34.sol,0.5.11,TimelockTwoStepOwnableTestContract
0x8f070f80c7b1e26ef651b252ac9289c3cec985ea.sol,0.6.2,MyToken
0x8f208a61bd9552d00b985aa3ad89188f540ca38c.sol,,USDOLLARSTABLECOIN
0x8f23fe8b4d5884746d4cf67563233d999664e82c.sol,0.6.6,Views
0x8f289e4496d7198463202a8ed48d8a5a0e6a045b.sol,0.4.26,UniswapTradeExample
0x8f301566f312be10c8d0083ce2e94e7382dcd3bb.sol,0.5.12,InstaVaultCompBridge
0x8f4f846f2eb9b7d124b7ceb37f103146ffd1931b.sol,0.4.17,BYBToken
0x8f535c21dbb5e7cc175938a1b9f82aebe6ee822f.sol,0.4.26,LiquidTokenConverter
0x8f56682a50becb1df2fb8136954f2062871bc7fc.sol,0.5.3,Moloch
0x8F577ba05062283E37c4957D23B57CCE4D75e10a.sol,0.5.11,EthDeployer
0x8f58c4d77b3f5a2f3ff89343f0870c1808c068b8.sol,0.6.0,InstaDSAResolver
0x8f5b53af19b5054161009020602ea9e066ae959d.sol,0.5.13,MINING
0x8f5e2dea54333af9788e9117dddbcbe6bae445f1.sol,0.4.18,STUSD
0x8f606283c8c2f099810e3354b7278bef95f31a4a.sol,0.4.17,SDCPToken
0x8f71c9c583248A11CAcBbC8FD0D5dFa483D3b109.sol,0.6.6,AccessControlledAggregator
0x8f7944167816F4551a3dfCBbc6F44eF060719905.sol,0.6.4,IearnTokenAdapter
0x8f8e787989bc652eea01a6c88a19f0f379bdf4fd.sol,0.5.0,HELEX
0x8f941f8fbba7fbae42e5d801a1def13acedfa73b.sol,0.5.16,ZapperFiToken
0x8f9cC348881a87917A1655dE1B762f202284fab1.sol,0.6.0,ConnectSynthetixStaking
0x8fc1b914a55dd5a2572ed644ecff11624f9fe278.sol,0.4.25,RedButton
0x8fc8aa0ac524b31ddf0f5ee6331fae02550ae266.sol,0.4.24,Oracle
0x8fc9b6354e839ab1c8b31f4afa53607092b8c2e5.sol,0.4.24,ECU
0x8fcb1c3f68ef7abe7b25457f35e88658086dc1ad.sol,0.5.17,StrategyYfii
0x8fcdacd4c237e2ec9d27a1d3cf67320d81c1207b.sol,0.5.0,yCurveExchange
0x8fd41fa261fe4f58c62518008062e24761f07bbd.sol,0.5.8,WrappedCF
0x8fd9dca979c31e0ba033b4ec0ebed5c671682226.sol,0.4.24,Fifth_Generation_Digital_Currency
0x8ff536ead7ad5232ae61212be2a0db892fae1c8e.sol,0.4.26,ShareholderRights
0x8ff591a487d9bcf725dee975a83ea5173e034807.sol,0.5.0,CardMinter
0x8ff897d81c36f19fb7db15b926fd99c1bd81edb4.sol,0.5.16,UQ112x112
0x8ffb560c64269aca8f898f47ef55ac2f8af5f31d.sol,0.5.16,DisputableBuyerSellerAgreementGenerator
0x900053442155c055fc9280f741c3397d12f987a8.sol,0.4.25,OrangeVeniceP
0x90043b6162527fcf084f172022ee5beca3cdf410.sol,0.4.26,Trader
0x9005479cc7efb7729476f0f6e916dc3af920d164.sol,0.5.11,APBTToken
0x900d3e885ea79a7679f6579bb170c708b2e769db.sol,0.4.24,AlphaCrowdsale
0x90128b78241838f1719040773360af167c8f98ac.sol,0.5.0,FckDice
0x902f009d4de4a7828284b04b364dd43f00e51a02.sol,0.5.12,DssFlopReplaceSpell
0x90322ff5ec97fd191eedcfbd2c271f05799b0d67.sol,0.5.3,Minion
0x90339d25e467da22a13227cf0accde7d5220e249.sol,0.5.0,yUSDT
0x9043d4d51c9d2e31e3f169de4551e416970c27ef.sol,0.5.2,DSToken
0x9047237b16c918d94Db3d1a9a86d7A2A605CdFE7.sol,0.6.8,LionShare
0x90587c70c08e5039bb33407f530d2945456d50a2.sol,0.4.26,GiftOfCompound
0x9079F3343E895538C777d75f44a8De451f641906.sol,0.4.24,FJTX10X02
0x907cfab561d4963016a77e8b72b74b400e36c4e4.sol,0.5.16,ShareholderVomer
0x90a21d67fb371bb1f471787d77e643233dfd71b7.sol,0.4.24,YNC
0x90b044ba8c5ffcec676103e0ab2fc4ebc73df07c.sol,0.4.23,TemplateCrowdsale
0x90b7251cee496202a85A97703A32Db03d1304724.sol,0.4.23,MainToken
0x90bbc6695c3a27df9b9b6860b7185d46929bd4ef.sol,0.4.25,eMaskChild
0x90bc7da789f9626b1fa1d0a74bcbce2ff657a52e.sol,0.5.11,KeyRingGenericDeployerHelper
0x90be843671bad81ff56fd7dd0158fff835363031.sol,0.5.0,ExpToken_v1
0x90cba3d03af8a0378b8c58f8ad02baa0b13e0060.sol,0.5.0,Staking
0x90d6d0c22673ca6fb269b3c918ad025654b24c81.sol,0.4.26,PremiumFeedPrices
0x90df59cfa9dacba4ba0ee1a387feb1ec7615c6b5.sol,0.5.0,TokenMintERC20MintableToken
0x90e756ef70f46da5a2089e3dd59e3a19a9c61114.sol,0.5.0,AVF
0x90f5bd542eb63bbf78ee414b5c1bf707a67cfe31.sol,0.4.23,ATOmu
0x90f98a4e55b2b07e46976e50885e1286b13aae8f.sol,0.4.24,MedianOracle
0x91004800db3f26b5252c8b4f835890cdf08cc7c7.sol,0.5.0,CurveFlash
0x910119bee96c7a03dd2597d4596e88bdf3aff682.sol,0.5.4,CommonStaticLogic
0x9112be7568d0a3eaf1f7117c5d1538c3b1705fe3.sol,0.5.8,SplitSwap
0x9118bd4230EAb074f98527658f3649aA26420568.sol,0.6.1,TokenDeployGateway
0x911a158850e34e5ffaa2431a28a159db5730e67a.sol,0.4.25,ContractDeployer
0x911c71d9cc341df972fea435b08c2ff44128627c.sol,0.5.13,Blagada
0x91262a8eb673256306f9ac8cc41f61c59ede517d.sol,0.5.10,WantMarketplacesUtilityTokenCrowdsale
0x913539beff046bcca708f6f61bc01d284c10a51e.sol,0.5.11,InstaMcdGive
0x9135D92e3A34e2A94e4474B74b9DC2d51118eeD5.sol,0.5.2,SimpleToken
0x913b5d0ececaf3a6b267d3ebc29f3361e6e75633.sol,0.5.0,TAIT
0x9140E11472b9328568e55359a1a4E13f0F5a6512.sol,0.4.23,TemplateCrowdsale
0x9149dd1a96d4ccfeb3c91b2c8ff42e3f306ce405.sol,0.4.24,HEBToken
0x91517330816d4727edc7c3f5ae4cc5bef02ec70f.sol,0.4.26,SafeMath
0x916097776e1b15c6453cc0db9f1b67fd3bde5da0.sol,0.5.0,EthsToken
0x91664d13c7308FF85ce86d991a32D9449A39Ab37.sol,0.6.0,BasicResolver
0x91722E5F69c62aFa6C4fCcf5831556ACac0D0244.sol,0.5.0,CODE
0x918101FB64f467414e9a785aF9566ae69C3e22C5.sol,0.5.13,OrchidDirectory
0x91886fd7683fac3d926cdae7f20156aaedd0b33d.sol,0.4.26,GiftOfCompound
0x9194e3c85e0899581efbc87c265ec0071fc5958c.sol,0.4.18,Tyrantcoin
0x91b08f4a7c1251dfccf5440f8894f8daa10c8de5.sol,0.5.2,BAXagentCoin
0x91b25f76dA53F1862bD943376F12a9be89511a27.sol,0.4.24,STARTUPEXC
0x91ca1d9624084c113d295f2a87fe9cf321fe8dc1.sol,0.5.0,TokenMintERC20Token
0x91d092fe9d1002297f8b78ceae226306e20a7232.sol,0.5.11,LegendreBounty
0x91d8825e0294d6628f8c93ac8dda88773618608a.sol,0.5.7,OnePriceOracle
0x91e556E3Cb1E2842a0A3626a768B7E67199F7589.sol,0.5.12,DssSpell
0x91ea83d652e83cafabf49e6c602f2ebd3f6eead9.sol,0.5.17,LexToken
0x91eb270469976168bc099b25cf02838c29656aab.sol,0.5.0,TAIT
0x91ee7472540cef675ebc11e3fac69de24c38495e.sol,0.4.25,XAVIATOKEN
0x91ef6ac5c32b915f2f814ad20535097e83b181e0.sol,0.5.12,UniswapConverter
0x91f173b60c0e199d94df2bbc90fd7234cbee70c7.sol,0.5.0,iDAIZapSwap
0x91f576acee97b225c95ba5eb137744798d6d0cce.sol,0.5.16,ExchangeVMR
0x91f5f9c36b093907b0f99d1dbcf41aaf1db28916.sol,0.5.10,_0x
0x91f79d4a59ce6e410fefb059a6d5679aa55403db.sol,0.5.16,GYFI
0x91fc23ac10626f1f051f6f0b3ebc335b2006e9f4.sol,0.4.24,UrbanCryptoCard
0x91ffe7f15452049cf2f40c3457ab4ca5cbfa427a.sol,0.5.10,ERC20Token
0x9205c049c231dda51bace0ba569f047e3e1e9979.sol,0.5.0,Proxy
0x920d36a72901b4263a6dfebe1a598431ff053839.sol,0.5.0,CompoundLoanInfo
0x920ff284ce06eef00082acb1e12617188c928f99.sol,0.5.12,FlopFab
0x92298fa0647b5dcff6eeabab97c9bd81b5c30d06.sol,0.5.10,Token_ERC20
0x923c90b98ee834d118c85ddf44906ee1769df648.sol,0.5.10,Qitcoin
0x923cab01e6a4639664aa64b76396eec0ea7d3a5f.sol,0.4.26,BancorNetwork
0x92422f53e53741c6127d0ab30d5ea3df794ee86f.sol,0.5.11,FissionPool
0x924a99087196f4b23e312ae6110218e54e0dbb51.sol,0.6.4,BullRun
0x924fd5363aa813b874d030466f5fd9ad565f6640.sol,0.5.11,Nemezida
0x9255ed258dcbafe165dccd93ea0a72f4ed88e24d.sol,0.5.12,CryptoMorphMint
0x925a6db32a4de9a5ecb1fd8bdaf1eac2709f268b.sol,0.5.11,CryptoDaysProfi
0x92628ccDa6e51A3AC6746ef1100D419453fA8182.sol,0.6.0,CommunityDrivenGovernance
0x926514Ea015e74a0d1Bc38b0e5073Fec9C0521A3.sol,0.5.0,dVisaController
0x928ba5fca6929bc2479a4ba19150b7693743296d.sol,0.4.24,IVEToken
0x928e6e05225a29c2c02eeeef1ccc1d78f0ad1c81.sol,0.5.17,MidasTrendCoin
0x929a10efda7099865dad8286aee8715078902d51.sol,0.5.0,UniSwap_ETH_DAIZap
0x92a8e355caccc59e1a07a2daa19fcd3e8ecaeaa8.sol,0.5.17,DharmaTradeReserveV1
0x92abb02369d1adc7916876112021dd3f894e4d47.sol,0.4.16,FoGuanCoin
0x92b8562d3369427368aed9087c424ce0cea1a030.sol,0.4.24,RyangCoin
0x92bc65c2beadff64620240386ee7a57c09678b3b.sol,0.5.17,StrategyDForceUSDC
0x92c5387aCE61F5c505BF2c2D4c84120F0A813d4B.sol,0.5.9,DPlayCoin
0x92cccef452d956137f9c9bb8954f8235e51949a0.sol,0.5.0,ERC20
0x92da30c9f8c72baa6e52aaf6f49feba55614998c.sol,0.5.0,PaySpec
0x92e1507f5bbe62895a745787df17ed5eec03ae67.sol,0.4.26,Trader
0x92e9c289fc259de635124c67c666837bf3e7d845.sol,0.5.8,InstaDydxImport
0x92ec5a03fac2e482292ecdd9642a7bf86d6658c3.sol,0.5.0,CompoundImportFlashLoan
0x92f2026b483b088c3bad57f8dd06288c6769dc0f.sol,0.4.24,SellableToken
0x92fbdf44015cc37e1fc459f0db4c42006204ca67.sol,0.4.15,MultiSigWallet
0x92fcc0b3a7c8da7538b063fa79247ee3c0abdb2b.sol,0.4.26,Trader
0x92ff7ec20e920dc64bed6f1f1e19298b0a983be6.sol,0.5.0,SafeMath
0x9307f37454dfcf3774e76b888e80595ef6a23934.sol,0.5.17,DharmaTradeReserveV8ImplementationStaging
0x931621613f1f1953adb085c2b06d664363e54aaf.sol,0.6.1,GiveTogether
0x9319d16FFAD46b880904a9F001Bef9E98986b846.sol,0.5.17,CasinoCoin
0x932773aE4B661029704e731722CF8129e1B32494.sol,0.5.12,MCDAwarePool
0x9328f2fb3e85a4d24adc2f68f82737183e85691d.sol,0.5.11,CurveReserveTradeHelperV2
0x933326d0E0A31C9ad9D6709E59282ddDEBe2E8E4.sol,0.5.0,Token
0x93383e74ee566a0110673628e14ccaa5ea840729.sol,0.4.24,AragonFundraisingController
0x934eedafb90b79167a552b1eac0df8dc9c632aee.sol,0.4.24,ForeignBridgeNativeToErc
0x9355fb9693fff9bb6f06721c82fe0b5f49e6c956.sol,0.5.0,RGB
0x93670b87a9814b8c1f2ff6e30b317f28863e9642.sol,0.5.16,yDelegatedVault
