0x2ebd2e2d56dd6574edff14bf14f6c4c5eb43dc52.sol,0.4.24,Bitcliq
0x2ec17d1df257dca8cb3b5c5cc07ee0c92ab4c159.sol,0.5.17,etherscanCallTest
0x2ec62769e99b382fc6308e840762a039f6507845.sol,0.5.0,ERC20Token
0x2eCEfC14a8fC0F52f9345B2FC069fe46DEfE6e54.sol,0.5.0,Withdraw
0x2ecff878b5567a4be4e5ea0f41749ca62629a952.sol,0.4.26,PRADA
0x2ee2b7b52560b1b56becf5a6f67b09820d566200.sol,0.5.16,yDelegatedVault
0x2eff6c2cebfe29b608ef28ca0287258df08d6757.sol,0.5.10,MileWallet
0x2f01d47c239b7eaccd746604fdba49a84367d2da.sol,0.4.24,FIC
0x2f0b23f53734252bda2277357e97e1517d6b042a.sol,0.5.12,DaiJoin
0x2f18b5d67a60e49fe52528a602f489a232446d94.sol,0.5.0,Staking
0x2f42230ecf2c5c8205ed9558e2051b6eb3a5b362.sol,0.5.12,MyJobBot
0x2f47f03b03946b1fe11d841744217db881d4f531.sol,0.6.4,BulkSender
0x2f59bf2779c9ab965ca6bf63f5eb1504c5b36d38.sol,0.5.0,CompoundFlashLoanTaker
0x2f61457fb685aeae17fccf3941f74783384f3524.sol,0.5.0,Staking
0x2f6220f13648a1fc34cd674d1bf4036f39275478.sol,0.4.25,ExoTokensMarketSimple
0x2f6753304c2c20aab4b12c46706341522a2e9542.sol,0.5.1,ozonswap
0x2f6f7a8657121991e0b0eac3f563ebfd9e2e8800.sol,0.5.15,ERC20Token
0x2f7a287a6f7ecf9cdde95426acbcee07c5b2b917.sol,0.4.24,GranCs
0x2f814E83E9204b8243F4d541Bf1427C109886E67.sol,0.5.10,Sales
0x2f82d5e4370d526187c15e0703d64d903517571a.sol,0.4.24,TokenERC20
0x2f8a2c9328cb0955ee363c4a7ea65974e1f55b03.sol,0.5.10,Tribezcoin
0x2f979C933AEF4fCDdD27C0Fa5C54d8a780555b0a.sol,0.6.0,address_make_payable
0x2f9a67f7a949142ea6626db43cf51c7b431ebd35.sol,0.5.8,InstaMcdSave
0x2f9ec37d6ccfff1cab21733bdadede11c823ccb0.sol,0.4.26,BancorNetwork
0x2faec022b75f4cad97c92540f7ce587e4019e2b5.sol,0.4.26,GiftOfCompound
0x2fbd588dde22a12597a71ad2437bda3c16c0cd13.sol,0.5.11,CryptoDays
0x2fbD8291EC260dd898D0AcE33954eED8f0D06A39.sol,0.4.15,ReapToken
0x2fc7e08d5303d1959c0eedbf5e82b83ffa5357e6.sol,0.4.24,BitchCoin
0x2fcf029283d35f3d735498d84d840ac5c6c00e86.sol,0.6.0,DDOS3
0x2FE1F9bBC9CE8Ea4E00F89FC1a8936DE6934b63D.sol,0.5.4,WalletFactory
0x2ff99b333552c9ba046182587ec40c6b705931e1.sol,0.5.17,DharmaTradeReserveV2ImplementationStaging
0x300dd97fe0bb1fda2bab055c917dff4c42a71862.sol,0.6.0,DDOS
0x300fc7f699c0ddfa30edebae0af70038835aa67f.sol,0.4.24,MSATToken
0x3011d3d2c3f5390c99cc142c0f61c5c34d0b08ef.sol,0.5.0,ST
0x3018ad228BB7830Ec2a2cD80d4056F9551B5C6e7.sol,0.4.23,MainToken
0x301b00d5ee30abec94c6b4a8e1ce5332ab80333d.sol,0.5.0,MCDSaverFlashLoan
0x302a321fa07fb04cb23b0dda2a43de75b602361e.sol,0.5.14,LexToken
0x3037b067a8090425bd45591b481dbd48bc7cb8fe.sol,0.5.0,TokenDistributor
0x30536f575f91e6845c16ffb8cb19e0d995d916ad.sol,0.5.12,QCAD
0x305615737ca8d00b2425b06238047cf10c57ed1c.sol,0.4.25,HEICToken
0x305e0fd2a33710800c3ddd4c6207e41333fc0237.sol,0.5.0,TokenGeyser
0x305f8157c1f841fbd378f636abf390c5b4c0e330.sol,0.5.12,BTCGW
0x3067c7fdcd0b73b596bfc3269b55691f5cd8ae2a.sol,0.4.26,Trader
0x3079c5f190844c408f161102e0a4473b04073fef.sol,0.5.0,MCDFlashLoanTaker
0x307B265c6Ab333b63e739936722cc8E62D78Cc19.sol,0.4.25,Authority
0x30829169cec991894546ed4887bfd9bfd3e69429.sol,0.4.24,SMT
0x30882a2f9c9e71d4f3660f6aeb699777dd0bda86.sol,0.5.10,Acquisition
0x308cd1ebece7d99a360698ef47dd30269c7e2623.sol,0.4.16,AceWins
0x30a9dab82f8fa64fdfea43665546e24aba7280db.sol,0.4.23,MainToken
0x30aff2bdce39a7c4672df25960bb4679e66aef59.sol,0.5.0,TetherUSDN
0x30b32447137dddf089b327085d2026eaf2eaf65a.sol,0.5.0,AssetRegistry
0x30b6a3fc94097A4BDaF987EC4dA47670411dD5cB.sol,0.4.12,ONESToken
0x30be687dad42a65bfdceb3b3ae906168869d8ecd.sol,0.4.20,ERC20Token
0x30bf33b9b5fce1b70bbdf2041160bc62d2ba9df0.sol,0.4.17,TetherToken
0x30C79dfb17dD06FAeB3b1aFe89b36d29dfE05D95.sol,0.4.17,BTYXToken
0x30cfdb937e46e946b1038397f9cd6fa231b90863.sol,0.5.12,DssFlopReplaceSpell
0x30d8e3be65bff4d345d8e0f60d3536da41c508ff.sol,0.5.12,Chai
0x30db89595a8dad99f610ee369a3de5ec7db3d782.sol,0.5.7,InstaCompound
0x30db9dd1875dbea601ba061e81dd88325d68fd18.sol,0.5.0,MerklePatriciaProof
0x30E8052F3bFD13c56b829D2cf2060f57e34a20C9.sol,0.5.17,ProxyManager
0x30e8da02f92252e2b9a40af2973fea18eca4df87.sol,0.4.16,ERC20Token
0x30eac8b5E434e362c73175C2c4DADB8Af52111e6.sol,0.6.8,API
0x30f0bb7556159b0e812de4af7023dacfdd4f7110.sol,0.6.5,AaveDebtAdapter
0x30F3A87F95630B3bECCF353EEdEFc77800114d77.sol,0.6.0,RebasedPriceOracle
0x310657e9ca3825519c44eb970a7599743e53aab0.sol,0.5.0,TokenMintERC20MintableToken
0x310f4934923d30de01d1374d7f00e70c896d32f2.sol,0.6.0,Exchange
0x31126416f0dbc1283dc5295ee6ea04ff83ee3531.sol,0.5.10,Zhey_ERC20
0x311635cf47e4065b13d8e81d0df80fe1cdbeb988.sol,0.4.25,CordeauNoNameP
0x31179edfd7ef37b16c7643407321466cd0b33b53.sol,0.5.2,OPO
0x3117dc163461dabd03289e02bc47cc19fe47190b.sol,0.5.0,Staking
0x311c04d1be8e4d5d8df6e9f1cbc0175e8f5c3cf2.sol,0.4.24,Trinity
0x312a3084bfa53e06f1f753f82939550c3b52398a.sol,0.5.5,FLUSH
0x312e3e640944657ea2832f326a765bc6210ab646.sol,0.5.0,WassieCoin
0x31317f9a5e4cc1d231bdf07755c994015a96a37c.sol,0.5.16,Controller
0x3146392934Da3AE09447CD7Fe4061d8aa96B50ae.sol,0.6.6,AccessControlledAggregator
0x31561d8b5dadf31278836c3e2511c01371065ae9.sol,0.4.15,MultiSigWallet
0x316Fe7d9610F56Aff59B8Db695dF625581Eb3B4A.sol,0.5.11,CYT
0x3171781bcfCd9E111225CDB42f33E856BA9F7A5a.sol,0.5.10,Sales
0x3178a2b598b25efef4f16945281b2bb0167206fc.sol,0.6.0,InstaConnectors
0x317c352b2825d921bf7abb4d5459f2522c8539c9.sol,0.5.16,SmartContactForUser
0x31970fb95c9B5cE8679fD4247675211C9a104d8A.sol,0.4.24,Ethereum
0x31a047ea5e87100f78a61feb43bcaee278ec2b10.sol,0.5.0,AllocatorStorage
0x31a458d9c6979218a2fa9630e57207fb4ccd98d9.sol,0.5.11,TokenBank
0x31bc11da5460e8ca665e5a881bee6fb4833a8e3d.sol,0.5.0,TribeProducts
0x31C785fcbA8429e1E566a0110D75ee42687aac9B.sol,0.5.0,PausableToken
0x31cbc5c5a02447505067C3Df9D2A843Df9e0d6bF.sol,0.6.0,Units
0x31cceeb1fA3DbEAf7baaD25125b972A17624A40a.sol,0.5.0,LendingPoolLiquidationManager
0x31d3a8ac24ba0eda71b600174bfcc59b37036e3c.sol,0.4.19,RavencoinGold
0x31e085afd48a1d6e51cc193153d625e8f0514c7f.sol,0.4.18,KyberUniswapReserve
0x31ed5285e8fe7eddf73c2685629dc92a21b81f97.sol,0.5.13,ZixiToken
0x32137d69ef59912aca5f8846205f3c8ef6232f22.sol,0.5.0,Staking
0x3219A16f204861B73A41805149489dcc5Ee55969.sol,0.5.0,USDS
0x3231cb76718cdef2155fc47b5286d82e6eda273f.sol,0.4.24,EUR
0x3233bf3187cc649a4fa78dfe186240d44d2e0050.sol,0.5.17,MolochSummoner
0x3238695287924b4b5a32d71653fc6c26b03b5209.sol,0.5.12,withPermit
0x324671fe75b36102dd1a25dabacaa2a05ad76fb8.sol,0.4.24,Fifth_Generation_Digital_Currency
0x3262a62d310839EE534208Cc5eb9777053a65493.sol,0.5.0,PolicySet
0x326411f6872061d1aecbb9c7ced4a49699c76d85.sol,0.5.17,DharmaTradeReserveV10Implementation
0x3268f6f36d92c0fd8650a1e6f86b0a3304e5f31e.sol,0.6.0,InstaMakerResolver
0x3284c32fab91d3b1285667b32cc2175c279b2052.sol,0.4.16,TokenERC20
0x32964bBfC4DC8b4D2CDdB834504d54191d8A89fC.sol,0.5.7,ProtocolViewer
0x3298A5F8588970cB2047DFd4Bb8ABa54623816B8.sol,0.5.7,License
0x329afb0de68d8b2d16a197382808cb26e5221d1c.sol,0.5.12,DefswapFactory
0x329f4a2f4efba219c5b72d34282d7251d6bb8a79.sol,0.5.13,balanceViewer
0x32ac52b7b55e8b614972292521cf6aa7f0c12419.sol,0.4.18,SureCoin
0x32b0ccfd4a9911fb59ad3a55c5d6545c1b7ede5c.sol,0.4.24,DouCoinTT
0x32b666599411f4721de6724c968ed9b3d1cabd79.sol,0.4.24,Yaapoo
0x32b84a2930a48844b06ea5bea8447c388f308454.sol,0.5.7,Multisend
0x32c222efe25af3619a7494c4428b1a287731a447.sol,0.5.11,DharmaTransferFacilitatorV1
0x32c4adb9cf57f972bc375129de91c897b4f364f1.sol,0.5.16,FlowchainToken
0x32c5c27cec2cafef14168451b5a903a2c8917173.sol,0.4.26,Trader
0x32d522d601aae4a3ef9ea32e9bb3beff419d01e0.sol,0.5.12,ERC20Wrapper
0x32d630f26631f738f5b935484460e5f9bac0f067.sol,0.5.10,ZTokens_ERC20
0x32dbd3214ac75223e27e575c53944307914f7a90.sol,0.4.24,Aggregator
0x32ed5e3a9009c411b2435d7e3fa79b3ddeb26a31.sol,0.5.11,Crowdsale
0x32EDDB1A4D81BA029Dd1356F4f65dcA9bA70B3aC.sol,0.4.18,AC
0x32fb2b0f1453c91a4c01e504b1e6339f9d7914ba.sol,0.5.0,TokenContract
0x33093eB39E68be7432Cf72d22f628713034f36AD.sol,0.5.0,PolicyFactory
0x3309c3c1a468125639b2cb5bba264053309ad1d3.sol,0.6.6,AccessControlledAggregator
0x3310f5acb5df71da3b15a27230122bfbf3f7b9a0.sol,0.5.0,PatexShares
0x331a4589516eae384ea5f557853af6af73b9534e.sol,0.4.23,MainToken
0x33325582A40223d8F795d7C8F0a06D7f0FF9045A.sol,0.4.24,TradeEngine
0x3333331365f21e192fd43e599dbb44eff532a667.sol,0.5.16,CryptoGames
0x33336DA3dBe1196134d56f62f5F352ef86807b76.sol,0.6.0,InstaIndex
0x333c0501182170c5002219380ded6b12C338E272.sol,0.5.12,DssJanuary3Spell
0x33498ee6db368a8344a4a8d2899c631e99adbeae.sol,0.6.0,InstaOneSplitResolver
0x3351346919e51f848fbde90d01e549c63c3c658d.sol,0.5.16,QRPal
0x335a09936b7c00f22af83a0990a44661aa64160b.sol,0.4.26,EightyTwentyPortfolio
0x335ce75D82fD708D83BDc700BfFd35fc4d24E58d.sol,0.5.13,OwnedUpgradeabilityProxy
0x3361aa92E426E052141Daf9e41A09d36e994Ba23.sol,0.5.11,Deployer
0x3365cff5e0970fbb2cf744796901002d9987c0dc.sol,0.5.11,FundingManagerContract
0x338284a70df8828d510aa4a7421b4ed329247b6f.sol,0.6.6,DemaxFactory
0x338743f30729c237272ef36ee5fe9e0ff1adcf6f.sol,0.5.10,AFX
0x339109c3de40d6dee3e8540ba04aea218275c896.sol,0.5.13,MyContract
0x33997032a8d97638b0a5c5985e467344cbadb3a7.sol,0.5.0,Staking
0x33a3d20a2353a13cdb6021f7d1ecff1bffd43504.sol,0.5.12,DistributeTokens
0x33afa6514ad44594b1886859165b9aa641bdaba9.sol,0.5.0,LOTTO9
0x33b71f9b6a91f9aac88703f722ccecff32bee741.sol,0.5.0,CompoundBasicProxy
0x33be456d5457244596c4985b785dfbbec4a143df.sol,0.5.8,Timestamper
0x33c11111f95fb16f991316afbd2892a62c148899.sol,0.4.25,Tradecoin
0x33d19f9e3e3f083ec5c2425401cc53d96e79ac3a.sol,0.4.24,Test123Coin
0x33d1a1a2d781d395eace70e69423c594e52f1a8b.sol,0.4.18,Token
0x33d5bd926d51c5e4582592817cdae16586476968.sol,0.4.24,DistributeEth
0x33d835ea9cfc06169081b7358fd46280eea16080.sol,0.4.25,ZipmexTokenV1
0x33dd89bb58e1234c168bc4a2bac432e0f6421d91.sol,0.5.0,Featured
0x33e1b26d699d923e4cdba286cc5783d3c04831c3.sol,0.5.10,ART
0x33E82253e8b84e7Ea95B7eDC710Be3bF576A975E.sol,0.6.6,AccessControlledAggregator
0x33f3a16da47a84cbfe339eef9fce0ba7a0e87ded.sol,0.5.11,CTokenManager
0x33f77247994cb0ae517fcbd7b78c97a7e385d323.sol,0.4.26,ConversionPathFinder
0x33feab4ecd7e9d491037c050e29b3f29899e7048.sol,0.5.0,Dgas
0x34023983e47fae096ff2265d8fd4c160078bd947.sol,0.6.9,Remark
0x3422276Bd1c1834e2C1A93D88Ce1a95028190DF8.sol,0.5.7,tokenGenerator
0x3422ac57f4ca097806fa234e44ec0a781b78bbdb.sol,0.5.0,YFVReferral
0x342a6596f50b4db7c3246c0f4efb1f06843d7405.sol,0.5.11,CTokenManager
0x342d5ae1b1555f38a3a33b753e8d9fcf2d1ce304.sol,0.6.6,KyberRateHelper
0x3438ef004ae14500d90073d00000982d70d8b300.sol,0.5.11,DharmaAccountRecoveryMultisig
0x34578711b31746856d08d8Fa902aD103e16E0827.sol,0.4.24,LuckyVerifier
0x345972d4feb4beae93999c8a4573f8dff4d95da9.sol,0.4.24,MainToken
0x3467868fb8bb168eeb57de582460ce9b327648c1.sol,0.5.0,SimpleToken
0x348393cf7c149f05faf352501cb35b32f92cfc1e.sol,0.4.24,Octave
0x348ea40ad7c9b6ff96ab29224093397328f89298.sol,0.6.4,UniswapV1TokenAdapter
0x348f9b40df1d4ec2082371bacb136fc727ccdd8c.sol,0.5.17,Asuka
0x3494961ae0006b51a51163b94b2a4c0299b5debd.sol,0.5.0,MCDMonitor
0x34950Ff2b487d9E5282c5aB342d08A2f712eb79F.sol,0.4.23,MainToken
0x3495e6876c390eef76554c24a0ee2f6216bea71d.sol,0.5.16,yVault
0x349de3c807e2f68240711279e925568feccecd66.sol,0.4.17,SHAToken
0x349fe288a98324167926b3fa830aef5fc5aeaf7b.sol,0.4.25,WalletsTradingDataSource
0x34a34267ec4034ba52f154829d0b6548bbbf7c74.sol,0.5.0,ReversibleICO
0x34af6c2e8bd1c58f066b401e9df249c1af128d75.sol,0.6.12,AMPLGGoldPolicy
0x34b780d5782ff49632fdeb34efe71fd7d89779a5.sol,0.4.18,VACHIER
0x34c64ad297630E9c7E322c7418C27511729Eb6E2.sol,0.5.0,Lockup
0x34d670c8b72af057a132f64ddd7ecc9ce943ef36.sol,0.5.17,SmartWalletChecker
0x34da782b5ba7b0774a90f9639cf69fd2a52d1b9a.sol,0.4.25,SGNAuthorizationManager
0x34Ddc40E17BC8f0a159ba4fC297E55bd3f7c75aA.sol,0.6.6,HegicPutOptions
0x34e941297dc9adfb6f85395bc4652cfc20d03a49.sol,0.5.0,FulcrumSavingsProtocol
0x34ebe6413fb369639cb2c1a8cb4d1e1bbc576373.sol,0.5.0,MultisigVaultERC20
0x35023e391159bdd27a46ae8b6b97a89c467d2b61.sol,0.4.26,DigitalDollarRetainerFactory
0x3509626cba1a3ac5ab001b8d73a018a07bc3e512.sol,0.5.17,Moloch
0x350cef10c5623f06e3f7f7935104de4b99d502e1.sol,0.4.23,CoinHD
0x35101c731b1548b5e48bb23f99edbc2f5c341935.sol,0.5.16,blackholeswap
0x351db37eb42e335a5007d3e6ac1afabb66d944c5.sol,0.4.18,Mintero
0x3521f13ff6c0315d7c749081e848ff4a89667ae7.sol,0.6.2,CyberDice
0x35242Ed010d80F39643982d0216D7CA7AD1FA841.sol,0.5.0,SlonigirafToken
0x3526a5858aa91c058a7084ae8ab6d323d2baebb8.sol,0.5.12,DssSpell
0x3528C164e3fCA20E2333Cf58Ab4B1c99DeF83347.sol,0.5.10,Funds
0x352b9793d008f9fec0020718eb6b33c74e008da2.sol,0.5.17,MolochSummoner
0x3541cd8ef60f141f32c2de592ceb8873b41bebd0.sol,0.6.0,Charity
0x3556a5005d5411603e0115efd9b875fdfb3ad7e9.sol,0.5.12,DECA
0x355b12ebb93c0a3c63fc1599927f4f893defd6ed.sol,0.4.24,GEST
0x35766a2b8fcd60efe55d1bbabd75326d5def49e7.sol,0.5.8,CourtPresaleActivate
0x357e53a1ddaed13b106799638fef9416059223dd.sol,0.5.0,Dgas
0x3589ccED7c84060C428dfBd4BDb9903a3E418e73.sol,0.4.24,ApollonCoin
0x358b7cfc4bb1dd8a2d472700493832e9c54ccc30.sol,0.5.0,DARICDXAU
0x3592954497dafb830469d25f8c46ab0afd9c27f1.sol,2,CoreUtils
0x35a0ea500156f7202ee310a0c241c5998b62d8df.sol,0.5.9,ZeroExV3MultiOrderExchangeWrapper
0x35a618b7844c90e19975e5697c9281421be01f6e.sol,0.5.0,yCurveGrantPool
0x35addce0274ba9104293c4cf234e43b5ae2d4ef3.sol,0.4.25,DaoRewardsStorage
0x35b275521c0564f99f94a0598c0dc220bdc6415c.sol,0.5.0,TokenMintERC20Token
0x35cceb6ed6eb90d0c89a8f8b28e00ae23545312b.sol,0.5.0,OffChainCurrencyValuatorImplV1
0x35cee4c61b7619956e0b2015b5411f93cbba817a.sol,0.5.17,StrategyVaultTUSD
0x35d1b3f3d7966a1dfe207aa4514c12a259a0492b.sol,0.5.12,Vat
0x35d9993CD8147018BFFFf72f294dD9b4aE77BAd5.sol,0.4.18,ULKF
0x35db23f13fcb523d49a06e53092ccdf22f1fd70e.sol,0.5.0,ERC20Token
0x35ed7969327334d8eef6ac16a61af2769b02f8eb.sol,0.4.18,ConversionRateEnhancedSteps
0x35F3B5baBDFe0bE01c8Acdaf806e400828108525.sol,0.6.0,VasaPowerSwitch
0x35fbc59b87229d3beddbfb1d3c1d7a97ee0c4fff.sol,0.5.11,Adrenaline
0x360625ba7bce57f74eb5501fd2b75db8f85a85d8.sol,0.6.12,ADXToken
0x3608ac31a08a0bb07e0e30389116f2bfd3d12f55.sol,0.4.23,GRRTOKEN
0x3621c85a4F3A4dCFF575550C5e1916b9bA4aeebd.sol,0.4.24,PermittedStables
0x36224f0f52614d2433158ac24023010adbc2945e.sol,0.5.8,EtheCarat
0x362618d8f3df95686acb46d2f2da91d53bed4e04.sol,0.6.2,DefaultCompliance
0x362998bce7bfc45c1b0a2ecc83952e09712afddb.sol,0.4.23,Bruciare
0x362B4c3947592e3ED0e54580768a92CFEa654b02.sol,0.4.18,FromCarToken
0x362b78a4de08a7d8dcf8991be6ec6612045fcb9a.sol,0.4.24,OxUSDToken
0x36324b8168f960a12a8fd01406c9c78143d41380.sol,0.5.0,ySUSD
0x363452E08751311eFe6d99457FfB5FA3D048E30a.sol,0.6.5,IdleAdapter
0x363d2cf7147da0b524f8bb9ef87ed0551a2aaa0d.sol,0.4.24,OTTOLO
0x364508A5cA0538d8119D3BF40A284635686C98c4.sol,0.5.16,PerpetualV1
0x3650b99D107d581eF8ff004365A4Ada8DA6bf62F.sol,0.5.16,DataunionVault
0x365fb0e024fb179288e3d65c4aadf6f58c8ae114.sol,0.4.23,DSSpell
0x3668e5b02640dba32edb7fd6360f80f2b287640e.sol,0.5.0,FixedSupplyToken
0x3678d8cc9eb08875a3720f34c1c8d1e1b31f5a11.sol,0.5.16,OBEE
0x36892A63E99d66d01766e227F3cCc6235dE09eD9.sol,0.6.2,RelayHub
0x368ce0d279FF970f616E1E460d413bc44082dF0E.sol,0.5.0,LOTTO9
0x368e178bf686a2637a58d0f2ed319ccd24cf4484.sol,0.4.23,BoyCoin
0x3696200004eadade907dc7840ba741e3a5f2db9e.sol,0.4.25,waterBreath
0x36970af05425928e52776d943711d27947d7e82b.sol,0.6.6,UniswapPriceOracle
0x36a22096cfb062c23dd35dc5512244dba4139a44.sol,0.5.0,TokenMintERC20Token
0x36a724bd100c39f0ea4d3a20f7097ee01a8ff573.sol,0.5.12,GetCdps
0x36a83e8cb99fc92a6e4bba8885a62a19d449227c.sol,0.5.0,busdCurveGrantPool
0x36b3382b8d215658d76f3526c999e55ea3b027a0.sol,0.5.17,LexTokenFactory
0x36b60a425b82483004487abc7adcb0002918fc56.sol,0.4.25,TICOEXToken
0x36Bae77a5b292c1Ca5dc38C6b40A2a6504bB83f5.sol,0.5.10,RampInstantTokenEscrows
0x36bb9af8a3babaaecb45e6dcf068b092e6627e5a.sol,0.5.0,APRWithPoolOracle
0x36c43f02d5a27247e5613c5346e0d04c985ffed2.sol,0.4.24,NNCToken
0x36c60c1cc2818ccb9ea5a1b87c0b309196d2d867.sol,0.6.5,CurveTokenAdapter
0x36d06ccc92cefd9ec38fe759d957da0b0ecc249f.sol,0.5.10,_0xEthereumToken
0x36dcffe069a3f2878fab2a46d81e83d462d0cbf7.sol,0.4.25,Tcbcoin
0x36E31c256a56F791f636Df25306a4446Fd43E4a7.sol,0.4.23,MainToken
0x36ed3f456142998c0841bb8179eeb65d4b5066ba.sol,0.4.17,MetaToken
0x37012fbb2bd317e60a9b1b78eb032e1cbc681990.sol,0.5.0,CompoundFlashLoanTaker
0x3704056ac201ad612d07b8b60e01ee34810d3bc0.sol,0.4.24,eCredit
0x371128cd849cee2e4b10f1883319e66ebf2c70b9.sol,0.5.7,SmartBitPoint
0x37148d47563335fd2114026c177dec054f385bb7.sol,0.4.20,SafeMath
0x372039dd01953f731c8493fa11b2a10a9a93b4cf.sol,0.5.16,StrategyControllerV2
0x3720b72c4f0b9f2d684ecf04c2945a7100c56d8b.sol,0.4.17,TetherToken
0x372225c27ddccc89ab5493504047c0982eea3312.sol,0.5.14,ETHDropFactory
0x372986fb6d0cb7551c81ea7b57824b93ebcc9319.sol,0.4.23,MainToken
0x372e082bc6b0575ee1411624ff18ae0df2c24a13.sol,0.4.26,JDQJ
0x37314508aA54d240742EaE3C905B2Ffc5B89446f.sol,0.5.0,BatmanToken
