0x5b9ce8f640b6d87df1a14d4801e9e7a28fa2f17d.sol,0.5.2,QYBC
0x5ba4d3e350acf0ca8d27a1052e55609998bef947.sol,0.5.7,Token
0x5BA9d812f5533F7Cf2854963f7A9d212f8f28673.sol,0.5.7,Manager
0x5baba73ba37d58ab7e17fff1fffab5719f9c32a0.sol,0.5.8,Registry
0x5bbe0f9e87e7f65a9ef0fb74472b4b55ea84f681.sol,0.5.11,DharmaDeploymentHelperStaging
0x5bdc00b6676579b301b276198db1ea9affb94329.sol,0.5.7,XBASE
0x5beb287ea5a5a0e9ca2f2549ba534153c9799065.sol,0.5.16,DeltaHubCapital
0x5bf07cedf1296b1c11966832c3e75895ad6e1e2a.sol,0.5.11,DharmaUpgradeBeaconPrototypeSmartWallet
0x5c01aac3e4182fcd5c3858b4a9528e9f331b9ad0.sol,0.5.1,MultiSendContract
0x5c01ceB9498329b94289aD847297AEbDa86F829D.sol,0.6.0,InstaDSAResolver
0x5c06da8f3e6b467391205563803b77028255fa86.sol,0.4.24,NewCOSBALLToken
0x5c0bc243fb13632c4d247f4f0bc27f2f58982c39.sol,0.5.0,ORYX
0x5c1209acd4fae170eea93c830a0cb74bc5f9ef2b.sol,0.6.0,CojamToken
0x5c20b52556f51bb7bcd5caf521fb90d9b70204d1.sol,0.4.24,BiCoin
0x5c250ff9b993c6991cc4a3cc543716e53b478018.sol,0.4.24,STPAY
0x5c2e024d836e651629f0dc18273068424087ac2e.sol,0.5.1,aphalius
0x5c334308640875f88b18481d31c066d9eb2d3cb8.sol,0.5.8,InstaMcdSave
0x5c345bbd249ae342ddd0c029b47713ca0b5ead56.sol,0.6.6,exchangeRateContract
0x5c3536c7cd64c3bcb6ea01c00c2919bcd5053aba.sol,0.4.25,BlastBox
0x5c3662193fc74605dadddbd51061507e00d9e2d4.sol,0.5.17,PUBLICWHITELISTING
0x5c3c090a8677b46da26ce86274ac399e61c64daf.sol,0.4.24,BulksenderProxy
0x5c3e96662397a75e334ca2db3c9835bdb0b2cb8e.sol,0.5.11,OTC
0x5c406d99e04b8494dc253fcc52943ef82bca7d75.sol,0.5.16,cUSD
0x5c453ca29ae3f84e52ad7c36a5d0af180431f56a.sol,0.5.16,DecentralizedAutonomousTrust
0x5c4d54b123752e3bc525bfbdfcd2301d088abf55.sol,0.4.26,RONALDO
0x5c4e325d2c570443f4ea3ed5623c58de221e9475.sol,0.5.11,BestOneToken
0x5c599498f1af61dce41289fa6a735ce053785272.sol,0.4.18,LiquidityConversionRates
0x5c5c80ab9016a7ccd1c91dbdc7f134fc063a1487.sol,0.5.4,LOAPROTOCOL
0x5c5ca8c79bf69a5449f1f621215e9cfc91189cc5.sol,0.5.16,LavaWallet
0x5c69bee701ef814a2b6a3edd4b1652cb9cc5aa6f.sol,0.5.16,UQ112x112
0x5c77cd6160f1be4df0ede538a022cec96032b11c.sol,0.4.26,Reits
0x5c79caefeab641eb667ee9dcb82c5e9d211eca73.sol,0.4.21,SafeMath
0x5c7b52bdb09d9889159573aa98c06d325feab6d3.sol,0.4.24,FFCToken
0x5c8df800b6f9f0285ac594bf55dee0099817fe71.sol,0.4.11,EDAN
0x5C8eb57b44C1c6391fC7a8A0cf44d26896f92386.sol,0.5.16,DelayedProxyAdmin
0x5c94e305998e4be76ba7a1e2d6cf08c84afd3ce8.sol,0.5.0,DOSPayment
0x5caf454ba92e6f2c929df14667ee360ed9fd5b26.sol,0.5.0,Dev
0x5cb5e2d7ab9fd32021df8f1d3e5269bd437ec3bf.sol,0.5.16,StableAMM
0x5cb634c351a03ff2bfb59c73db8b429ffdfbbb62.sol,0.5.0,MinionSubdomainRegistrar
0x5cc008904d3eb2120635df882e4e549aa254a450.sol,0.5.1,BOMBFinance
0x5cd5cff91fc3bfd3aaf1d769b1e040a88266bac5.sol,0.5.11,GCM
0x5cdb43f53c2676cdc0e27456f11fccbe4988e8c6.sol,0.5.3,DharmaSmartWalletImplementationV4
0x5ce157c714d800ae283e3f36cdb5dcb83a4b78ca.sol,0.5.17,StrategySNXSUSD
0x5ceb83522fb8a9442d4b45c7fd0d5264579c27f4.sol,0.5.17,StrategyCreamYFI
0x5cef8c37ab75fc56cd50e17692f39ac7bc189075.sol,0.4.16,ERC20Token
0x5CfAFCBbAd0e6C0363a7689b605ddFf5Ee3691fa.sol,0.5.0,Town
0x5cFc5CbC23a1728728059D0dF3ba2abD24EB555d.sol,0.6.0,InstaAaveResolver
0x5d0360c3940f2f2b54ebc381e3c04ab207191335.sol,0.5.0,yTokenProxy
0x5d0be1e7ca540b007d89bbe0f56f2fa6a60342ea.sol,0.5.13,PMT
0x5d114f2c82c8055c34c4e7fe2fa364ad07c76a15.sol,0.5.17,RiskOracle
0x5d18fe86bf42a3b2ddaebdf7fd8bc0578eab71f7.sol,0.5.13,OrchidListVerifier
0x5d2ab863738e1ab1fe214067feba30121d7bda66.sol,0.5.12,Date
0x5d351f18d397a8af02fbe0c24c2be18b8911398f.sol,0.5.17,TestToken
0x5d382e896e5eac5adc123f29e3152472f3e5794e.sol,0.5.16,TokenSoftToken
0x5d389106ae7bb313d7ec39f71d8f825ed17d7ba1.sol,0.5.0,uniswapLiquidityProviderZAP
0x5d3e3e707d87f06d806961a5f8553b1b52b9de73.sol,0.5.10,Contributions
0x5d4bb541eed49d0290730b4ab332aa46bd27d888.sol,0.4.24,Aggregator
0x5d50aac0f819a7801144a0d460ac215337150c4a.sol,0.4.25,EscrowETH
0x5d583A520B4810e465E01CFFF2baD70682953255.sol,0.4.18,CAP
0x5D63204cAd8bBF6DCDB33B67455b782D1B8AD845.sol,0.6.0,ProxyPermission
0x5d63846de87179ebfed8b9c512d503c07516d94d.sol,0.4.16,TokenERC20
0x5d66351e56c04ec1057ce98dcfb4e185e9e0122e.sol,0.5.17,CurveYCRVVoter
0x5d6bdeb18ba6e2be5cb87c7cfaee9cd07d000428.sol,0.5.12,RecipientWhitelistPoolToken
0x5d84fc93a6a8161873a315c233fbd79a88280079.sol,0.5.16,Exchange
0x5d8c0f983bb1814c2b081d9f2109c73d5c5291fc.sol,0.4.18,OceanDex
0x5d9bf14e8c1465cd3581cada9c6eb7418328a517.sol,0.5.8,InstaMcdMigrate
0x5D9DbF55aF65498FaA84BDD4dDe37f7F3f8c7af1.sol,0.4.24,DAOFactory
0x5db3d2fcf17c4a5ae75f548288b2126768c5882f.sol,0.5.16,P1OracleInverter
0x5dba1444ac267ae2fb1bfb28fb71b8665f99cda6.sol,0.4.17,MAIUSD
0x5dbef8e9e83a17d4d1d4c65a1e26133edae851dc.sol,0.5.0,ContractGateway
0x5dbff1e8ebdbdcbced49335da4b19e9f7d9bb9f6.sol,0.5.0,Staking
0x5DDC23dEE470AEc28D51721b4E3A25f9399166EC.sol,0.5.16,P1InverseFundingOracle
0x5de98d690e021b1ae355fe23964be28fdd5f750c.sol,0.6.12,wBITG
0x5dee66ede6802a4f33558edf936414a28266e86c.sol,0.4.24,TNB
0x5dee86b9345a2b4631d087fac91e1609a1c9d9d7.sol,0.5.0,FinancialContractsAdmin
0x5df066a1ab50c9bdb40b8e62018bc387c6520d5e.sol,0.4.20,SafeMath
0x5e00a16eb51157fb192bd4fcaef4f79a4f16f480.sol,0.4.26,PremiumFeedPrices
0x5e156645b572dae1c3a487173fa2dfaae3a1fa22.sol,0.5.0,Counters
0x5e227ad1969ea493b43f840cff78d08a6fc17796.sol,0.5.0,Multicall
0x5e2b3a8b13acd0d5068c40618a4d56de32518f36.sol,0.5.16,ShareholderVomer
0x5e3038e48fa3ba4113b2cbe0417f90dc8de1a9d0.sol,0.4.26,TokenERC20
0x5e35d4656191613ca64460feeb427f9d238d2b75.sol,0.4.18,UCORETOKEN
0x5e3b1e2b02c9ff4f85d1d310a0199cf4c594de21.sol,0.5.8,TRID
0x5e3c8b0f7229f1f1873267b6811465fef73d53ca.sol,0.5.8,LiquidityPool
0x5e3Ef299fDDf15eAa0432E6e66473ace8c13D908.sol,0.5.2,StakeManagerProxy
0x5E4334fD53B95dF63993c805066d693bb8CE5dFc.sol,0.4.23,MainToken
0x5E4E139459d99835041c2dd5a6E4178FA115Fb5A.sol,0.4.24,DefuToken
0x5e526082494D4e3bE99D9a63688Ec80A9e263D8e.sol,0.5.0,KELTRON
0x5e57465d07cd853287a80f87f7e05ac5417edc43.sol,0.5.0,CompoundSaverProxy
0x5e5a7b76462e4bdf83aa98795644281bdba80b88.sol,0.6.9,CloneFactory
0x5e5f7c7578c65fcf2f07075966a21b833ab7bbe9.sol,0.5.9,Dvision
0x5e768e2e902127b585d435cc0a9280c21f585933.sol,0.5.7,Airdrop
0x5E7db2FFc5b2c7C47103e4F21C702bc402603fBf.sol,0.5.1,IBMapping
0x5e87ed7e52fcf86542e6a7b749cffcb69de8b02b.sol,0.4.26,Trader
0x5e8816e9f910c472a18617b64b75711132e4678c.sol,0.4.24,Avengers_Coin
0x5e8873210a5eca950db81578d32a5dd1fbb15f2d.sol,0.4.25,SGAAuthorizationManager
0x5e88d3aa9c690a519279c199cc16f37b99510e2d.sol,0.4.26,OffChainOrFeedPriceFeed
0x5e8f10d4480fe6e1e3b96d5b9eb9592e17052bb5.sol,0.4.20,BebPos
0x5e90f3e3ac180089ad1be0c85304a5e5582cd19c.sol,0.5.1,FGO_Token
0x5e976b687d902f13f6af33a5cb097440ddcb149e.sol,0.5.8,Rebalancer
0x5ea056be00e7a032f9b93fbdbc04dd25577e88de.sol,0.5.17,MolochSummoner
0x5ea75c520bf489b33a13f42284d3ade09f550648.sol,0.5.12,XRA_TCJ_SWAP_TIMELOCK
0x5eb3fa2dfecdde21c950813c665e9364fa609bd2.sol,0.5.0,Multicall
0x5eb6450782d907feb53c6a041ee7113d0b80dae6.sol,0.4.25,CloisonneCans
0x5ece741a28a0788c609ae0f2521f151803356f36.sol,0.5.0,WPX
0x5ee0900fa78dc40279cc7372884f1a2ee515f876.sol,0.5.10,ProxyContractForBurn
0x5ef30b9986345249bc32d8928b7ee64de9435e39.sol,0.5.12,DssCdpManager
0x5ef7634582ad5d5b86eab4c719ea8e58d1a3789a.sol,0.5.0,ETE
0x5f0711c689ed216f97d91126c112ad585d1a7aba.sol,0.5.0,ChainLinkFeedsRegistry
0x5f098176b4f96207b3dc7b257175208112147243.sol,0.4.26,ArbContract
0x5F224B256C037FB41379008d78Fb196760C9011c.sol,0.5.2,Edan
0x5f3d52a2cca63af9e051607fc3db5f479cb23521.sol,0.5.0,SimpleSell
0x5f3e90b7ecfbc4f63b60c55ec0e825a927467bcc.sol,0.4.26,MRDF
0x5f3ed22b53ac0a001f0feedc2a3985999377c2ab.sol,0.5.1,SafeMath
0x5F4599A9512372552d2b3AbEeB9F9095C7514576.sol,0.4.24,StibcoMultiSigWallet
0x5f58058c0ec971492166763c8c22632b583f667f.sol,0.4.26,BancorNetwork
0x5f632f77a8077170edcd8faddadf06384cdc0e93.sol,0.5.10,HRQ
0x5F63aEeaD8E28CB86bD5D4186c26c43A5deb129a.sol,0.5.10,Util
0x5f6bb887c9a4609078a01b2832f37d0f96fe762f.sol,0.4.24,LTT
0x5f79e30c5bb410b27195e72b9232b162b3d47d42.sol,0.5.14,LexTokenFactory
0x5f7bb27f7a4702ebce052745cddc1f567ec89e15.sol,0.5.0,EthGame
0x5f7f797124ccf7145453bd120eab3f43abd3635a.sol,0.5.11,SafeMath
0x5f821c20947ff9be22e823edc5b3c709b33121b3.sol,0.5.0,ERC20Proxy
0x5f8e07652f6c8e8cf70037117f0221c3e47e72e0.sol,0.5.0,StableAMM
0x5f990Ee41EB20ee3678B0254aBd128650983aD94.sol,0.4.24,Voting
0x5fa19f612dfd39e6754bb2e8300e681d1c589dd4.sol,0.6.8,PerlinXRewards
0x5facec6e543e1a4acf46f0dbe25d85e6cc48eaec.sol,0.4.22,Lamp888Token
0x5fb77e7362deac5ec360b30a5528bfbdafae5e98.sol,0.5.0,SafeMath
0x5Fe2F5F2Cc97887746C5cB44386A94061F35DcC4.sol,0.6.10,OwnedUpgradeabilityProxy
0x5fe8f8e8d8317ea26ccf08bb5fd2fe72fc29c4dd.sol,0.5.13,MoneyStampsERC721
0x5fff4cf138eb7ec48ea020fe3a2abc3692fb843d.sol,0.4.26,UniswapTradeExample
0x600932fc01b906967a98d4d13c779c64347755b5.sol,0.5.2,BountyPayout
0x600b20c17dc7f63e0dd7a1d3931984ab91ea4070.sol,0.5.8,InstaMcdMigrate
0x601ac480c7a8a8dd0a307a50d1e024f8e93e80f7.sol,0.4.18,Airdrop
0x601f16d1d60839dca26b0895b6a23774bca10719.sol,0.4.25,MysteryGhostToken
0x604d78619f174f0571cf5d2fbc4541b3d4b614d1.sol,0.4.23,HongKongBlockChain
0x604e56f49e34beb2ea566e069c6911c60193acd7.sol,0.4.24,WADCoin
0x6056d0d895fc2b4bd48616e613447d79ebc443e2.sol,0.5.0,HUC
0x605d41005590391383b20682a0ca9b85b196ce21.sol,0.5.11,KyberSynthetix
0x606563f8dc27f316b77f22d14d9cd025b4f70469.sol,0.5.0,UniSwapAddLiquityV2_General
0x606c4b62cc8f864de1664129ac7bc17c04b4e95f.sol,,ERC20Token
0x607B80a3498F01f87b889486f4E7f82C98CF0584.sol,0.5.8,NESTAbonus
0x60853118431dafba53d4d8fcc9bd3d17279b61fe.sol,0.5.0,LendingPoolLiquidationManager
0x6089150AD2A66E51e0E9985ec8f1E64f641F33ef.sol,0.5.8,CourtPresaleActivate
0x608bdc9664174E2497D46F9d3a6b2F84063E90D8.sol,0.5.11,Context
0x60972b9cb76997d74eb617362631744cd0987b2b.sol,0.5.0,CurveFlash
0x609fee2c94076d2b44f0b1bdb9ebb33877355c5d.sol,0.5.17,LexGrow
0x60accbD43E9aAd281c1CDe56D3F5ed697B948b22.sol,0.5.9,sproof
0x60b682ff8650a823436e5600a344af4a0ad5c3d1.sol,0.5.0,HTMLBodyColor
0x60C0554939367F502cf5762f72F04120E960a803.sol,0.4.23,MainToken
0x60c409d9135aae95d53b44fef6adf371db9260fb.sol,0.4.18,TICOEXCHANGE
0x60cbAeEe17D19458420cE572CA32a8de337Bcc2E.sol,0.5.12,SafeMath
0x60dad3c9311391d9afa6637cdef7feec8e3a73cd.sol,0.5.10,LockMyTokens
0x60dd0544db8c3831f939d21c37aa5baf03cb74e1.sol,0.5.15,YamAutomation
0x60ec679cf3a48d89efa774fccd3dc59ef1401330.sol,0.5.10,NXTG_ERC20
0x60efd418beb6e0064acbb7cd704169f07de67480.sol,0.6.4,UnlockScanner
0x60f3680350f65beb2752788cb48abfce84a4759e.sol,0.4.24,Colorglyphs
0x60f47ae909ec0aed25519a252a2ab6394c28beb7.sol,0.5.0,BridgeFlashLoanTaker
0x60f80121c31a0d46b5279700f9df786054aa5ee5.sol,0.5.0,MintableToken
0x60f941d0b8344f28e03132d0a09fc10b6b2c6740.sol,0.5.12,FlapFab
0x6108f963512eb5632499aa78f39a24fe66b29de0.sol,0.5.16,ShareholderVomer
0x610c5e1eb8e97a38c1706af02b0caa778f74127c.sol,0.5.7,RingSubmitter
0x611067b9b93868cd81190a846ae466d2fe7132f3.sol,0.4.25,ShakaToken
0x611a98a23d0d901502466681a41077de16faa13c.sol,0.5.10,Staking_NAEN
0x611bafa32c484143d4d07a16975006f917bd360a.sol,0.5.16,PolkaDOT
0x611fe161f207306ac53d058edffad9d34bce0bda.sol,0.5.14,LexToken
0x612172d91d5935d1cec07249ed92109816815986.sol,0.5.0,Fleek
0x61233f31e00ceb1140d0a283a2f70430b01c4ddc.sol,0.5.14,LexDAOMagickSpell01
0x612efa32e2aed8730d17b70ff71e7a29d44a7908.sol,0.5.13,Piong
0x61394198ee6cbe2d6ad603d52c10fba3237202ef.sol,0.5.0,SafeMath
0x613a38ac1659769640aae063c651f48e0250454c.sol,0.6.6,AccessControlledAggregator
0x613b2e55d01abd97dd620fe0fe4f74ff7c409e20.sol,0.5.16,TokenImplementation
0x61471fc2314d6c928f84967f03dda339aa99b771.sol,0.5.9,DAO
0x614c18055230a05bb9d74ea73feb93cfdf74ac99.sol,0.4.24,KAN_Token
0x61607359ea46ebfbd6062ea52d06ea3b8f8be768.sol,0.4.25,ReiToken
0x616288ec15c7faf47e992925f2fdb0a7770b3356.sol,0.5.2,SimpleRestrictedFDTFactory
0x616683d3cca6ea6972f50bbcc66b66e5fd9ecc12.sol,0.4.26,Trader
0x6176A455b7F6741c84D9E3d479DebFCe0ba8443E.sol,0.5.7,MovingAverageOracleV1Proxy
0x617F7C416ceC4361246fac916feeB187d0C3e970.sol,0.5.8,Flat
0x61806745537cbff07dc15085ac06f2ccb9547845.sol,0.5.4,PAIIK
0x6185f5de8bea6dfe6ac0faeaf2095d400a2dc7b5.sol,0.5.11,CheckReserveSplit
0x6187d8d8a866ceefe6e9889edc91797e6a15c012.sol,0.6.0,InstaDSAResolver
0x6190a479cfafcb1637f5485366bcbce418a68a4d.sol,0.5.0,Decimals
0x6195Fc2b3C2ccB00F0A4A2504bdfB8EA1376aeC4.sol,0.6.11,ERC20
0x619f9ed8c330803bcbaac0218d8e617cba1d5172.sol,0.4.24,FlasToken
0x619ff65f38474989959c707b2144ebd2cbe58d1c.sol,0.4.25,TIMEOUTTOKEN
0x61a1c1bb52137c49677c4d9b3124d11887076d68.sol,0.5.0,LOTTO9
0x61ab1d42f0981dbb7069831e239266e8861878ba.sol,0.5.1,PALLADIUM
0x61c39598fcc50b77ff8220ab660325c8214d8fb4.sol,0.5.2,PictosisCrowdsale
0x61C5e975E2a9e2CbF8Af14DC40b5dCc1b27c0267.sol,0.5.10,P2WSH
0x61c6fd8379a4538ed4e660224b381d5224c9e317.sol,0.4.24,StandardToken
0x61CEAc48136d6782DBD83c09f51E23514D12470a.sol,0.5.0,Subscriptions
0x61dac0359faecfe0b39a52f892b40fd8b23f4266.sol,0.4.24,TokenRequest
0x61e2ce22da7ba8b15abe3d3e6c8185f63e8cf384.sol,0.6.4,IearnAdapter
0x61e80e4e31261df601b0d5bc479eaed5249816b8.sol,0.6.9,ERC20Token
0x61eDb6b025867c1A5354ed46A13C10b616e32AB0.sol,0.4.24,HPUP
0x620452f220e181842696efb695dd8d6a87da9953.sol,0.5.0,tknBatch
0x6209cfbdee10e7796bbcabfc6400acdc06ac26f2.sol,0.5.14,cTokenKyberBridge
0x6218a33feee0d2be8a94c4051def01f5f57413e1.sol,0.5.12,DyDAIImpl
0x62195cfda73f99e1bff4881fdcfbf5c9576d3c88.sol,0.5.9,lexDAOregistry
0x621AD080ad3B839e7b19e040C77F05213AB71524.sol,0.6.0,InstaDSAResolver
0x62202691232bac5fbf101b6f88713f44fad939ae.sol,0.5.0,APRWithPoolOracle
0x623b022331d389f785947c2849c72078eb0ea00a.sol,0.5.11,Ethskytrix
0x623d2b987dcde40bc73f678b9ae57936ab32e112.sol,0.4.26,pyzusReferral
0x624ab8fae7e0b314a7ebcf7b012e919cc5f746b7.sol,0.6.10,iCollateralVaultProxy
0x6251e725cd45fb1af99354035a414a2c0890b929.sol,0.4.24,Erc20Base
0x6254146660259b6077f5cc1260d607d688f70bf8.sol,0.5.8,InstaMcdMigrate
0x625b428079330ee2a17c56f55f67126014551396.sol,0.4.24,MokaNetwork
0x625c3e1884899860773a4f9f386835f4c738c5fa.sol,0.4.26,Trader
0x6269d593fb1c445067f3bd11e244de71e7de0286.sol,0.4.26,RTToken
0x626ff0159d20126cbae59f315db335ad81b1a0d0.sol,0.5.10,AlethenaShares
0x62766d95c2b7fd47745cebe4ac74dfe84a37f926.sol,0.4.24,BeeCoin
0x627888Fd6227Ff7174Bd7C4dE8a006E7dC96F4FF.sol,0.4.23,TELOID
0x627cd0DbD5eE33F8456Aa8143aCd68a13d641588.sol,0.6.0,ConnectAuth
0x6287e39f3d56a92308b21b1078899a20089910da.sol,0.5.0,MB
0x628Ac7C9742a52931486b9af6e54db4511FeFE42.sol,0.6.6,AccessControlledAggregator
0x629836d92e13a7728dcfb9fba40b2377e528dfb0.sol,0.4.25,SafeMath
0x629f94765a65b31202888a83057341dab2785757.sol,0.5.17,MysticMolochSummoner
0x62a6738d887f47e297676fab05b902709b106c64.sol,0.5.16,Proxy
0x62a9df588d15e78153db9ea43bcfaa4a60917284.sol,0.4.19,AceAirdrops
0x62b37f0547047d99cc59e2f0db549ab1d97149b5.sol,0.4.18,RequestERC20
0x62d6a4aed6a0e522801cc913d01df08fe3c70bfb.sol,0.4.13,OratorToken
0x62d85f7a5e5e53451d5decca6cd8fda3c6d9380e.sol,0.4.25,Ethprofitspace
0x62ebff47b2ba3e47796efae7c51676762dc961c0.sol,0.6.0,ConnectUniswapV2
0x630022871149E6EdF70F41B8108bc19d928AeF01.sol,0.4.24,Infisectra
0x6302eb80a6bcfa97160b6f931bbaacdfe5a923d1.sol,0.4.26,FASTPAY
0x630ef862b3af06216879b9b1420f3aa234e86e5b.sol,0.5.0,BalancerRegistry
0x6315aa908c50376d1028412c028aa0629f0355a6.sol,0.6.12,FiatTokenUtil
0x6317c5e82a06e1d8bf200d21f4510ac2c038ac81.sol,0.5.12,ExchangeProxy
0x631d66f79191c86d7b7a7c0e2afae3ae943931a4.sol,0.5.0,ycUSDT
0x6326a02ed7A19Df409b0f63d4b272d11e3dEb14e.sol,0.6.0,PeaceCoinNoteToken
0x6326c45c2aa6ea9adf8d43a43284d736e7a89ae0.sol,0.6.0,InstaCurveResolver
0x63551b8bc265ee6f68ed8e2d439cdd4ef8803826.sol,0.5.12,CheezyExchange
0x635c47ab07b9d6fc3a52f705d494e7c30c0323d2.sol,0.4.18,SetStepFunctionWrapper2
0x6368e1e18c4c419ddfc608a0bed1ccb87b9250fc.sol,0.5.0,TapToken
0x637b2dde8bafe1813ef04a67c34425f8efabcad8.sol,0.5.11,KeyRingGenericDeployerHelperStaging
0x637eabb2d9e934af3bbb792f71ae2ae02de2b98c.sol,0.5.11,RebornDollar
0x638155f4bd8f85d401da32498d8866ee39a150b8.sol,0.5.2,Jurasaur
0x6384e3cbdf165250b191cac2fd8ffe3b718d34f4.sol,0.4.24,ExorionToken
0x63902021a436f506e1518bff94cdc9d5a52d39ad.sol,0.4.26,CHANEL
0x6392808dd147e4064f7114600f5bd758291e127e.sol,0.5.0,LoanMoverProxy
0x63957c56a34eb6dfbaf87799f160ee3b343b3219.sol,0.6.2,ERC20
0x63993c8b577950db1fd0cf67a1aa472c36ec598b.sol,0.6.7,TokenLocker
0x639cff3936ba73fced75f9ace328b7e72d85d933.sol,0.5.10,ETH
0x63a049496c1d24d727fdb5af59838562a5aea981.sol,0.4.26,ODX
0x63a37eb65681b28c4012d26966dabcf45f494be6.sol,0.5.8,ShuffleRaffle
0x63a4936b8b471435d7af0646ed1429140e59acc2.sol,0.4.24,NKCL
0x63a6547ba6bff7438a7d5e1117e5e68150ea803c.sol,0.5.14,Forbestnet
0x63ae1fc0907d8babfb1e4015655c3ed09f3d8c7a.sol,0.5.12,localElection
0x63b0213ea07deeadb3cba59c98ffd98f0c675e39.sol,0.5.17,MolochSummoner
