0x6d26f97ccdc9d2e1f0a905ec8593109c031f7e32.sol,0.6.4,UniswapV1TokenAdapter
0x6d2a62442daf0448561d130b40bac6159264b1c0.sol,0.5.17,LexLocker
0x6d2c508fc4a588a41713ff59212f85489291d244.sol,0.6.11,Token
0x6d313883c6db5ea58bdd5546f403f1fe27e92690.sol,0.5.0,Uni_V1_V2_Pipe
0x6d3f69e1496c8139e246ffa2384214e3cc9fef6e.sol,0.5.7,CompImport
0x6d4988238b6396d15a63ed675d96dd4d86a70f2f.sol,0.5.0,WithdrawStorage
0x6D4bD4137D0B2BD7146CD7bBcF57065C8f8eC080.sol,0.6.5,PoolTogetherAdapter
0x6d52d340a8537aa0de865a0d87f380d6d512d333.sol,0.5.0,StableAMM
0x6d72ff6373c86f3b3cca09ff18068d3c8f2b62b6.sol,0.4.26,DeFi
0x6d8ff9bc86c8693bbea9dc5e2c338e903bd4e474.sol,0.4.26,UniswapTradeExample
0x6d9338356ca5633811ea1316641dda13f2effc12.sol,0.5.10,KittiefightToken
0x6d9c624844e61280c19fd7ef588d79a6de893d64.sol,0.6.0,InstaERC20Resolver
0x6d9Ca2aB3eB03a096A8F006625De9A29722D418b.sol,0.6.0,Sync
0x6dae6ae227438378c117821c51fd61661faa8893.sol,0.5.8,MultiSigWalletWithTimelock
0x6db5757a3aaa80903a779507c53d6de981277aa8.sol,0.5.11,DharmaDaiPrototype1
0x6DCC6577650BBF5B70E9EeE7Cfd1364410867206.sol,0.5.12,AuthereumEnsManager
0x6dcdce5853cfbcbe4e3eb15c9ab2277983387cd9.sol,0.5.0,Revolution
0x6dd6a07ca202514ad502676fc42f76a6a7dcd65b.sol,0.6.5,TokenSetsAdapter
0x6ddfd18b0abfd138399afe16295233efde9b99a8.sol,0.5.16,ZapperFiToken
0x6de46884806926275624c2238a312f11f7386579.sol,0.5.0,HabriumERC20Token
0x6e3ff866605b5565736b0e00c724d40dc29f8bf9.sol,0.5.0,SocialContactVideoChainToken
0x6e4d93efc2beac20992197278ad41f8d10b3efaa.sol,0.5.0,ERC20Token
0x6e53130ddff21e3bc963ee902005223b9a202106.sol,0.5.4,NiftyRegistry
0x6e5ca1cd4c4aa25aa95c373b6d66a2b7a42c63e2.sol,0.6.0,OneInchArb
0x6e5ea1DDC5D92Fe08F73eCFdB1cbd0be237b1904.sol,0.6.0,InstaAccount
0x6e5f8f01d72eb96a408677b47f100de08210f24e.sol,0.4.26,GiftOfCompound
0x6e7ab7845726719d3e38d5fef2c5780e05afe4a6.sol,0.5.0,LoanMoverProxy
0x6e8d08e21999118fe5baff65b90c0e138907329b.sol,0.5.17,StrategySNXSUSD
0x6e8eb65e8768d9c67f7d16c7fed005e3e0373cfb.sol,0.5.0,SafeMath
0x6Eaad572e6CbA35bc61102dC2973c48A8D7F07dE.sol,0.6.0,InstaAaveResolver
0x6Eb0f7Ef9cA0897210832137004B5851DbD8D0Cc.sol,0.4.24,DiceVerifier
0x6edb679e04ce7d8246e905a7cf2c0be3df0034c1.sol,0.5.0,CompoundSaverProxy
0x6eeb68b2c7a918f36b78e2db80dcf279236ddfb8.sol,0.5.12,MkrAuthority
0x6eefae076aa3a4f83cecde690672d5735f169ace.sol,0.6.1,XcertCreateProxy
0x6ef38c8ba4a81e0c760b2ecf8c5d9f9cb234d4c7.sol,0.4.12,Token
0x6efb06cf568253a53c7511bd3c31ab28becb0192.sol,0.5.0,NiftyBuilderMaster
0x6f022e991ea21d26f85f6716c088e2864101dfec.sol,0.5.0,Token
0x6f05662109b296afb0f02bf490300c6b95e07d3f.sol,0.5.16,SavingsManager
0x6f0b09bfa87410ab993291ec5f8cda81f1d2acd9.sol,0.4.24,Pilnette
0x6f0bb458067038f9c7992dcde2025f0eefb5ecf6.sol,0.4.24,DDFImplementationV2
0x6f0f17df020cb9f200c175883b24b4407d18c521.sol,0.5.10,ZTokens_ERC20
0x6f10960a8513f1178755e8e24fbfca0fdc674dad.sol,0.4.26,FOSS
0x6f27e99adcaa431b5100049ad0bbfdda8b4de20b.sol,0.4.26,Trader
0x6f2a3b2efa07d264ea79ce0b96d3173a8feacd35.sol,0.5.0,InterestRateImplV1
0x6f364f1e26c350129f3eabf9139ff1e51d569285.sol,0.5.0,Allocator
0x6f367bdf377aa5be98efd77a734dcf7ca2539857.sol,0.4.26,TWD
0x6f3b2b4a0c690412991db12f6e299da3468be7cd.sol,0.5.10,I0Crypto
0x6f4950ec320c4750ed742c8a8b3141c183d1bf1f.sol,0.4.23,DTE
0x6f4e2618fc0ee75ef805e2873b11715de2b3c787.sol,0.4.17,MVNDToken
0x6f54421a9f5e40874ba4f5b1e7e335401b80a4fa.sol,0.5.0,Staking
0x6F582E2bB19ac31D4B1e6eDD0c2eFEabD700f808.sol,0.5.11,TicketBroker
0x6f6194041f019c7fa21a6e35e4fb496b2d6e1e95.sol,0.5.17,StrategyMKRVaultDAIDelegate
0x6f84358e013588ece8acf8e1f3f8c267fb311beb.sol,0.6.4,PoolTogetherTokenAdapter
0x6f8975248428e41c13fba2c8b797cd62637026f8.sol,0.4.24,BITCOINSTEER
0x6fa29900dbe429764b2ff018181b8ce2463888cf.sol,0.5.0,SafeMath
0x6fbb138ac2e9f780826ed10cc05211d9506d8ad9.sol,0.5.0,MarketFactory
0x6fbd1b59f204bb098a58f54e720440d0ca1229d8.sol,0.5.10,KarlBenzContract
0x6fC216BBBa44F2cc58377f0f6376eBd72f0F3a26.sol,0.6.6,EACAggregatorProxy
0x6fda9ea3b5bb66abefaa0fbf144c1a174ca8f448.sol,0.5.14,cTokenKyberBridge
0x6fe16816d3d05e702af450f6adb094e4346715ac.sol,0.5.0,SlashToken
0x6Fe92A032F76Dd6F1947ABC43214DC2cFFE722Cf.sol,0.6.4,Token
0x6FEf7b02eE69DFB6F8F0018d2163d37b02E22729.sol,0.6.12,Token
0x6FF1398c76c4b3e982Bc88c1F1cFEe2a13d8d117.sol,0.6.1,DigitalCurrencyBaht
0x6ff7c968b50ec34fa13e99b80ce97d5df14c7921.sol,0.5.1,osimi
0x6ffbd6b41b802550c57d4661d81a1700a502f2ab.sol,0.4.18,PoliticoinToken
0x6fffd2eed8553d674d69894ff44f2d55717b363b.sol,0.5.3,BasicToken
0x7004518a3bd00f2a7c3b0a3a8e60492ffcdde013.sol,0.5.0,ERC20
0x70083fa820ea8d72a0d192caf75e7db8aa2571a5.sol,0.5.14,SecurityTokenFactory
0x700a1d7ce704f843ec18747249852c28ce138aa7.sol,0.5.11,Token
0x700e6cd49d64feaf181b445f65b1d57782c4ac92.sol,0.4.24,MLTC
0x70107abb312db18bd9addec39ce711374b09ebc1.sol,0.6.2,RelayHub
0x701ae547425322da267526f258a8ce0377a5efe2.sol,0.4.26,DigitalDollarRetainerFactory
0x702839ce56fdb7a82cb17e6e4a1f354db3e4060f.sol,0.4.24,Blakecoin
0x702D4A36b5040c6A2944FA5d04728c0f1350C6A4.sol,0.6.3,APR
0x7039d65e346fdeebbc72514d718c88699c74ba4b.sol,0.5.16,HappyFacePlace
0x703f9ae24753380853e436ff60170dc0ea234a96.sol,0.4.24,KZB
0x7043fc2e21865c091eeae37c38e3d82bccdf5d5c.sol,0.6.0,ConnectKyber
0x7044e58623078074031507dbf6ba48381f3ae197.sol,0.4.24,ZeintCrypto
0x7045f6ca2e9c63d01856fb9f8ef9fa2d95296b54.sol,0.6.4,UniswapV2Recipe
0x7046b0bfc4c5eeb90559c0805dd9c1a6f4815370.sol,0.5.16,SavingsManager
0x704a78f463730a383a8bff751d003620ca566242.sol,0.5.10,TokenERC20
0x704d3b8bd25064760ae86ec11b77f303d147dcab.sol,0.4.24,WrapperLock
0x705794a33b0acdd9c47ad363c82a45a20056f734.sol,0.4.19,OldminToken
0x705853d0a2ff077d372bf5642c3cf86c08660c9b.sol,0.4.26,GiftOfCompound
0x705e97b137f3b38e8d151b5619b436e2d8a2882a.sol,0.5.11,EnergyChainValidator
0x70619ec7f90365efe96c09558655e3393654140a.sol,0.4.24,DecentralizedNewsletterChain
0x70673ff7f6829bfd11c5fa67b70757e8cf51fc60.sol,0.4.26,UniswapTradeExample
0x706c1b83cce2292f5dce762e33d05c4d708c5bd0.sol,0.5.0,ERC20Distributor
0x706f1ef47be280034d38b51076b25281cbc9e4c3.sol,0.6.6,LockMyTokens
0x70814357697c5290920bca4327fe6640e22edd49.sol,0.6.0,DropETH
0x7096065160ee2775242b7ac0af97102b0e9e9994.sol,0.5.11,BTF
0x70bb80b39a361aba7695420157792d59791ce24d.sol,0.4.20,ERC20Token
0x70e5e3a18780f11e1b9a195ee270c4ccba747ccf.sol,0.4.24,QARToken
0x70e7f1ada9414640c701b49ccd78feffc8f8a571.sol,0.4.24,Verpol
0x70e8de73ce538da2beed35d14187f6959a8eca96.sol,0.4.24,FiatTokenProxy
0x70e9f0d488a3042dd202836f68f8e59c660df1a6.sol,0.4.26,TokenERC20
0x70eFDc485a10210B056eF8e0A32993Bc6529995E.sol,0.5.0,BLZN
0x70f2d035a411b806f6f2b3632fe6d748d90eedbf.sol,0.6.10,iCollateralVaultProxy
0x70fadbe1f2cccbaf98ac88fdcf94a0509a48e46d.sol,0.4.16,GL_ERC20
0x71228c4338e4570d04c3bf33b9e953cf89c4de8a.sol,0.5.0,SyncfabNFT
0x71229dba0029a609a003dbf11444de580592f66c.sol,0.5.0,SafeMath
0x71274b95b994db1edadf66867203b4869c26d98e.sol,0.4.16,TokenERC20
0x7149d21e781a891df0dd29d2abcd95380122ba45.sol,0.4.24,CYP
0x714f9344b37104651ea0eeaee18f8b31146fc123.sol,0.4.23,TheGlobal
0x715e5efcfe32ccc73d71c61f3a1fe80ed99b0e21.sol,0.4.26,EParadise
0x7163b91c325BD05BEDe113c4Cb8e31A12C789B7d.sol,0.4.17,TetherToken
0x716523231368d43bdfe1f06afe1c62930731ab13.sol,0.5.10,_0xEthereumToken
0x7166ee2ecb2b4d6451d134a9da72b24e8c4087b8.sol,0.5.12,FlipFab
0x71a25bb05c68037b867e165c229d0c30e73f07ad.sol,0.5.0,Lockup
0x71a3c98e0b6740f7dc48e393c6c53b7e7d449633.sol,0.4.26,flashIt
0x71a6ad75809987807bc3d9ab37059d7c37837607.sol,0.5.0,COMPfarming
0x71Be700eeE096eDb23eb3110219A01f4c8999747.sol,0.5.11,SPEEDBULLPROV3
0x71d43ccc1e7510f84804749acf1c3fcb6fc415f3.sol,0.5.0,APRWithPoolOracle
0x71d7a235f98e3ff4585f7a11116212f0ae85651c.sol,0.5.14,ClaimTokenFactory
0x71d88d9a24125b61e580bb73d7c0b20f0e29902f.sol,0.5.16,DDaiSwap
0x71d9e889712440acdb13ba9e550f003930371031.sol,0.5.16,StrategyBalancerMTA
0x71de0d9fea931b42297d94cac5ec915410e1da99.sol,0.5.11,EtherShareQuery
0x71e4b8de109428f999391eb3424d2cc87192e8ba.sol,0.5.10,_0x
0x71ee6e4fd5f2e70ed5e6fbaf853ae3b223564bca.sol,6.0,PZMToken
0x72020b0fe8f962047bdafd1f404932d07408690e.sol,0.4.25,TokenERC20
0x720e853d5af782e8146345ee668c1b4ce8aeb3b4.sol,0.5.0,TokenDistributor
0x72112ee2f2cfb1f8494e78e0c3166a77fb6a2d24.sol,0.4.24,DSToken
0x7212bf3e8f969a4f523e3b63db7d85f13af64731.sol,0.5.0,Staking
0x721e0193cb5986cddc0142726bea3aeb742a27b2.sol,0.5.2,MxnToken
0x722e70f69e7bfaa4eab94198b54c3d208323f495.sol,0.4.16,BET
0x723b51b72ae89a3d0c2a2760f0458307a1baa191.sol,0.6.8,EtherizerV2
0x7240ac91f01233baaf8b064248e80feaa5912ba3.sol,0.6.12,OctoToken
0x7252857b10db7af06499351aaf5987ce25bd4198.sol,0.4.21,VOGel
0x7255e01f934307ffb7a41fc78b6b1688f5dc6845.sol,0.5.8,ValidatorAuction
0x726a451e84db1d29e9cdb5323434c684acdce420.sol,0.5.0,SafeMath
0x72783301f79df7df1dc2225299d959c4cabe8986.sol,0.4.24,DummyERC20Token
0x727bF4BAed69265bBaFD39f0ab6e508F6fA118a7.sol,0.5.7,Escrow
0x7289e92cfc6031727020d631a4c91615f2f11c30.sol,0.5.7,PONZI
0x728bd7a36daf835eb06020be309920776f2d473f.sol,0.5.17,RiskOracle
0x729bdca7a4deb377544d4eb4e7acab7919db498f.sol,0.5.7,CompImport
0x72a748ecdf4b1ac458dc0e686744803aae3b4cbf.sol,0.5.11,DFW
0x72a9432aba000f23f75fcf66592ce3d10c4b7cd4.sol,0.5.10,RETH
0x72aa58a6bc3efc77cc8fe89b73bad27b468910e9.sol,0.5.0,HelixNebula
0x72adabd24171bd33fcd2aa36cde9dfe6bbee0caf.sol,0.5.17,Moloch
0x72B07FC5753a3564CfcAC50cD6f246187d2d4306.sol,0.5.12,SafeMath
0x72c7f822b85f262B4c7cc6332dDc037a0CBea290.sol,0.4.18,ConfigurableCoin
0x72d077b02c7cdfd5a6b63374a1719e60cebc1307.sol,0.5.17,DharmaSmartWalletImplementationV10
0x72d4e18816b5bd9aa6f7e44761333f873a813b80.sol,0.5.0,GasDiscountDeployer
0x72d530016e9e0fc23de6c1f7f487992c879518dc.sol,0.5.10,DEXT
0x72fb7da8037f165ebae91cab7e30ac7cd8d90c2f.sol,0.5.7,Geth
0x7312c1ad835AF2FB030aa48137589d64415c582b.sol,0.4.24,dSherwood
0x731ba4edb0bd96b25f22ca681e0125dedd847566.sol,0.5.0,MCDOpenFlashLoan
0x73374ea518de7addd4c2b624c0e8b113955ee041.sol,0.5.0,JuggernautToken
0x73386e25f5bbd74b43fa4429487d834725e3cd7f.sol,0.5.12,ETHERAUK
0x733ecd81b497c5d3339e986ffe0d818fdc524463.sol,0.5.17,LexLocker
0x733fa571c2db987dbdb7767fabf8392300f456d6.sol,0.5.16,EthToDaiTradeHelperV4
0x734c90119a0012ef744e3a0ee74691b4f05a2d7e.sol,0.6.0,InstaCurveResolver
0x7350ac18b434454501b35166d823714af8a1a4fc.sol,0.4.25,TEST
0x7360734a9b0a878c47faff6b4face010d8c57371.sol,0.6.0,GlueOS
0x736667b325f68c487c41afda7c4cfb874c327b0e.sol,0.6.6,EVipCoin
0x736d22180993e20cac87E9B2035560c1De455027.sol,0.5.16,Implementation
0x736e86b5e58bf0a6d48559c9fb2d60a348f5f51c.sol,0.6.6,Views
0x7370deef84c4704f7549f8a71ae41569a21efe48.sol,0.4.24,Leaf
0x7378ad1ba8f3c8e64bbb2a04473edd35846360f1.sol,0.4.24,DAOFactory
0x7383757C8a2F4cbc6A21a26e1F33a0fd95e7bb77.sol,0.5.4,MakerRegistry
0x7385a81f7ef5dca04d2f3fcdf3e599e2b8c7ecc2.sol,0.5.3,SafeMath
0x738d3cec4e685a2546ab6c3b055fd6b8c1198093.sol,0.6.12,PampStaking
0x738e20a5442f40056e7085e386e2ff9284d8d402.sol,0.4.26,TokenERC20
0x739194690d334f13104A78784F7FDAD48B4067c7.sol,0.5.12,EtherPriceWagers
0x73a052500105205d34daf004eab301916da8190f.sol,0.5.0,yTUSD
0x73a1eBCE4d99125ff228e246687F8a504bBbc562.sol,0.5.0,TICKTOCKTOKEN
0x73ab2bd10ad10f7174a1ad5afae3ce3d991c5047.sol,0.6.0,CurveExchangeAdapter
0x73ae859256da871afd09bf4d45fd60936b15d8ea.sol,0.5.0,EIP20Gateway
0x73ba08C7982bEE9F0f4625fE323E930608C82485.sol,0.5.0,Box
0x73cee8348b9bdd48c64e13452b8a6fbc81630573.sol,0.5.0,EGORAS
0x73d69485462862b1d4F0674611D5d6A43DD424e4.sol,0.5.0,Revolution
0x73dd6e972b4fce8ca611747b40006bcc8ee38e27.sol,0.5.0,Token
0x73E44092B5A886a37bea74bFc90911D0c98F6A15.sol,0.4.26,ETOCommitment
0x73f588a77d74a3973496e23dcef7ff1bcc989de2.sol,0.4.24,_0xCatetherToken
0x73f76fb521799305111d6846f03fce037a9f350d.sol,0.4.18,JJKcoin
0x73fce158aa84d2584096d23d4eb5721c5b08781d.sol,0.5.16,PolkaCoin
0x73ff071f4a13a359ce9d05b87390d9eeaa6a46c4.sol,0.4.24,S_M_A_R_T
0x740623d2c797b7D8D1EcB98e9b4Afcf99Ec31E14.sol,0.5.10,DoYourTip
0x741318c0F2cCdFd54BB2c2917e814E34Ffa857AA.sol,0.4.26,Trader
0x74166321d53cb2d613a516c484e21f9af3622f32.sol,0.5.0,MCDOpenFlashProxy
0x7416e5c8cdc87bc0158af3573e58ea88b7b4f9d2.sol,0.4.25,BLOQUM
0x743c26f5420f50937e4d06c3332ac59568167802.sol,0.4.26,SmartToken
0x7449e15abcb212a746ad6749d957328c35c1337d.sol,0.5.0,ChaiInfo
0x744E60db927F62bd9853FbbA61029f770C179E56.sol,0.6.1,XcertBurnProxy
0x74639EfB889C1Fb44c8A3F64c681E549Bb077e4d.sol,0.4.26,VIE
0x746a05f9a3ec7ccebf4376857de2ef7f93cc1c35.sol,0.6.0,ArtoryRecordStamper
0x747d3780e8a78e644e20b2d1d4df51c42814b34e.sol,0.4.25,BitcoinProtocol
0x749220178bec037c342c21983a07c7cf266604bf.sol,0.5.0,SafeMath
0x74956d9744340a9f127d1bbffecef36d93b80baa.sol,0.5.7,PHC
0x749b689079787858cf34f120a5101b00a1d7dc78.sol,0.5.0,TokenSale
0x74ac195583d3c5020d840978b05e1e4bec1c87f2.sol,0.5.7,ONE
0x74ac4dcf0c5ff3199495042bc418a6be3ccec984.sol,0.6.5,LPiETHSNXAssetAdapter
0x74c269bfcfba17d7af221aaf9f8065006686543f.sol,0.4.26,BancorPrices
0x74cad4100beb2ba5fb7f28090ca378b44c5510c3.sol,0.5.11,CryptoDaysProfi
0x74db0fb760e0de13727be80b82b74a55c28db7ad.sol,0.5.17,RiskOracle
0x74F922bA5555f43e8897b2884f7169f6f58E5E75.sol,0.6.12,Rebased
0x74F9595874b595c7A5af9cf78AC051C2E7387173.sol,0.6.6,ProofCoin
0x75387e1287dd85482ab66102da9f6577e027f609.sol,0.5.12,MindsyncAIToken
0x7540bc4c7eab8507ab67c5c070e88e560793e746.sol,0.5.4,WalletFactory
0x7548a37a8a5f0194319c80072854f523c70cda6e.sol,0.5.0,yCRV
0x754e0b614b7359b22cf22458530798242d564560.sol,0.5.11,RsaBounty
0x7556fccfb056ada7aa10c6ed88b5def40d66c591.sol,0.4.26,OffChainOrFeedPriceFeed
0x7557f4199aa99e5396330BaC3b7bDAa262CB1913.sol,0.5.4,MakerV2Manager
0x755ebf95883f9167d51a4ea95035e16421be865d.sol,0.5.11,EtherDie
0x7561e6d8301cdac56787e203b06e98427a36b1e0.sol,0.5.7,ConstantPriceOracle
0x757eaa988a94519432d394b8e6faaf69f731b9a7.sol,0.5.0,LoanMoverProxy
0x758f3f4ACc36EC1D9Df62ecA9b914db5958265e3.sol,0.6.0,ConnectOasis
0x7590b741a344f2425a931bb3949d66938e352bd3.sol,0.6.1,GiveTogether
0x759a58A839d00Cd905E4Ae0C29C4c50757860cfb.sol,0.4.24,Aggregator
0x75a2a05b8a21568f5e052b6bbcfb799624fb2d8e.sol,0.4.26,FiatDex_protocol_v2
0x75a56ba889d26b28ca81d71f56dfd88286285a53.sol,0.5.0,FlashTokenDyDx
0x75a6D6251511AF081f77F2B531C14808fB3805f3.sol,0.5.1,Fixed192x64Math
0x75a8483c9deffd99ae23e461590691a78bf270b2.sol,0.4.15,MultiSigWallet
0x75abd8b7e3863bdb6d3301d7aead3e13a51fdaa7.sol,0.5.16,yVault
0x75ace7a086ea0fb1a79e43cc6331ad053d8c67cb.sol,0.5.12,Gluon
0x75b781961f108b9915cb91bb3cc97115ed98468e.sol,0.5.7,InstaCompound
0x75baa52804ddffea0e442ee90231d7fa2612faa0.sol,0.4.24,FiatTokenV1
0x75c1daa2520ea7066731d0f0ca71e792aeac3847.sol,0.5.12,DyDAI
0x75Df5AF045d91108662D8080fD1FEFAd6aA0bb59.sol,0.4.24,ForeignBridgeErcToNative
0x75e51b336ab1ec57456e637aac3aea149fac5ea4.sol,0.5.0,CurveModule
0x75eb5fe3e23f93393398049f2575cf36d6a6af1d.sol,0.5.1,PALLADIUM
0x7618306d90e702913170b407adF94F72dD48CA23.sol,0.5.17,BazT
0x762a7ea687D5F9aAeD98Eb4c5e597b43652Af7Ff.sol,0.5.10,RampInstantEthEscrows
0x7633e7b8258d3a85241f5217b21eafe1d86b7377.sol,0.5.2,ZentachainICO
0x76416a4d5190d071bfed309861527431304aa14f.sol,0.5.12,OsmMom
0x76464327a9d1c84a9d98cc4ba1f8159fe0dcb264.sol,0.5.11,PartnerRegistry
0x764a5b7399d552a029d6c8e4a2a71bb5e9c82bd6.sol,0.5.10,_WrappedUSDT
0x764c071b352a2c6a842e0eb5879514b39865ead0.sol,0.6.0,TimeLock
0x76562bD67452359b68fACbfa2d0cc9c1999F566C.sol,0.4.26,SafeMath
0x7668a7d18439fb9779db55c8686ccd7bcf205d12.sol,0.5.5,Registry
0x76723091f62642c923447047956fd3364e4f98f2.sol,0.5.16,Fundraising
0x7688e10b6a21033ea6783d531b23fcfe04df16ee.sol,0.5.0,TestToken
0x7694ad4ebffa35acda2744b6da09430ffdc846b5.sol,0.5.0,TokenDistributor
0x7694fdcbce1ba7ac368bc791169749f285b78969.sol,0.4.24,AILE
0x76a034e76aa835363056dd418611e4f81870f16e.sol,0.5.0,vETH
0x76b47460d7f7c5222cfb6b6a75615ab10895dde4.sol,0.5.0,ChainlinkProxyPriceProvider
0x76C7287D321FE80CFa115Dc2A17E335FDBc5A758.sol,0.6.0,ConnectOasis
0x76d9037075a663976e967a0ca8acbc12ef5dc9b3.sol,0.4.26,DigitalDollarRetainerFactory
0x76dd09951c4760948b1f5cef679172d4e200fff2.sol,0.5.0,BidProxy
0x76E1608200F133A31260F18e880228E4a1a13733.sol,0.5.0,yDAI
0x76e2cfc1f5fa8f6a5b3fc4c8f4788f0116861f9b.sol,0.5.3,ProxyFactory
0x76e5f4ebd8916d72bc16ef60782da0a4bf72df64.sol,0.4.26,PremiumFeedPrices
0x76fd43840c3944bfaa9da24125d76d7a85cf5269.sol,0.5.0,Withdraw
0x77021e70b0fdae2fff4467c51982bb96993f6fa1.sol,0.5.0,SafeMath
0x770e49dddd3d65be1682f318717d6e3e23518349.sol,0.5.0,ERC20
0x77208a6000691e440026bed1b178ef4661d37426.sol,0.5.7,TotlePrimary
0x77223a5a1b31b029dbb8ccaba7304c8217695165.sol,0.5.12,DisableLiquidationSpell
0x7722891Ee45aD38AE05bDA8349bA4CF23cFd270F.sol,0.6.0,Address
0x772590f33ed05b0e83553650bf9e75a04b337526.sol,0.6.0,InstaSnxMapping
0x772954310d202a92519f14db92623d5ede78164c.sol,0.5.11,DharmaDaiInitializer
