0x63cdb016fcfe94e54127e88e4f8743eee1e384e8.sol,0.4.24,MintAndBurnAuthority
0x63d0b16a7ba54ea173c1d2eae9b701c146d86caf.sol,0.4.24,FILF
0x63e95f8d07a1ec4176bb55d90abe3f8929a4b684.sol,0.4.13,ETJToken
0x63f46408a789af46165c019135830d7abbce7d6a.sol,0.5.16,Onbuff
0x63f5035069E325AC3b2546BBdC4DF49B244CedfA.sol,0.5.7,ArbitrationLicense
0x63fa6a48df6cbec8b29ac6912495c7c86dc69986.sol,0.5.1,KuloFinance
0x63fbbad3990ba5bf79c1c6dac2b1a0f7fecd1b86.sol,0.6.0,GaussCash
0x64043a98f097fd6ef0d3ad41588a6b0424723b3a.sol,0.5.12,Dach
0x641794e3816d08f83977b29c30c0ffd396ec24e5.sol,0.5.0,Skully
0x6424e005000e14aaf52587fe8fe5d0a4614ba6ff.sol,0.6.1,PDC
0x643222fcdffb5f91c458b30b9de22a611d2a23da.sol,0.5.0,MyToken
0x64371C9a9383d04B5Ce57bbfA34845Ba3F32425F.sol,0.6.12,SimpleOracle
0x6443589eee45dabdcf7c5ceb5e4375b6d786357d.sol,0.4.23,MainToken
0x644ce9e12b10748aad1ad20c1eac5a768c2900b2.sol,0.4.26,flashIt
0x6452a42c0e73dbbe71cb674854b14b650e0298d5.sol,0.6.5,SynthetixAssetAdapter
0x6463099be4eadeefbc896b7f4b4cab5301ffdb97.sol,0.4.19,XFINToken
0x648d19d775a8d4bafba09e189090bdcbf8ef31c1.sol,0.4.24,SAFARI
0x648ec0fa1c29b71785fd81922be8d642ddb2fb60.sol,0.5.0,CompoundSaverProxy
0x648f7b06cc72b4b7a6d1400c0cae2fe7f483d7b9.sol,0.5.16,StrategyBalancerMTA
0x6490ff3723d1f118645a7ad4b0a31066b5d8af34.sol,0.5.17,StrategyCompoundBasic
0x64976c5b5062c56d91dafe661cb85dcf7e349c9d.sol,0.5.12,DssSpell
0x64a3e8ce76904818559ce0ad2bc227e3d83d19e8.sol,0.4.24,pas
0x64b0990c8e663b3202589c32dc0e11ac2b1aede7.sol,0.5.0,Withdraw
0x64b43d86c4d69bfffcb5f11fe76dbcf552284afa.sol,0.5.14,lexTokenFactory
0x64c59cb443a1a2cbda5e785f8891cdcdf6a00b36.sol,0.5.0,yCurveZapInV4
0x64c673ccec5b2490090f917679444756adff2d68.sol,0.5.0,CPRO
0x64cb197240876c32e68d2d17b405b7bf92ed523f.sol,0.4.24,UFragments
0x64cf1410ace8f98536e5a22d9b18396a9273160c.sol,0.5.10,LockMyTokens
0x64da0797adb72096f2b4340462138324fd9ea69a.sol,0.4.26,GiftOfCompound
0x64de91f5a373cd4c28de3600cb34c7c6ce410c85.sol,0.5.10,MedianETHUSD
0x64e274f486a5c6c52b09d1862bb291ec647c7d82.sol,0.5.16,OZCAR
0x64e3edbcc38212ff5934d1106abb161781723531.sol,6.0,GGCoin
0x64e9f4bdf14f0cbcd4e922571bb96dc80434d938.sol,0.5.12,electionList
0x64ea2c6104f1cf3035e28be0f781b6286d50934d.sol,0.4.24,Satoshivisioncoin
0x64f06d87d7dbfefbc71829a6891bbd18d2f33259.sol,0.5.0,KranteriumERC20Token
0x64f5590953d845f6e7af8da3bc6967b772450c97.sol,0.5.17,Morality
0x64f64a26873ffbd11188679fb85fe00b6a2dde27.sol,0.4.24,LtconlineToken
0x64fe692be4b42f4ac9d4617ab824e088350c11c2.sol,0.4.24,Oracle
0x650ca2dca7e2e2c8be3bb84e0a39dd77891d4d1e.sol,0.6.10,WithdrawalBalanceReader
0x65129f15fc0bfd901ce99c71147a93256fa094e6.sol,0.5.8,LiquidityPool
0x65167e381388bc803aa2f22cd99d093068e98007.sol,0.4.24,Dynasty
0x6518e0e9ff977ba017e5ec92d98e0ce2acdfccfa.sol,0.5.0,PaymentMaster
0x651C40d3a6E032048104040bb45D0cDcEBC71a51.sol,0.4.23,BaiSuiChainToken
0x6523cb39f720c8686fba19abeaac2a99150b5350.sol,0.5.1,CustomToken
0x652c3cb76e6414a422f79052646aded5f444dca5.sol,0.5.0,yCRV
0x6533a80a69ce77e66b64a4adf9f03554e09e8e90.sol,0.4.24,QOINONE
0x6548b06acbc1b7674a8a5a2ea6787ed54ef6d438.sol,0.6.8,PerlinXRewards
0x65525415669c1bb2d1f55f51cc0ac7b57a68e9ce.sol,0.5.0,Dukat
0x6552fc82fee7a136e37250d5f2cdeda47de684b9.sol,0.4.24,INVESTMATIC
0x65533d31cd306bd2a14352b06ff466b463e611a4.sol,0.5.4,FeeManager
0x65559563a65e2c2039ba664a4b901ed76a8cfd53.sol,0.5.16,DErc20Delegator
0x655a9e6b044d6b62f393f9990ec3ea877e966e18.sol,0.5.3,Proxy
0x6569c0b45cffbf6398454988613968b820a31ad0.sol,0.4.25,XigmaProtocol
0x65743d807839d4a9a0d7986a09d12698d6138766.sol,0.4.24,PermittedPools
0x6577adb85e955ef28cfb2a02ec1826a6e5923e8a.sol,0.5.0,LockupStorage
0x65836f41a2867071c5016529f9a63533b6b07775.sol,0.6.0,Zeropool
0x658a93481e7b819260bd5dd8d2e94205ab41bb0f.sol,0.5.17,DharmaTradeReserveV3ImplementationStaging
0x658eC6A5D4d1Cfd72D2Baad14F8Ad96FC2fCDd51.sol,0.5.12,DssSpell
0x659046522c5c246a34a7eb17a814ca648436644a.sol,0.5.8,WrappedCF
0x65B23774daE2a5be02dD275918DDF048d177a5B4.sol,0.6.5,IearnTokenAdapter
0x65b50eE078c4b9643d8E75647B6629b74622D148.sol,0.4.25,MOTC
0x65b678936c489A2639036755Aa2107Ec09569198.sol,0.4.24,ITEN
0x65b81c19ab7b084f31adf0915b6baaa6130c6d26.sol,0.4.25,Signatures
0x65c4891edc01d74520e49f12faa0057ce8bc5c80.sol,0.5.16,BeerFinance
0x65c79fcb50ca1594b025960e539ed7a9a6d434a3.sol,0.5.12,Spotter
0x65c9008aa5dbc0e978f6b083acbd04d9273eb0b3.sol,0.5.15,FlopStarter
0x65cf9ee22e2a099f86d0b520a617540c87cb2792.sol,0.5.0,ERC
0x6604f6d29d4f0e46d4cf97b30f474c8f1dd29cde.sol,0.5.2,Petra
0x66111f6b21176fa31c586320a89e2c3cfe3f1872.sol,0.5.0,MarineEcologyToken
0x66126B4aA2a1C07536Ef8E5e8bD4EfDA1FdEA96D.sol,0.5.16,BasketManagerProxy
0x66152a2a538644ae125570de522adeac9e41d865.sol,0.5.10,AugustusSwapper
0x6644da81ec5af47df413be9f18ee9bb3b79681f2.sol,0.6.0,Interoperability
0x6645f377a6f79d9e2b96ae5a8b8c216c4973b6e0.sol,0.5.16,SafeMath
0x66491e4ecbd66cbae0caa4b826871c3302aeedd8.sol,0.5.0,VoteCounter
0x6649ebd4d52bdcad3496909e0dfa837b898b0a03.sol,0.5.8,ValidatorSlasher
0x664e21c3b7ca6bc4e78104640a46f35cbc3abe02.sol,0.5.0,CRK
0x66531cb9ad8edaa4515782b4b7dab5c7f6867ad4.sol,0.5.0,SimpleToken
0x66624b88AC0006fA14955393A5cB1248918C21ba.sol,0.5.16,IdleRebalancerV3_1
0x6666fC23AE6C26e8500cCD55A870cD4eDe49202c.sol,0.4.24,PermittedConverts
0x667613aefd95591af5c3145974f0f7d3bf8767fb.sol,0.4.24,SmartFundRegistry
0x669f9d7d73a9aa0e21d8dd5f66d8846a5422b43a.sol,0.5.0,Staking
0x66a0219fc25aB454fE4f2ab44451ABC1045C292C.sol,0.4.23,MainToken
0x66b2d8b78c1877028cfae03dfa4da30595236224.sol,0.5.17,StrategyMKRVaultDAIDelegate
0x66b3037aa8dd64c3ef1aee13a4d1f2509f672d1c.sol,0.5.16,Token
0x66dbd20915f0f75b0dd60906d94f250c523abb24.sol,0.5.17,MysticMoloch
0x66dfe52b13f064081f448b3297d4ea04acdc30b9.sol,0.5.17,Controller
0x66e7da1bc888dc10d8c3b4eb7205deb9ba26b274.sol,0.4.24,MgearnMoney
0x67025F6230591672DeEEb2e5b193c5a5f1B31D17.sol,0.5.12,Token
0x670577feb18576c10f632b2e26976e659d1e5e33.sol,0.5.0,UniSwap_ETH_CHAIZap
0x670f9D9a26D3D42030794ff035d35a67AA092ead.sol,0.5.13,XBullionToken
0x6717a484a50e287419495ff7ba2328cb2b6557a6.sol,0.4.26,SafeMath
0x67197c38b71bee6fcb8d8176e099541245604a5b.sol,0.4.26,CHF
0x6722beb864a83cc9c299c854e9c27005c31ddb74.sol,0.4.24,BDToken
0x6724e93bcad3d067d8f3f5071e050294c49895e8.sol,0.4.16,StoboxEcosystemToken
0x673365929df7f60b73c2082cc031361dadb64341.sol,0.5.17,LexSecurityTokenFactory
0x6736077ae034e16f7fafd2d5ed1358370fda1f88.sol,0.4.19,PHEToken
0x675cbd4a781341cd916c5eb160282944ad867cd2.sol,0.4.26,RVXToken
0x676f3714BB4a6E17fb471391c05c99F32EC24567.sol,0.4.26,Blockcannan
0x6770d4f08f8b60163858e02752efd954b294d7fe.sol,0.4.20,SKTCloudToken
0x6776500588f0479beefa31ca7a81ff08ae567757.sol,0.5.0,ERC20Cappuccino
0x677a17406738e44BB58a8A04D6e18249deaAf355.sol,0.5.10,Collateral
0x679131f591b4f369acb8cd8c51e68596806c3916.sol,0.5.8,TrustlinesNetworkToken
0x67933Cccf3f6b40148271f5E7b5408fD1D5B2837.sol,0.5.4,ApprovedTransfer
0x6799396397face0ee8e7bb839dd26db9727dfec8.sol,0.4.26,PremiumFeedPrices
0x679e003c84b3228387adca6ddd8f635fc072a1f1.sol,0.5.17,StrategyCompoundBasic
0x67a1ca08e580af9f54dc9b03fd59ec2388ad7c6c.sol,0.5.0,TiENToken
0x67afa673a2e53abf4776e39f4b2e47308145f6cb.sol,0.4.26,Trader
0x67b366f3cdcc5296937db9e7949cc9300ed8fd5e.sol,0.5.0,VIDTmv
0x67c3B8ed116f4F9cDf377ba243081652A64B65bA.sol,0.6.4,IdleTokenAdapter
0x67C5a6c1772355fB0586d3b8C05FA9e65f7ed0d7.sol,0.6.10,Controller
0x67D26eC26421E8871E5Bb11D87eb2c7511E3D7C8.sol,0.4.24,BridgeValidators
0x67d764d948408a4f01dec1623c4a42275acddb24.sol,0.4.25,SafeMath
0x67f5e7d54a6db25f14bdeb538edf1df33f8f5a8a.sol,0.5.9,EtherWin
0x6803179a831468b515e1b45b9fd46b8ef48dd398.sol,0.4.26,flashIt
0x6809679c1a92fd4c7fe67007affb16d2c981373b.sol,0.6.4,ChaiAdapter
0x6829b4bbb75872146f31d856f8ff2ce278030e90.sol,0.4.24,DistributeEth
0x683074eca461124eaa58ea1dc04d37505ab16b78.sol,0.5.0,CurveFlash
0x6842393cfe5c0f1546ddececbf56c5beea8bdac3.sol,0.5.12,ERC20Token
0x68534b30f28680c6a9eafd54d06fa99c66bb6e07.sol,0.4.16,TokenERC20
0x6869b8e23b1de74aa9376ec2b5f194bb9aa08cbc.sol,0.4.23,OpenAndWinEtherPotGame
0x6876077dfe31928e29b4958d357499a38e41d844.sol,0.5.17,StrategyVaultUSDC
0x6884a495E0961FD509350D20bC7059516fAC7CE5.sol,0.4.23,MainToken
0x6885be47eaaacfb80e6858b8ff00ebe2389b5d56.sol,0.5.0,DGT
0x688D0d44F81F2D82c50e0acc674DA60fD3d88e3A.sol,0.5.16,ExitToken
0x68914f24aa57e7269f587a105fc2a9ebb994ab8f.sol,0.5.12,TurnCoinERC20SecurityToken
0x68b9aaa79a7e75059a765ed9d1668df82e70848e.sol,0.4.26,SJBcoin
0x68c6a3b8ba7330bb2d6f436b9a8ee4ecac55c523.sol,0.5.16,YamMigrationToV2
0x68e1d15afb512c79ae7ef2d6ecf9b33396b26ecc.sol,0.4.17,ATSToken
0x68e9ece22a830bbe8e697985b539934d95a45ad0.sol,0.4.23,ATOMUCOIN
0x68f54cef8db7ca1d3ac1bdd4cb56bc7a6ec26faa.sol,0.4.24,NNXCoin
0x68f7d322b3a14984d95082e35a3bab0842acaa3d.sol,0.5.2,Blacklist
0x6900748cffd70ef44aa4909fccef1bdcc8eedf21.sol,0.5.0,GONX
0x690b1c17a17e6ff1dea3332667b2dc89561c9e8f.sol,0.5.8,ZINC
0x690dc006646e69ba5286299e7f16b3aa298be59c.sol,0.4.25,DAR_Token_Concept
0x691087bab2358377648d8c387089f023ac4bf85a.sol,0.6.10,SGToken
0x69299fcbe559b3494e428fd0796a24b5c5e301e1.sol,0.5.0,TokenGeyser
0x6930d2299964bcc81b8bcb453a522791e6488be1.sol,0.6.9,C8PToken
0x693aa8ead81d2f88a45e870fa7e25f84ca93ca4d.sol,0.5.0,UnderlyingTokenValuatorImplV2
0x693e4767C7cfDF3FcB33B079df02403Abc2e1921.sol,0.6.0,RebasedPriceOracle
0x6941df79ac5729c36debf73d0ae4f816c3759ac1.sol,0.5.12,DssSpell
0x6943a218d58135793f1fe619414ed476c37ad65a.sol,0.4.24,BridgeValidators
0x6944d3e38973c4831da24e954fbd790c7e688bdd.sol,0.5.0,IzeToken
0x6946c3a405213cb52205019a56934d9a74f7c9e2.sol,0.6.0,Deloyer
0x695106ad73f506f9d0a9650a78019a93149ae07c.sol,0.5.2,BNS
0x69640f28b6fe4ae4674efdbe21aa15d048bb914b.sol,0.4.15,weeWhoo
0x696acc2de564b48682d71d0847b3632f87c9a402.sol,0.5.4,AWG
0x697537d10d3739e797455bddec3f068d02423c0c.sol,0.4.25,Dubai_Gold_Coin
0x697d15d97af389a5f7922efeceab39a688a74a99.sol,0.5.14,LexSecurityTokenFactory
0x698ee61515a02f46124341e8ed25b1bb417db27c.sol,0.4.26,VotingController
0x6990d4ddc6d7926cd40205597fbd2b849b498c69.sol,0.4.18,THECOIN
0x69B401782D893f494BCd362f04E2E2c30076A257.sol,0.5.0,IzeToken
0x69c70ef84637e7584c6b20b41ed4665806d9f85c.sol,0.4.25,SafeMath
0x69d740cd595dd84c427fd4f8b1346580ace447b1.sol,0.5.8,DaiPriceOracle
0x69d9426e93edc4644e6a19c949c0a44b96e32d69.sol,0.5.8,InstaDydxImport
0x69ec6020ba47be01557605b53a5d56e6fd96ed8c.sol,0.5.12,DssSpell
0x69f080d9de31c53ad0786e1d9874db3dc18ef890.sol,0.4.25,FulizaLeoToken
0x69FA4b0B56403E807294cF5675De414014F7e641.sol,0.6.11,Staking
0x69fb5f70bedc6b14a2c89fbdfbb687d9022bc441.sol,0.5.7,DolomiteMarginProtocol
0x6a23b52c18277d24255196fc1447a94d56d94764.sol,0.4.17,TWGCToken
0x6A2B7922B172dD03EeD0721DCe827ff88e6e9818.sol,0.4.25,TagMembership
0x6A2f3068734a9b2272A644CE2e701588f9a28B83.sol,0.4.24,TPRToken
0x6a31c5982C5Bc5533432913cf06a66b6D3333a95.sol,0.6.0,ConnectBasic
0x6a3d29a5204e52f014649826cecb78dd8512e91f.sol,0.5.11,XoXoNetwork
0x6a41550bf52795af3190dade5d47732dcb75d9e1.sol,0.4.25,SafeMath
0x6a4b8d74403a7b60b4f3557e7500564e31abf0b3.sol,0.4.21,DUContract
0x6a4ffaafa8dd400676df8076ad6c724867b0e2e8.sol,0.5.12,Bdai
0x6a5ff3ceecae9ceb96e6ac6c76b82af8b39f0eb3.sol,0.5.0,MintableToken
0x6a61da5e3e26e38029f36282331f2e6b2624b202.sol,0.5.11,UniswapERC20
0x6a6c2ada3ce053561c2fbc3ee211f23d9b8c520a.sol,0.4.24,TONToken
0x6a7d59012e9c664cbd3c2927bc5b9b0d804b582e.sol,0.5.17,DharmaTradeReserveV2ImplementationStaging
0x6a832b584c969df99cc0bbccd913c19511af611f.sol,0.4.25,MintingPointTimersManager
0x6a90445976b4a9ad09de0c1621048483d2f5589f.sol,0.5.10,ZAI
0x6aa6b1107b7c434bf95e27ef9126580f98822110.sol,0.5.0,DOC_v02
0x6aaa521301a7ca50b1d748fd1c5e952409f7fe3d.sol,0.5.17,StrategyCurveYCRV
0x6ab29752cbde1592fb09e4c034d98b954545af8e.sol,0.4.26,flashIt
0x6aB3cCd97046251a6e63a371dAfb4b9705c1A258.sol,0.6.0,BasicResolver
0x6ab9dca785e4a8fe7f716302dfbc0fc3129407f8.sol,0.4.20,ERC20Token
0x6abe8eefe67f50db45096315b1956ad69c0fcccb.sol,0.5.0,FITHTokenSale
0x6abf42c7378022c54f20961bef806a8a64e29acf.sol,0.5.12,StokrCrowdsaleFactory
0x6ad585b6139ca5de4a6142d63e7937fafe344791.sol,0.5.16,Billionaire
0x6Ad81cC888270eA2258aDAFe270100EebeC12449.sol,0.6.1,AbilitableManageProxy
0x6aE216804535F7A62e8b2A0d7588808a441851bC.sol,0.5.0,Verifier
0x6ae6c5bd9a41b978ee71f4b59bc0f6ad87837e03.sol,0.6.6,UpgraderModule
0x6af373caa40ee53a1736e482e4998c106fd47fe1.sol,0.4.20,SafeMath
0x6af6c791c869dfa65f8a2fa042fa47d1535bef25.sol,0.6.0,ConnectDydx
0x6afde9e8732eb8fe6376ae98347e64e2895299d4.sol,0.6.0,Based
0x6b01c3170ae1efebee1a3159172cb3f7a5ecf9e5.sol,0.4.24,MintAndBurnToken
0x6b0fa0f07a2269b13a42c354ce94920d5e283ff4.sol,0.4.24,Agent
0x6b136b14282f31728a6fc4982bafab53be732fff.sol,0.5.16,ResultCoin
0x6b175474e89094c44da98b954eedeac495271d0f.sol,0.5.12,Dai
0x6b1e2396a53d620f604852abe1cc989dbd0b2b20.sol,0.5.10,TRIZ
0x6b278edeeb9552f6097dfb9b257e4454cba88497.sol,0.5.7,Reserve
0x6b2a9d9500645d51c5b1d87fc95ab56f429902e7.sol,0.5.13,POOL
0x6b30661825AeCA80fB50739F0b77C5B3178A836f.sol,0.4.23,TemplateCrowdsale
0x6b31cc28657fd849fed61339e7158869bb9aaef8.sol,0.5.11,DeploymentManager
0x6b31cda4dea5c77559e3ed87361e15e6b28b3cde.sol,0.5.11,DharmaSmartWalletImplementationV7Prototype0Staging
0x6b3f1d1cda421699575c0466f9ff8bd7307b7c84.sol,0.4.23,UNIBLOX
0x6b40089e6cba08696d9ae48f38e2b06faff81765.sol,0.4.26,SikobaToken
0x6b40277d02a86a6600507f0ae1764d770f5ae683.sol,0.5.0,SaverProxy
0x6b4fccdd888bb6fd3934a9e49ef64dfd2c0d8e6d.sol,0.5.0,MATH
0x6b58a7387e03797a23cf45cea1dd33c68a90662b.sol,0.4.17,LeninToken
0x6b7126d108af4a60a7bdeb096067762ed86f8867.sol,0.6.6,TransferHelper
0x6b785a0322126826d8226d77e173d75dafb84d11.sol,0.6.2,SafeMath
0x6b7d6b1eac0ad801d225755f73cafff1ffeb8675.sol,0.5.0,AESCollateralMultisig
0x6b8619880430a76a8ad02d6162ccafafeb57bcba.sol,0.5.11,LIFE
0x6b9237b841358b1b1e3ca12fd0b10311e6b33134.sol,0.5.3,BasicToken
0x6b928EccB834bdf8c818FBc24667B226791C90ac.sol,0.4.25,LKCCash
0x6b98a5e0e67e68f502e8950992e0b1c0aee0a506.sol,0.5.16,IdleRebalancerV3SUSD
0x6b9ae204b9779fbd15fdbd027c9f0d266a32f0b7.sol,0.6.0,InstaBalanceResolver
0x6b9f031d718dded0d681c20cb754f97b3bb81b78.sol,0.4.26,GEEQToken
0x6bbac22e3766aa76956038a101b96ca4fcb28964.sol,0.5.11,PollCreator
0x6bc2a5d1837cbd69943d1c3d4c728b6544e3a46d.sol,0.5.1,MultiSendContract
0x6bc3d2f6568c10185f8978cd4aa85a5f1c3d60d1.sol,0.5.0,DappHeroTest
0x6bcbde53b9bd2487b8d42142813ac893625cb460.sol,0.5.14,LexToken
0x6bda13d43b7edd6cafe1f70fb98b5d40f61a1370.sol,0.5.12,DssDeployPauseProxyActions
0x6BDaF47A02fb6ad795244669733a04a19f07F77f.sol,0.5.8,UppMeetCoin
0x6be44680c043b6da7915dc41aa5efec4ceb02f2a.sol,0.5.14,standardTokenFactoryMaker
0x6c103d85c15107dce19f5a75fc746227e610aabd.sol,0.5.0,UniversalEuro
0x6c10511ddea5f3ed38a0163224198e37b81525bc.sol,0.4.24,Memes
0x6c146d74fd212a5950e765c67bd0871c47418c7d.sol,0.5.11,Token
0x6c158864d3b06113bfd9f5f2c219725fd5bc3923.sol,0.5.10,ETH
0x6c1E397748669cdc68EBf7aeAa837ed8142F017f.sol,0.5.2,MaiProtocol
0x6c22e9391f99cddd9c6e116796b14ba5360c1e04.sol,0.6.0,InstaIndex
0x6c2b384401f5ac765bfe6d128d785480f0ff2e71.sol,0.5.11,DharmaDeploymentHelper
0x6c2b7df22953b1e1b17b8cefb063d8e2e3863a12.sol,0.4.24,ConvictionVoting
0x6c2b8d03f2848c546328ba5a6cb0f4189be3b86d.sol,0.4.23,BUZZEX
0x6c4c2cde0a4Fb9c045E4ec04e3277d359a820ca6.sol,0.4.24,HappyBirthDay
0x6c4e4d4ab22cab08b8498a3a232d92609e8b2d62.sol,0.6.0,ConnectMaker
0x6c51aabd10b939c1d607694571fd6d6cf4dcd1f5.sol,0.5.14,KyberProxy
0x6c5f9d1d115862ca99253e5738590f6d31ca35a0.sol,0.5.0,iDAI
0x6c676c98a7442626a53b0b3b0f30b745b4b5aeb8.sol,0.4.24,Agent
0x6c6a59a7346df8e95f7a0d07204f88e812dc726e.sol,0.5.14,cTokenKyberBridge
0x6c80a319bb2ffd5f984506b071b4d3283e6c7b0e.sol,0.4.24,Nidronya
0x6c8a16a09a9501e7e422f605112c521f94eb0e04.sol,0.5.17,Zoma_has_the_big_gay
0x6ca412d8c3226300f84870aaa6e6f44d6c875fcf.sol,0.5.14,ProxyQuery
0x6cb44edf0b5c2414f7cf9b45753c17c9df495e95.sol,0.5.13,standardTokenFactory
0x6cbb79dd3c300710aacbf7929da93e210c60d91f.sol,0.5.2,BDSCoin
0x6CbF34CBa6C1388fDF31e50EE408b1d2B0653499.sol,0.4.23,MainToken
0x6CbfF439F27d1e3431d912B6a0817d7a95596877.sol,0.6.1,hashelot_rings
0x6cce071db1c6c8e0d992e943471b8297242c3aa8.sol,0.5.0,SafeMath
0x6Cd5698E8854Fb6879d6B1C694223b389B465dea.sol,0.6.0,SafeMath
0x6cd82ec77381db21f966fc2639698772354f4b92.sol,0.6.9,HYDRAStaking
0x6cddbab9c871ff465a8501801d271eac7de3f921.sol,0.6.1,MLM
0x6ce2c065dc280c6b12d23369d3f9f51255972529.sol,0.5.17,StrategyMKRVaultDAIDelegate
0x6ce4c70a396aade6d02d9ecb39c5f863c36ff1ee.sol,0.5.17,DharmaTradeReserveV7Implementation
0x6d0984e80a86f26c0dd564ca0cf74a8e9da03305.sol,0.5.0,MCDOpenProxyActions
0x6d11799817dc29128cc1fc195184c37c1bea33c5.sol,,EUROSTABLECOIN
0x6d11A71575C34eB7b5E22949fAfCd49A2FA2A8F9.sol,0.6.0,ConnectInstaPool
0x6d1d1da8145c26f37e032179e3434e293c3aea51.sol,0.4.26,HAWKIN
0x6d252baea75459ed0077410613c5f6e51cab4750.sol,0.5.0,LendingPoolLiquidationManager
