0xaf1134a479c0d3ecae95cec4490b97305ac17970.sol,0.5.16,Registry
0xaf122FB1C70b913AF467a9D924890f92c109bfc3.sol,0.6.0,InstaCurveYResolver
0xaf140e5321152eefcc0c6f212dded2b391af486b.sol,0.5.16,yVault
0xaf16620f49a1059a0dcf54408a2976bf2a30aab0.sol,0.5.0,QueryNpmAuthentication
0xaf21f6509d0e0318254d9e766a4f8c00fbdcdad8.sol,0.4.18,GOTOURCOIN
0xaf2216ae4a33dfeaa7404735b93085bc56119987.sol,0.6.0,NERVFairInflationV2
0xaf350211414c5dc176421ea05423f0cc494261fb.sol,0.4.20,ERC20Wrapper
0xaF3573E1E223c601340AdE1f1D52cd106B264367.sol,0.4.24,TrifoliumCoin
0xaF38f85272d83c2a252Ea1D2176d638FF8f5b138.sol,0.4.23,MainToken
0xaf40bb3f6365149a3944c25a4778c464dc1428b2.sol,0.5.16,DedgeExitManager
0xaf43ccd8d564faa055916a53775605ebed7ada00.sol,0.5.0,goodsToken
0xaf448eda0c5fe6f80d53a5b89d300b2047322b11.sol,0.5.11,Crowdsale
0xaf490ba3eaff9495f01407ec22027bd90eafabb1.sol,0.5.0,MetricsFactory
0xAf615b36Db171fD5A369A0060b9bCB88fFf0190d.sol,0.6.0,ConnectCurveGauge
0xaf650806690c69f3dbbbbb01bb73d8bb8e49cdf8.sol,0.4.25,Testnet
0xaf695c52c886c62e3dc5503202cc35b1edca9a1b.sol,0.5.2,SimpleRestrictedFDTFactory
0xaf6f2dfce27cfd925358fa72b513e066ed8380ac.sol,0.6.0,InstaCurveSBTCResolver
0xaf77249672bacb62a4616b81a6a190987222e577.sol,0.4.26,vote
0xaf84687d21736f5e06f738c6f065e88890465e7c.sol,0.6.10,TradeReserveEtherReceiverStaging
0xaf89ea294556a5f0cbabb28a8df39364a649c130.sol,0.4.17,TetherToken
0xaf8ef5de9a54e91d06b1ad9df69e2aa5dbf04ea4.sol,0.4.26,UniswapTradeExample
0xaf998d6e4106451eb215d73596891edb54bfdf48.sol,0.6.6,TransferHelper
0xafb0ac5b170b25ce254e49691bb48707098cf757.sol,0.6.4,ZrxAdapter
0xafb4785303b6dac4b6f125a271d9cf8b62f71e78.sol,0.4.19,ZorroToken
0xafb4d9ad87a5bf41218a02175ecbf281359bce16.sol,0.5.7,AppleToken
0xafce80b19a8ce13dec0739a1aab7a028d6845eb3.sol,0.5.16,Nexus
0xafdc9d2c0898bdfb666e217f07206c46adb6b681.sol,0.5.12,TokenSaver
0xafe2a7346fc650ef3232c4eb79d6b7673d6a9113.sol,0.4.26,Trader
0xafe2d086303a49c34d0d23848cc694ea8dee5145.sol,0.4.26,OwnedUpgradeabilityProxy
0xafff4b3acdbf54deae7b79b8c6a49f06f9e8b0ea.sol,0.5.11,CryptoDaysProfi
0xb0013da284460ed81bfa4d1e3a83a29c2e15f6c7.sol,0.4.24,TokenManager
0xB00EC297c3036De1e8200471Fff482441b9d1508.sol,0.6.6,PROOF_2_4
0xB0111E70d54D1Ff1DAe4aB6DDfAf110E25887396.sol,0.4.16,INTToken
0xb0159528e61e6ee55e1c8702e26f1123da97a686.sol,0.5.0,SssGoldToken
0xb018afbbe41bee25d92e595796c50a934d701771.sol,0.6.5,DmmTokenAdapter
0xb020ed54651831878e5c967e0953a900786178f9.sol,0.4.24,BazToken
0xb022b5589538fb27c43f5841a66f74732e69fbda.sol,0.5.0,AaveLiquidate
0xb0399c2fb7958d8d0fde93ec58c4efa1ba501375.sol,0.4.24,FiatTokenV1
0xb03bee1a0e31266e59e1bc71d5faa84dfe9cfc2e.sol,0.5.0,AllocatorStorage
0xB03F628ec2EAd887917354Ee328e356C2E18A4dc.sol,0.5.11,GXP
0xb05019c110A28e2F2dE0C80658766813e8672497.sol,0.5.0,SnapBotToken
0xb05b91801abc0f6a20850ba1cc47fad25266784c.sol,0.5.0,TokenMintERC20Token
0xb05c25983ef77a65b0effbdd261596bbecfa638a.sol,0.5.2,TUB_contract
0xb0663608d5b9f472f9ca63edfdfcb65f5e77c728.sol,0.4.20,MassTransfer
0xb0684b9e99eed56fb69dcc3b45373acde54b35d0.sol,0.4.26,flashIt
0xb07f5e43ec06c81758ea9e4f2bf0d9b4a98110d0.sol,0.4.26,Cloud
0xb086F99E36c2c0ef6c051EE9E4d638717BBc6cbC.sol,0.5.10,SuperMan
0xb0897686c545045afc77cf20ec7a532e3120e0f1.sol,0.5.0,PreCoordinator
0xb0a8BB79Db98EA2cC698E8E7CebA340EC9fE6103.sol,0.5.0,PriviChain
0xb0bd53474ee55392189f25f0a38c6bfb41ed9106.sol,0.4.23,simple_contract
0xb0c27009a8f54c2f283cc23ffd007f0b5b7567f6.sol,0.4.16,ERC20Token
0xb0d04041ba705468c98ef089eba804186984afe0.sol,0.4.26,MT5Token
0xb0d95049a9d78a1f5f111ce18f25e0294da78418.sol,0.5.17,LexGuildLocker
0xb0db5618fe22a1c2220b4563bb2ab094769903cc.sol,0.5.0,SONERGY
0xb0e691f4912c6c409710e1fd5d979aba466afe6d.sol,0.4.24,CRS
0xb0e8a59334c3654ddcf32d1a3597001bc24c8ede.sol,0.6.2,IdentityRegistry
0xb0ee877305613ebc98fedaed2788a9a6168cdc87.sol,0.5.14,lexTokenFactory
0xb0f684031f3045a52ecd3aa0688c47e16e4d356b.sol,0.5.17,PRESALE
0xb10a5e988287c0ac61b8039b4eaffec1eacaa0f8.sol,0.4.24,ForeignBridgeNativeToErc
0xb10e11f3e38dc35e06397689e45fa939eb3b0f69.sol,0.6.10,iCollateralVaultFactory
0xb119ce94d098c18fe380904c24e358bd887f00be.sol,0.5.0,MACH
0xb11c0c3ce15a998fe403b36f2606c3be78ec2540.sol,0.4.24,ForeignAMBNativeToErc20
0xb11db02f30991398b6d7ed56e3d25716c2d07e80.sol,0.5.11,CurveTradeHelperV0
0xb11ec0198541bc59620bfa2e5d8607583f328734.sol,0.4.18,Token
0xb12e488b968fbf7a2e942f918e31eea4f49fc7a8.sol,0.4.24,PARS
0xb13246ff3365102e07093c452401e077424979e4.sol,0.5.13,TrueUSD
0xb13ee9b624d610f564d0f20b2e6af4f3ee39b03f.sol,0.5.17,OwnedProxy
0xb140681e43c045b579dd97a46fc02e24e5866fae.sol,0.5.0,CurveFlash
0xb14ab2543ea66a7c2313c206ced6d113496928e9.sol,0.6.4,BondingCurve
0xb1508E97C68c4aeB9B77b05Ab40Cb9e1eB733A51.sol,0.5.11,Emclassic
0xb156ee1f9dd4e088232515902bdc98a8f64ff1c2.sol,0.5.13,ADXToken
0xb15e2c37a54617d043502aa987adab3566760c37.sol,0.5.0,SafeMath
0xb15e6ceaed167bf5a50ab780bd0e758d96d44856.sol,0.5.0,Allocator
0xb15ee8e74dac2d77f9d1080b32b0f3562954aee9.sol,0.5.17,StrategyCurveYBUSD
0xb16b48aa291824c78cdd7dd9d33ce72d742154f8.sol,0.4.24,ZIMTOKEN
0xb17cae951b5072ef48e5e762fa6221b260387503.sol,0.5.17,StrategyMStableSavings
0xB18D90bE9ADD2a6c9F2c3943B264c3dC86E30cF5.sol,0.6.6,KyberStorage
0xb1b0631aa73ac5ecc167befbf5a127fa28417ac2.sol,0.5.17,DharmaTradeReserveV9Implementation
0xb1b89abec22566bcfba9336ee31106974337c971.sol,0.5.17,TendiesFarmV3
0xb1cdf7ad3d14a44b4e9459566bb858b785a726ca.sol,0.5.7,InstaCompImport
0xb1d5a03d2ff72f7f226372c4b2fa7b50cd9d7910.sol,0.4.25,FountainTokenUpgrade
0xb1e5d4d6381b832921614ac4c01c50643d58d5b0.sol,0.4.18,MintHelper
0xb1e93236ab6073fdac58ada5564897177d4bcc43.sol,0.5.1,Seele
0xb1f80134ad0c32314b6c822ce6fa2fffa5d01498.sol,0.5.0,MultiCoinVault
0xb207a28fbda1c0b2f7ae43c4f3eb1fcd5ebaacfc.sol,0.5.0,WithdrawStorage
0xb20b5f2a7c235c8bd1c4b31c308d8e1d873c6d9c.sol,0.6.6,IDAToken
0xB20B932A35aC1396835772c459591197130980Dd.sol,0.5.0,MetricsGroup
0xb222f9bc8f34f026099d75b06d4ca4b91f0066c6.sol,0.6.0,InstaChainLinkResolver
0xb227ea4f19257b838d34d7d390e209a83e590d71.sol,0.5.0,yCurveZapIn
0xb23eb1dd35e79e368a23dc01fbb70d94b54a3279.sol,0.5.16,Asuka
0xb23fdaf5e46ec3974d5b16f1b4ccf986d6bd8d7e.sol,0.5.12,DaiJoin
0xb24745c021657211ed9b24a43136e4125d7d3ade.sol,0.4.24,UpbitHackerToken
0xb25097941cf568160bb16a7d41e005ad72018088.sol,0.5.0,Xbrl
0xb251fe6a1a8c5559b0d532b00775eb39aa433d56.sol,0.5.12,Whitelist
0xb2536f4320a0bb9157b74ee93631cdff5b7f13dc.sol,0.4.17,AstraDeFiToken
0xb254f7e162c1d65dc9ce2f2a5b2eacdd2fd014fc.sol,0.4.25,SafeMath
0xb256fdd544e7a4edcdaf803c80ef667a92b5b11d.sol,0.4.21,BCCToken
0xb2602304c178e4f61279a5b1e5490726692b92eb.sol,0.5.12,TestERC223
0xb260687cc277c0BFF48c9C482c16BC62f4eBa927.sol,0.6.5,UniswapV1TokenAdapter
0xb268c1f78ebb9bae865b3456291e8433c22ef743.sol,0.5.2,ITerraERC20
0xb275d316ed2f57f36ed02386bc38a5d85822f787.sol,0.4.18,famcoinToken
0xb2840dfc364fbe44ce5022168521f9745285e5a3.sol,0.4.24,AYC
0xb2914f6db3ad77e5302d9b6b578c4119873e9b2e.sol,0.4.11,MenapayToken
0xb2a6518c6cb1690671ec6a25d558815d59bac4cb.sol,0.5.8,burntest
0xb2b4588e0745e13aac2d006073fe3d394632eadb.sol,0.4.26,Trader
0xb2b9d7ba7b7e5fb4e51a8bac83fd43e90c947dc5.sol,0.4.24,AmpleforthWrapper
0xb2c5531758bC246A04b26d163baFE1360405A3BB.sol,0.4.24,FtcToken
0xb2c85a8030c8c18ba862abbf35358ca51adbf34c.sol,0.6.1,LockTokens
0xb2d679f6d676f173faf3670a074b2c3a6d7ebe28.sol,0.4.26,SmartToken
0xb2dcebf032dfdd704dc6ce7167c6bf07ce941550.sol,0.5.11,DharmaAccountRecoveryOperatorMultisigStaging
0xb2e6e3d9af235434385c28bd31d98041a48226a6.sol,0.5.12,RecipientWhitelistPoolToken
0xb3007c1961497aa112d731157f8fc227d834ddb5.sol,0.5.0,Lockup
0xb3009c198abe7ef9e713b44f0bbb443f97c90e4f.sol,0.4.25,LockedResources
0xb304e73a9993B006159A44214062f79E8e914487.sol,0.6.11,Funding
0xb30fae8c3496455dfa29c171096e9b55076b1561.sol,0.5.11,Era20
0xb31ea00012fe90ae481f4ebb0b373a9a443b4e88.sol,0.5.0,StableAMM
0xB3242e09C8E5cE6E14296b3d3AbC4C6965F49b98.sol,0.6.0,ConnectAuth
0xB3466C83ab9d416a3ce49bf431B5D41d87A6287E.sol,0.4.23,MainToken
0xb351da6ffebd5dddd1da037929fcf334d6b4a8d5.sol,0.4.11,FlitToken
0xb35362b1375621426e79487651c484db7c256a4d.sol,0.5.0,ODMToken
0xb35a761c7f56aaa6e70b0576ed5f2f83524f5cc6.sol,0.5.11,HeliosToken
0xb3718681be40694db7e8e5d1e6ddf6e6b4bfdb60.sol,0.5.7,InstaPool
0xb3889cc313334de5431325c17c76aad71054d3ac.sol,0.5.0,Staking
0xb389812325f8ce85192c067d8f95beeda76439a1.sol,0.5.14,LexTokenFactory
0xb38df175c66dc80f4aad8aa1f6492acb567bd79f.sol,0.6.9,DODOEthProxy
0xb39518F26D3b03DdCDE57f50B33ee99Da200D13E.sol,0.5.10,PoolHelper
0xb398be26630b901299ff61083a8cbab41ef21802.sol,0.5.15,YamAutomation
0xb39f4C531740900D40fea510b3F371c122aA74cB.sol,0.5.16,Migrations
0xb3AAE68d195138CB1Faed4d8c905b8113EA33049.sol,0.5.0,PiedPiperNetwork
0xb3ac6256c0dcaaf45b1e7c60993ed5edee10e1fa.sol,0.5.0,Revolution
0xb3bace433288645114fe8e8aa91f87659cbf665b.sol,0.5.0,WPX
0xb3cb944d09fd29d093d80b1ced55fc2dca73d7b1.sol,0.5.0,yDAI
0xb3d06103af1a68026615e673d46047fab77db0fa.sol,0.5.0,SideTokenFactory
0xb3d3adbc0ee9140bd89d688b49bec1d3eb69057e.sol,0.5.11,FactoryFactFinder
0xb3de405077c3058e10f364dcea32429ef2f3d6a1.sol,0.4.18,KingdomC
0xb3e2a6986f5eb01b46ec1e1f0924e2a9cd4b8ad9.sol,0.6.7,ZGCToken
0xb3e7a25368fe0cbc65f638454733cde721d86f72.sol,0.5.16,TestToken
0xb4076160b864b3cBF1Ea40c470Bb546a8F3b480B.sol,0.5.0,indrawsp
0xb446a712c5d7da46ce1fe5ee042b8d5384a6b6ef.sol,0.5.0,Staking
0xb45c5ae417f70e4c52dfb784569ce843a45fe8ca.sol,0.6.5,BalancerTokenAdapter
0xb46546ed5bc9cf513620096b680c26c7bc79cff9.sol,0.4.24,MEDDialCoin
0xb47260a5df83696644695b68c93dc54ef930a41b.sol,0.4.11,WBTToken
0xb477f426765af3258b1dc780f3b95de013d6f9d3.sol,0.5.11,FactoryFactFinder
0xb47ba2f58795f87c71403fbcae57a3aee902e175.sol,0.4.21,MultiTransfer
0xb494985141cdbc0b7af274a716038bc26c4eb184.sol,0.5.10,Funds
0xb4990ff24feafbded6987d802e9c6097cd5ae09c.sol,0.4.24,GOKUMARKET
0xb49921b1c1f30647fe4ca2206aacd4c23e5ae2fb.sol,0.4.19,TokenCRC
0xB4a04F1C194bEed64FCE27843B5b3079339cdaD4.sol,0.6.0,ConnectCOMP
0xb4a677b0e363c3815d46326954a4e4d2b1ace357.sol,0.5.8,THENODE
0xb4ab105e5c02fdc2cf9678386d9271add8fbb431.sol,0.5.2,Zentachain
0xb4C1c968b235fac1e56A24116B32C8EFaE1bEC74.sol,0.4.26,DropxERC20Token
0xb4cfde09a14b05f1affb97f409fc0333e159957e.sol,0.4.23,MainToken
0xb4d80a7105b7c2ce7e1ae865aa716d5e27441425.sol,0.5.1,etherdefi
0xb4dc249717c7f14378642f987c183ea0a9bdf4d8.sol,0.5.0,USD
0xB4e5e2B66c3447141D4B95964a1969fF2EAA57dc.sol,0.4.24,BeDigital
0xb4e6c6e8cc03b201e1d223a265384ac3378e3c5a.sol,0.5.0,CurveFlash
0xb4e70c33f989aff6e0162cb3fa2f6da34da5caae.sol,0.4.24,HMJF
0xb4e82186bca71b6c9a3ed2eb34300b5fb0f876ab.sol,0.5.0,WhalesHeavenToken
0xb4f18d836673d2504106d1ec57435ad3b32fee13.sol,0.6.0,InstaOneProtoResolver
0xb4f6eaf462d1055635a4e2af67cc921d49229f89.sol,0.4.24,EBDCPremiumMedicinalCannabisToken
0xb4ffebed54a1683c8f87b8bc3b407daaf2acccbf.sol,0.5.8,AIFBCT
0xb503cd2492b871ef3d6d972777814934011bf29c.sol,0.6.9,ChainlinkETHPriceOracleProxy
0xb51f64a297122d44822fcceecea3ae63b98f4297.sol,0.4.16,AIB
0xb535279f41fc8a9445ec21cb33ee8d68976d17a0.sol,0.4.24,Hittretix
0xb5371de91bde1dc3640219887ea03510a4a2701b.sol,0.5.11,DharmaSmartWalletImplementationV8Staging
0xb545f2841cb5c03e4c35605c3103e3045af614b6.sol,0.4.11,PausableToken
0xb553cbf80c7bf5450a942c9803be9910bdd1f31c.sol,0.5.0,CurveFlash
0xB55AAd20a6c310a5E4B68C3fF1Abe5E3ba1B7fFb.sol,0.4.24,PermittedExchanges
0xB561eA47b09C843Ac4610C43d759C4f8B7D51a41.sol,0.4.26,DJToken
0xb5675b2a4f398f212a1627ccdc2b7363449571c0.sol,0.5.0,MCDOpenFlashLoan
0xb56b171c05d5ffcc623f8ee497ef1ce838179169.sol,0.5.12,ExchangeProxy
0xb577d5983da6773ce3bbaf9cd7a15cf82ebbcb01.sol,0.5.1,PALLADIUM
0xb592003f9e25d28bc8d18b1a06cecdb989dac509.sol,0.5.0,SafeMath
0xb597b44bd057d3648baf9f9d059d9d9f218b9c96.sol,0.5.16,ShareholderVomer
0xb5a4ac5b04e777230ba3381195eff6a60c3934f2.sol,0.4.16,TokenERC20
0xb5a4afeb172af3d6a5401b3a345751dd5c96c1ca.sol,0.5.8,Token
0xb5a5f220a1A09040641E62aB67ae6997e497f0F2.sol,0.5.0,Allocator
0xb5b5bb90bdcaa8aa80bc5c5206fd46f6edc46408.sol,0.5.0,PdraToken
0xb5bcd83a636518f8eb0d323a1c3786835d78b639.sol,0.5.14,cTokenKyberBridge
0xb5c8aaf9a988aebb00d1386b496e2d94be9e3f15.sol,0.5.0,KEMFECREDIT
0xb5Da07B27d8e90ed3ca720436cBB7f523C75233d.sol,0.4.23,MainToken
0xb5ddd8a349f042c64c1ffb7b727a2bff0f65454e.sol,0.5.0,LoanMover
0xb5eb498bfeb8fbf2bca70f061c5de095aa6f4039.sol,0.5.0,SafeMath
0xb5f23a203f02d2e595bbc96f5a499814cd8ca186.sol,0.5.11,CurveReserveTradeHelperV1
0xb5fa523213df164dce45d75e41bb33e9c5fb5b06.sol,0.5.0,ERC721Base
0xB60aeB53A7D634d94C3c10bCA3AA04B02A938DB9.sol,0.4.26,Trader
0xb611cdf40ae95ab6bd60f113f428df7a8112d2a9.sol,0.4.18,CheckReservePoint
0xb62869987bd2cb0bb51fc4438ca2de940ed37998.sol,0.5.17,MysticMolochSummoner
0xb62b89827b52946217eb4f1a11f5550610eb0863.sol,0.5.11,Reward
0xb631b4babb19429789e1e4fd15a405296fd15ce0.sol,0.4.26,Trader
0xb63bef397191b5677a2987b26a70fb3c76630e16.sol,0.4.17,MBCToken
0xb64a2aff94aae51b779b1f99d0377614e56bcb4b.sol,0.5.0,LendingPoolLiquidationManager
0xb65f0f632081285b600498cc43b58032d418b10a.sol,0.4.26,JORDAN
0xb669ce6d78c7fdb1648247583b86dcb3eb6ee747.sol,0.5.17,MinionSummoner
0xB6733d021B561f711F0490C7021500332d6D33B8.sol,0.4.24,GESC
0xb681c13a7c49b1af7793f43208526f19356ead77.sol,0.5.17,StrategySNXSUSD
0xb68b4bb27861dcdcad76e39323a4da62269586d4.sol,0.4.16,MyAdvancedToken
0xb68c88283b558cdc38c75c07bbc0d6921ef40fc7.sol,0.5.17,DharmaTradeReserveV2ImplementationStaging
0xb69b5d25d3bd86cb784eff51444c9ee61e6b1427.sol,,GBPOUNDSTABLECOIN
0xb6b82757620aae18d5b853682a6923390a1ad74c.sol,0.5.14,DaiSavingsEscrow
0xb6b84599203ac074ed637a50e67c97185c7bd167.sol,0.4.18,Token
0xb6c22a9a3a9fb34548b7021750c165583cfff9d6.sol,0.4.24,StudServiceV3
0xb6cd2fe50428dc273d3cb91e2af8ea7e1aff0467.sol,0.4.23,AMEXY
0xB6d64221451edBAc7736d4C3dA7fc827457dEc03.sol,0.5.4,BaseWallet
0xb6da0d9064a38faa054e9ecd44f09b4b41691f7b.sol,0.4.24,ZhengHeTOKEN
0xb6eb37095ae1a28aa320b9a9730f8cde8000f6d2.sol,0.5.0,MetricsFactory
0xb6F545E90a4c45891E9cb8f8834e9EE0c0A98a22.sol,0.4.23,MainToken
0xb724878358a65e4e8e44b9e55dc60aff61ed9cc9.sol,0.5.16,FreeSexToken
0xb727c4fbb1abb3f0325095cc3e40a0651e6a9b6d.sol,0.4.26,PlatformTerms
0xb72A4aF9052728B830c814A256600F9b0920DD95.sol,0.6.5,IdleTokenAdapter
0xb72b31907c1c95f3650b64b2469e08edacee5e8f.sol,0.5.17,BZRXVestingToken
0xB72F97612d9b62038015c1c4D38e987947573a9e.sol,0.4.23,TemplateCrowdsale
0xb73263a7291efcb5686f5ddea3d8e6cac9b3073e.sol,0.5.17,LexTokenLiteFactory
0xb73b1b9e32c5c16031ac6355accf81fa317dd906.sol,0.5.16,StrategyBalancerMTA
0xb7479f143f0a0923074b06800322a897f1ffcc0c.sol,0.5.0,LBXC2
0xb74c946f72e24e01c96005e031cf60a4ead0331a.sol,0.4.24,DEWToken
0xb7605bdbe8206f0817a5f1413413d4944a4f1ea1.sol,0.4.24,StandardToken
0xb76bccd7201a5015edf9dde4934d90cc13196e41.sol,0.6.2,TechCoachingToken
0xb797a6c7b4b894df4e1f0b2ccd1238266f222c50.sol,0.4.26,ERC20Standard
0xb79f22f23bf76ea745223ea3055a00a0d891a99c.sol,0.6.0,TheScorpionCoin
0xb7b9a9b0922545c877808a800ae0afdf41d1c3db.sol,0.4.16,TokenERC20
0xb7c2241907a41e3421fcc0689dd332ff551776e6.sol,0.5.0,yCurveExchange
0xb7c6a0270c7ea1306ad9971148c18caa06e47906.sol,0.6.0,StaticConnectMaker
0xB7cb190BeDA5B5c671d111194C27d553106Dc662.sol,0.5.17,ProxyActionsStorage
0xb7dbf31c4d65f16dd9ff452e290a9d7e67641e5e.sol,0.5.0,yTokenRebalance
0xb7e491f267dd8682291441281c31ef1c9f1b2740.sol,0.5.17,LexLocker
0xb7f280060d48269d8f29099c07a294bcbe79f662.sol,0.6.0,CryptoToken
0xb7f5176c702f30724a4ef661e27a293d0b3af50e.sol,0.4.26,BMW
0xb801d1d91ac6e85b17c80c04ac0c7e0e739fc853.sol,0.5.12,MindsyncFoundation
0xb81103247253228885196B770d7B01be9b4E2532.sol,0.4.24,IHC
0xb8119f5bb2f1c006a7c7ee01c3d8d4082b725ebe.sol,0.5.0,BidHistory
0xb81aef58db037fd03aab7ea2b11382c5503fda29.sol,0.4.24,ERC677BridgeToken
0xb81c6ac1385faac61a84337e916018c730b1b9af.sol,0.4.18,Dummy
0xb81d70802a816b5dacba06d708b5acf19dcd436d.sol,0.5.16,DexToken
0xB8228E83f1b451C27615e6FB60aaF1e94b5eFC5e.sol,0.4.17,LRToken
0xb8261f189635abda083aafca5124be33dd4e8b2e.sol,0.4.24,Airdrop
0xb8277874d0f49be2ec59099d3f01fe1316a6d8ac.sol,0.4.26,VotingCenter
0xb83353ddea4995c3c330cf1803fc1b9f07c0de88.sol,0.4.26,GiftOfCompoundRegistry
0xb836adc21c241b096a98dd677ed25a6e3efa8e94.sol,0.4.24,Aggregator
0xB83A5a51df21321b365c918832E7E8f5DE686f7E.sol,0.5.16,Masset
0xb83Cd8d39462B761bb0092437d38b37812dd80A2.sol,0.5.15,ERC20Token
0xb847dfb6fe8a7fc5fae967e98b6e0dc98123e36a.sol,0.5.12,DSSLeverage
0xB85958302EEbFF1309d1ADb031AE005849d57A92.sol,0.5.10,Market
0xb86437e80709015D05354C35e54b7c8b11A58687.sol,0.6.0,ConnectCHI
0xb86cb6a476530767a12fe0914f51cf7b437083fc.sol,0.5.17,GetTokenBalances
0xb8813d297ffff9ffa67b8fe91ac703caaa457bcf.sol,0.5.16,insurerVault
0xb88f7052721f375725ee985ee78792e22e38dd69.sol,0.4.26,TokenERC20
0xb895fa349864b0fddb71b7e8c2234bfdefafb51a.sol,0.5.13,Yangue
0xb89bfb667ed8c99918c7ec2fe11885f6ee76adcf.sol,0.5.2,BNS
