0x003312e3ebbe6b0f25f1c03c2695d83075d9a9b8.sol,0.5.16,StrategyBalancerMTA
0x008faf03038c810e478013d85659e25199a79e77.sol,0.4.26,Simple_Options_v3
0x00E07c2c78695418d84485EEE1eD293A3867D9c3.sol,0.6.0,InstaIndex
0x0100e29a8c08fbe5180ffa9190a5487f0f3f50f8.sol,0.4.19,WEBVUA
0x0189177944008c9ca0fdbde0cd1779aad54a2042.sol,0.5.16,StrategyBalancerMTA
0x04adfd46590db157a20d88e6d10b783617aadb7e.sol,0.5.17,PRESALE
0x074544d3ab4026f7b4f107a3f5f320fca9c5709f.sol,0.5.10,overflow
0x0Cc709CFE5B7818D3D374Fb86244ba5a1A1Daaa1.sol,0.6.6,HegicPutOptions
0x0daea70a07883ddc4a0d9ecf7bcf550f92e9cda6.sol,0.5.0,APRWithPoolOracle
0x12dace5707185d19325d16e3a7a651d3207c354f.sol,0.4.24,NKCL
0x1655f5e479341abe17a9e89a20c3c3594c8c02fe.sol,0.6.0,FumbiStable
0x185192235b703b9dfc6afb8e5d4005f170aad68c.sol,0.6.0,GasRetailContract
0x1c503f1544500c05da80cd326d97342f2b13a732.sol,0.6.0,InstaIndex
0x200c142d18892ce0589e2bd93617a524692ac5e3.sol,0.5.0,SubscriptionsMinter
0x21da3d4277cd39b835f83f37d870bac9137191e4.sol,0.4.20,BebPos
0x22fad18e5c1a8c483aca2132f6725c7da6cfb799.sol,0.6.10,iCollateralVaultProxy
0x233d362eca2887de19ad26b1356f1c871ae2f123.sol,0.5.10,SelloutDao
0x23ea10cc1e6ebdb499d24e45369a35f43627062f.sol,0.5.16,Acid
0x240a4d8a4447ac3e2a8bc77d4b5d5a30ee44a29c.sol,0.4.19,FusionChainTEST
0x24dd028bd027511482e701d08bae002cd6e82a5d.sol,0.6.10,yCollateralVaultProxy
0x24f4c0f4608095d9cd0ca595e175c6a74e665de5.sol,0.5.0,Pool
0x253c38deee7c24f97c1c01c868c69417eefdfbb2.sol,0.4.23,KolCoreTeam
0x2565ae0385659badcada1031db704442e1b69982.sol,0.5.9,AssembleToken
0x2600004fd1585f7270756ddc88ad9cfa10dd0428.sol,0.5.12,GemJoin5
0x274aac49b63f07bf6998964ad20020b18383a09d.sol,0.4.24,BancorFormula
0x277aee1ecba0034d24b9dfac5c866ff696fec087.sol,0.6.2,CommunityOracle
0x28d0e77f4576cb783a763efe1fd8106c3ca530ed.sol,0.6.0,Escrow
0x2971adfa57b20e5a416ae5a708a8655a9c74f723.sol,0.6.0,InstaIndex
0x29c8348a98206056a0ac08b681a5acdaa06c9084.sol,0.4.24,BGGToken
0x2D1A73512F107668C15BF0f1Ccc8dfb45f1a2cCE.sol,0.6.2,LockableDeposit
0x2e776B7BFb8E8307E476BA4B77B21D4532ed47d2.sol,0.5.0,TokenSwap
0x31bc11da5460e8ca665e5a881bee6fb4833a8e3d.sol,0.5.0,TribeProducts
0x33336DA3dBe1196134d56f62f5F352ef86807b76.sol,0.6.0,InstaIndex
0x335a09936b7c00f22af83a0990a44661aa64160b.sol,0.4.26,EightyTwentyPortfolio
0x34Ddc40E17BC8f0a159ba4fC297E55bd3f7c75aA.sol,0.6.6,HegicPutOptions
0x36bb9af8a3babaaecb45e6dcf068b092e6627e5a.sol,0.5.0,APRWithPoolOracle
0x373552F6d1eAAeaDF54dD3B4147275804F2fd34d.sol,0.5.2,Proxy
0x390c8b4e5c5ddac6f0e5cdbae596903041389223.sol,0.6.0,P2pSwap
0x3b293a7012d777184941c90d9af763513777a41e.sol,0.6.0,SirotTokenICO
0x3c53efc6bde2046ce4e6a928347db4c358d74c88.sol,0.5.11,CurveTradeHelperV3
0x40284109c3309a7c3439111bfd93bf5e0fbb706c.sol,0.5.9,MOTIVProtocol
0x4252af67bbd8e20cdeca7e96011ec338833d8213.sol,0.5.11,CurveTradeHelperV1
0x42dd9d44acb347bc628a364746d82dd27de40932.sol,0.5.17,TrueINR
0x4926865d7773504264f0c234851d159067ec7f12.sol,0.6.1,DappTokenMock
0x4BB7a9C1D9937CcC051FEabCF8e39e258e08f38D.sol,0.4.22,EDUBLOCTOKEN
0x4c0fc6c8acf92638184741ca17ec9e71d8ee6909.sol,0.4.24,NKCLM
0x4c84e5b48cbacad5dbfa28eebb75637b3707dee8.sol,0.4.19,COIN
0x4d03b8a8bce14ef9a9c6c3c2cad21d94e601f645.sol,0.5.17,StrategyVaultUSDC
0x5267dc888e8ee974d1998c7b688efe907013ed63.sol,0.4.25,Database
0x5799698Cde26dbD98C529c42A054B6c32b6df5A5.sol,0.4.24,Oracle
0x5c3662193fc74605dadddbd51061507e00d9e2d4.sol,0.5.17,PUBLICWHITELISTING
0x5e8f10d4480fe6e1e3b96d5b9eb9592e17052bb5.sol,0.4.20,BebPos
0x5ef30b9986345249bc32d8928b7ee64de9435e39.sol,0.5.12,DssCdpManager
0x609fee2c94076d2b44f0b1bdb9ebb33877355c5d.sol,0.5.17,LexGrow
0x62202691232bac5fbf101b6f88713f44fad939ae.sol,0.5.0,APRWithPoolOracle
0x648f7b06cc72b4b7a6d1400c0cae2fe7f483d7b9.sol,0.5.16,StrategyBalancerMTA
0x64fe692be4b42f4ac9d4617ab824e088350c11c2.sol,0.4.24,Oracle
0x6a6c2ada3ce053561c2fbc3ee211f23d9b8c520a.sol,0.4.24,TONToken
0x6b40089e6cba08696d9ae48f38e2b06faff81765.sol,0.4.26,SikobaToken
0x6c22e9391f99cddd9c6e116796b14ba5360c1e04.sol,0.6.0,InstaIndex
0x71d43ccc1e7510f84804749acf1c3fcb6fc415f3.sol,0.5.0,APRWithPoolOracle
0x75e51b336ab1ec57456e637aac3aea149fac5ea4.sol,0.5.0,CurveModule
0x780c98cbb0cc21d6617c05332bd5cf6f847c71c2.sol,0.5.11,Refunder
0x7959b6af1a482161f2fa841055e744892a518401.sol,0.5.0,APRWithPoolOracle
0x7b2d34f137877ba6226b39d9fbead484149e4dea.sol,0.4.24,UFragmentsPolicy
0x7f445f12543a06b52359f61f42a49d794f9f9886.sol,0.4.24,VortxImplementation
0x84d1b1b0d4cce17c7517e67f87c702099bd882b8.sol,0.5.0,CrowdSale
0x899c22a6b4c538e37612332f276481c016963d3d.sol,0.4.25,ETHConverter
0x8ce837d6e4da96a25c3b2cc4c27a5e6813dd95f2.sol,0.5.17,LexTokenLite
0x8d7f62f76adeaf5b3013bd0de09a11c7dc91f15c.sol,0.5.14,$RCLETermsOfService
0x8fc8aa0ac524b31ddf0f5ee6331fae02550ae266.sol,0.4.24,Oracle
0x91722E5F69c62aFa6C4fCcf5831556ACac0D0244.sol,0.5.0,CODE
0x96acffd82a9b1fbcd717be1565926307786709fa.sol,0.5.0,APRWithPoolOracle
0x9aefb238916877a30ba001b30be2c74c0b3b0e12.sol,0.5.0,APRWithPoolOracle
0x9D8B3FFcC7217aa872AB8fb1C4e06d3E8bAa7CD5.sol,0.6.12,AllowanceCrowdsale
0x9f0842a5b18578abe1f7a5ade0c1f915116254d7.sol,0.5.0,APRWithPoolOracle
0x9f16d6ee1b739b460a1ee57fbd25281693b5e677.sol,0.4.26,Simple_Options_v2
0xa191e578a6736167326d05c119ce0c90849e84b7.sol,0.5.12,GemJoin5
0xa3e89b7b9b0d587db6db486189e3a793d8e49adf.sol,0.5.0,DRO
0xa770bd94b3e3fca33a69e6897a35e158ef4939cf.sol,0.4.24,NKCLM
0xa81600350ad1b6118ffef24dbc68c9635af549af.sol,0.5.14,LXCHAT
0xac97262883f44bbefbcd5e077f0d538e2e6f1da2.sol,0.6.0,P2pSwap
0xaf448eda0c5fe6f80d53a5b89d300b2047322b11.sol,0.5.11,Crowdsale
0xb0f684031f3045a52ecd3aa0688c47e16e4d356b.sol,0.5.17,PRESALE
0xb49921b1c1f30647fe4ca2206aacd4c23e5ae2fb.sol,0.4.19,TokenCRC
0xb68c88283b558cdc38c75c07bbc0d6921ef40fc7.sol,0.5.17,DharmaTradeReserveV2ImplementationStaging
0xb6b82757620aae18d5b853682a6923390a1ad74c.sol,0.5.14,DaiSavingsEscrow
0xb7479f143f0a0923074b06800322a897f1ffcc0c.sol,0.5.0,LBXC2
0xb79f22f23bf76ea745223ea3055a00a0d891a99c.sol,0.6.0,TheScorpionCoin
